,autor,titulo,descripcion,url,fuente,fecha_publicacion
0,Carmen Pardo,"Telmo revela la amenaza de Rodrigo a Lucía: “No temo por mi vida, sino por la vuestra”",El joven le cuenta a Lucía la amenaza que recibió por parte de su prometido si no abandonaba Segovia cuando saliera de la cárcel. ,https://www.antena3.com/series/beguinas/telmo-revela-amenaza-rodrigo-lucia-temo-vida-sino-vuestra_20241213675b725b2c0dde00012d2afa.html,antena3,2024-12-12T23:31:39+00:00
1,lasextacom,Los coches sin distintivo medioambiental empadronados en Madrid podrán seguir circulando hasta 2026,El Ayuntamiento de Madrid rectifica su nueva normativa contra los vehículos contaminantes y anuncia tres excepciones que les permitirá circular por las calles de la capital hasta 2026. ,https://www.lasexta.com/noticias/sociedad/coches-distintivo-medioambiental-empadronados-madrid-podran-seguir-circulando-2026_20241212675b605b2c0dde00012d1f2e.html,lasextanoticias,2024-12-12T22:14:51+00:00
2,"María, Sanz",Las evidencias que señalan a Luigi Mangione como presunto asesino del CEO de United Healthcare,¿Cuáles son?: La Policía de Nueva York ha explicado que las balas encontradas en la escena del crimen concuerdan con el arma que se le encontró durante la detención. También casan las huellas encontradas en una botella.,https://www.lasexta.com/noticias/internacional/evidencias-que-senalan-luigi-mangione-como-presunto-asesino-ceo-united-healthcare_20241212675b60412c0dde00012d1f03.html,lasextanoticias,2024-12-12T22:14:24+00:00
3,lasextacom,Un equipo de la CNN encuentra a un prisionero que llevaba tres meses sin ver la luz en una de las cárceles de Al Assad,"Como se puede ver en el vídeo que acompaña esta noticia, el hombre está sediento, asustado y aturdido. No sabe lo que está pasando. Cuando le comunican que ""Siria es libre"" tras la caída del régimen de Al Assad, rompe a llorar.",https://www.lasexta.com/noticias/internacional/equipo-cnn-encuentra-prisionero-que-llevaba-tres-meses-ver-luz-carceles-assad_20241212675b580e6495a1000156d53d.html,lasextanoticias,2024-12-12T21:39:26+00:00
4,lasextacom,La Guardia Civil pide colaboración ciudadana para averiguar quién ha dejado el cadáver de un bebé en Loeches (Madrid),El contexto: La madrugada de este jueves empleados de la planta de reciclaje de Loeches encontraban los restos mortales de un neonato de unas dos semanas de vida. Según el primer exámen forense el bebé podría presentar signos de asfixia.,https://www.lasexta.com/noticias/sociedad/guardia-civil-pide-colaboracion-ciudadana-averiguar-quien-dejado-cadaver-bebe-loeches-madrid_20241212675b57656495a1000156d4b8.html,lasextanoticias,2024-12-12T21:36:37+00:00
5,Roberto Fernández Ferreira,"Karlos Arguiñano desvela cómo empezó a cocinar: ""Desde muy joven ha sido algo natural""",El cocinero ha echado la vista atrás y ha contado el motivo por el que comenzó a adentrarse en la cocina con tan solo ocho años.,https://www.antena3.com/programas/el-hormiguero/entrevista/karlos-arguinano-desvela-como-empezo-cocinar-muy-joven-sido-algo-natural_20241212675b56a16495a1000156d3b7.html,antena3,2024-12-12T21:33:21+00:00
6,lasexta-deportes,"Un expiloto pidió perdón a Márquez por los abucheos en Mugello: ""Son inaceptables""","Danilo Petrucci recuerda los silbidos que recibió Marc en Mugello 2019, cuando él se llevó la victoria: ""Fue algo realmente malo"".",https://www.lasexta.com/noticias/deportes/motor/expiloto-pidio-perdon-marquez-abucheos-mugello-son-inaceptables_20241212675b52db6495a1000156d044.html,lasextanoticias,2024-12-12T21:17:15+00:00
7,"Javier, Márquez",Trump y su escepticismo por la salud pública no conoce límites: plantea acabar con el programa de vacunación infantil en EEUU,"Trump contra las vacunas: Su escepticismo por la salud pública no conoce límites y ha nombrado a un fiel escudero para pertrecharlo. Robert Kennedy Jr., su próximo secretario de salud ya tiene tarea: en una entrevista para la revista 'Time', Trump ha aireado su agenda antivacunas.",https://www.lasexta.com/noticias/internacional/trump-escepticismo-salud-publica-conoce-limites-plantea-acabar-programa-vacunacion-infantil-eeuu_20241212675b49c8c2280e000100807d.html,lasextanoticias,2024-12-12T20:38:32+00:00
8,efe | lasextacom,El nuevo Gobierno sirio disuelve el Parlamento y suspende la Constitución mientras dure la Transición,"Esta medida se adopta tan solo cuatro días después de que los rebeldes derrocasen al régimen de Al Asad. Mientras, las tensiones entre facciones siguen escalando al norte del país.",https://www.lasexta.com/noticias/internacional/nuevo-gobierno-sirio-suspende-parlamento-constitucion-mientras-dure-transicion_20241212675b46196495a1000156c1e5.html,lasextanoticias,2024-12-12T20:22:49+00:00
9,lasextacom,laSexta entra en Damasco: vemos la capital siria en primera persona tras la caída del régimen de Al Assad,"El contexto: La guerra en Siria ha concluido después de 13 años con la llegada de los rebeldes a la capital y la huida de Al Assad, lo que ha transformado la capital siria.",https://www.lasexta.com/noticias/internacional/lasexta-entra-damasco-vemos-capital-siria-primera-persona-caida-regimen-assad_20241212675b45aac2280e0001007baa.html,lasextanoticias,2024-12-12T20:20:58+00:00
10,Roberto Fernández Ferreira,Así fue la entrevista completa a Adriana Ugarte tras desenmascararse como Cobra en la Gran Final de Mask Singer,La actriz demostró tener un talento vocal increíble y estuvo a punto de hacerse con la máscara dorada.,https://www.antena3.com/programas/mask-singer/asi-fue-entrevista-completa-adriana-ugarte-desenmascararse-cobra-gran-final_20241212675b431ac2280e00010078a2.html,antena3,2024-12-12T20:10:02+00:00
11,lasextacom,Puente denuncia que el PP ha cancelado una cena de presidentes autonómicos porque iba a asistir Sánchez,"El contexto: El ministro de Transportes ha acusado al PP de suspender la cena en Santander. Por su parte, desde el partido popular aseguran de laSexta que hay un picoteo previo a esa conferencia pero que solo va a ser entre los suyos, entre los del PP.",https://www.lasexta.com/noticias/nacional/puente-denuncia-que-cancelado-cena-presidentes-autonomicos-porque-iba-asistir-sanchez_20241212675b42c62c0dde00012cffe6.html,lasextanoticias,2024-12-12T20:08:38+00:00
12,Alberto Mendo,Manu deja a Rosa en vilo: pone máximo suspense a El Rosco con su última respuesta,"El concursante no ha querido desvelar el misterio, pese a estar obligado a arriesgar, hasta que su rival se ha plantado con 22 aciertos.",https://www.antena3.com/programas/pasapalabra/rosco/manu-deja-rosa-vilo-pone-maximo-suspense-ultima-respuesta_20241212675b41fa6495a1000156bcb1.html,antena3,2024-12-12T20:05:14+00:00
13,lasexta-deportes,"Pedro Acosta marca los circuitos en los que tendrá opciones de ganar en 2025: ""En rojo pondría Jerez...""",El piloto de KTM cree que el año que viene puede tener varias importantes opciones de victoria. Jerez es una de ellas.,https://www.lasexta.com/noticias/deportes/motor/formula1/pedro-acosta-marca-circuitos-que-tendra-opciones-ganar-2025-rojo-pondria-jerez_20241212675b4188c2280e00010076db.html,lasextanoticias,2024-12-12T20:03:20+00:00
14,lasextacom | agencias,Cultura devuelve a la fundación Giner de los Ríos un retrato de él cuando era niño que fue expoliado por el franquismo,"¿Por qué es importante?: El ministro de Cultura Ernest Urtasun ha devuelto a la fundación Giner de los Ríos un retrato del notable filósofo español que fue incautado por el franquismo y encontrado años después ""en precarias condiciones"" en un armario de la Biblioteca Nacional. ""Vuelve a casa"", ha manifestado. ",https://www.lasexta.com/noticias/cultura/cultura-devuelve-fundacion-giner-rios-retrato-cuando-era-nino-que-fue-expoliado-franquismo_20241212675b41712c0dde00012cfe75.html,lasextanoticias,2024-12-12T20:02:57+00:00
15,lasextacom,Franco 'vive' en las redes y triunfa entre los jóvenes: la ultraderecha blanquea con bulos una dictadura sangrienta,"¿Por qué es importante?: Su herramienta son las redes. Su objetivo, blanquear el franquismo. Banalizan la figura de Franco y muestran una imagen divertida y cercana del dictador. Nada que ver con la realidad. ",https://www.lasexta.com/noticias/sociedad/franco-vive-redes-triunfa-jovenes-ultraderecha-blanquea-bulos-dictadura-sangrienta_20241212675b40b4c2280e000100759c.html,lasextanoticias,2024-12-12T19:59:48+00:00
16,Alberto Mendo,¿Frozen o Vaiana? El motivo que hace decantarse a Rosa: “La he visto unas 83 veces”,"La concursante ha tenido que elegir entre estas dos películas de Disney para jugar su panel del ¿Dónde Están?, intentando que su decisión no la dejara… helada.",https://www.antena3.com/programas/pasapalabra/mejores-momentos/frozen-vaiana-motivo-que-hace-decantarse-rosa-visto-83-veces_20241212675b3c1e2c0dde00012cf818.html,antena3,2024-12-12T19:40:14+00:00
17,marta-arraez | alfonso-perez-medina,Ábalos y su palabra frente a los indicios en su contra: los informes de la UCO dejan serias dudas sobre su desconocimiento total,"La estrategia de Ábalos El exministro ha intentado exculparse de cualquier vinculación con la supuesta trama corrupta liderada por Koldo García y Víctor de Aldama. Alega un desconocimiento total de todo, pero los informes de la Guardia Civil dejan serias dudas sobre ese argumento.",https://www.lasexta.com/noticias/nacional/abalos-palabra-frente-indicios-informes-uco-dejan-serias-dudas-desconocimiento-total_20241212675b3a07c2280e0001006e05.html,lasextanoticias,2024-12-12T19:31:19+00:00
18,lasextacom,Jueces conservadores comparan a Sánchez con Trump por insinuar una connivencia del PP con algunos magistrados,"¿Por qué es importante?: Algunas asociaciones de jueces han mostrado su disconformidad con las palabras de Pedro Sánchez sobre que el PP juega con las ""cartas marcadas"".",https://www.lasexta.com/noticias/nacional/jueces-conservadores-comparan-sanchez-trump-insinuar-connivencia-algunos-magistrados_20241212675b39652c0dde00012cf504.html,lasextanoticias,2024-12-12T19:28:37+00:00
19,Alberto Mendo,"La queja de Nerea Barros a Roberto Leal: “Cariño, es que nos habéis dado una pista de m…”",La actriz se ha visto totalmente perdida en La Pista al descubrir que la canción era en español cuando el primer fragmento le sonaba a Queen.,https://www.antena3.com/programas/pasapalabra/mejores-momentos/queja-nerea-barros-roberto-leal-carino-que-nos-habeis-dado-pista_20241212675b389ac2280e0001006caa.html,antena3,2024-12-12T19:25:14+00:00
20,"Carlos, Martín","Oposiciones para trabajar en la Seguridad Social: requisitos, fechas y exámenes",El proceso de selección se regirá por medio de oposición y curso selectivo. El plazo para presentar las solicitudes comienza el 13 de diciembre y finaliza el 14 de enero de 2025. Se requiere titulación universitaria. ,https://www.lasexta.com/noticias/sociedad/oposiciones-trabajar-seguridad-social-requisitos-fechas-examenes_20241212675b35a62c0dde00012cf0d1.html,lasextanoticias,2024-12-12T19:12:38+00:00
21,Alberto Mendo,"Manu y Rosa, aliviados por el “respirito” que les da su último empate en El Rosco",Los dos concursantes han arrancado este programa de Pasapalabra sin la inquietud de tener que superar la Silla Azul.,https://www.antena3.com/programas/pasapalabra/mejores-momentos/manu-rosa-aliviados-respirito-ultimo-empate-rosco_20241212675b35172c0dde00012cf02a.html,antena3,2024-12-12T19:10:15+00:00
22,Sara Sanz,Imágenes inéditas del 'boicot' de Minerva Piquero a Sancho Gracia,"La pionera en dedicarse a la meteorología en Antena 3 visita el plató para recordar sus inicios y grandes logros, así como los obstáculos que se ha encontrado hasta llegar donde está hoy. Además, en Y ahora Sonsoles, rescatamos unas imágenes que nunca llegaron a emitirse. ¡No te lo pierdas!",https://www.antena3.com/programas/y-ahora-sonsoles/imagenes-ineditas-boicot-minerva-piquero-sancho-gracia_20241212675b3430c2280e00010067f4.html,antena3,2024-12-12T19:07:02+00:00
23,lasexta-deportes,Alpine quiere hacer las paces con Ocon... después de apartarle antes de tiempo,El equipo galo quiere que su ya expiloto acuda a la fábrica de Enstone para despedirse de todos los que han sido sus compañeros durante años.,https://www.lasexta.com/noticias/deportes/motor/formula1/alpine-quiere-hacer-paces-ocon-despues-apartarle-antes-tiempo_20241212675b34266495a1000156acd1.html,lasextanoticias,2024-12-12T19:06:14+00:00
24,Sara Sanz,"El marido de la casera de Antonio Canales, harto del bailaor: ""Encima de no pagar, se ríe""","Después de que Canales haya denunciado a su casera por coacciones, el marido de esta responde, harto de los contraataques del bailaor.",https://www.antena3.com/programas/y-ahora-sonsoles/marido-casera-antonio-canales-harto-bailaor-encima-pagar-rie_20241212675b314d6495a1000156a9b3.html,antena3,2024-12-12T18:54:05+00:00
25,Sara Sanz,"La guerra entre la viuda de Manolo Santana y su exmujer: ""Se vivieron agresiones""","José Ramón Llompart, antiguo director del club de tenis de Marbella, aseguró que Claudia, la viuda de Manolo Santana le aisló por completo de su entorno para aprovecharse de él. Hoy nos cuenta cómo ejercía su influencia sobre Santana durante sus últimos días de vida y la guerra que tenía con su exmujer.",https://www.antena3.com/programas/y-ahora-sonsoles/guerra-viuda-manolo-santana-exmujer-vivieron-agresiones_20241212675b2ee1c2280e0001006205.html,antena3,2024-12-12T18:44:08+00:00
26,alfonso-perez-medina,Anticorrupción sospecha que hay un acuerdo entre Ábalos y Koldo para que el exasesor asuma las responsabilidades en el caso,¿Por qué es importante? Anticorrupción cree que ahora hay que pedir el suplicatorio para ahondar en la investigación patrimonial de Ábalos una vez que consideran que están probados en el sumario los pagos de Aldama a Koldo.,https://www.lasexta.com/noticias/nacional/anticorrupcion-sospecha-que-hay-acuerdo-abalos-koldo-que-exasesor-asuma-responsabilidades-caso_20241212675b2c1f6495a1000156a2be.html,lasextanoticias,2024-12-12T18:31:59+00:00
27,lasextacom | agencias,"PP y Junts se alían de nuevo para librar a los bares de donar excedentes de comida, con los votos del PSOE y Sumar en contra","El contexto: Después de que las formaciones llegaran a un acuerdo el lunes para suprimir el impuesto sobre el valor de la producción eléctrica, este miércoles por la noche volvieron a juntar sus firmas en una enmienda.",https://www.lasexta.com/noticias/nacional/junts-alian-nuevo-librar-bares-donar-excedentes-comida-votos-psoe-sumar_20241212675b2ad3c2280e0001005d0a.html,lasextanoticias,2024-12-12T18:26:27+00:00
28,Sara Sanz,"María José Suárez se pronuncia sobre su vida amorosa: ""No tengo ilusión de enamorarme, quiero empezar 2025 soltera""","Tras los rumores de una posible relación entre ambos, la modelo aclara qué tipo de amistad mantiene con el futbolista. ¿Ha hablado con él tras la portada? ¿Tiene a otra persona en mente?",https://www.antena3.com/programas/y-ahora-sonsoles/maria-jose-suarez-pronuncia-vida-amorosa-tengo-ilusion-enamorarme-quiero-empezar-2025-soltera_20241212675b29fc2c0dde00012ce316.html,antena3,2024-12-12T18:22:52+00:00
29,lasextacom,"La defensa de Nacho Cano carga contra la becaria que le denunció: ""Continúa el afán de crear confusión y cortinas de humo""","¿Por qué es importante?: Los letrados de Nacho Cano han negado que hubiera un despido y mucho menos improcedente ni relacionado con esa minusvalía, que era conocida por el equipo.",https://www.lasexta.com/noticias/nacional/defensa-nacho-cano-carga-becaria-que-denuncio-continua-afan-crear-confusion-cortinas-humo_20241212675b27186495a10001569c76.html,lasextanoticias,2024-12-12T18:10:32+00:00
30,Sara Sanz,"El padre de Ana Buza venga la muerte de su hija al mandar a su novio a juicio: ""Estoy seguro de que la atropelló""","Desde hace 5 años, un padre asegura que su hija Ana Buza no se suicidó. Antonio cree que su novio la atropelló y la mató y por fin ha conseguido que lo sienten en el banquillo.",https://www.antena3.com/programas/y-ahora-sonsoles/padre-ana-buza-venga-muerte-hija-mandando-novio-banquillo-estoy-seguro-que-atropello_20241212675b26bc2c0dde00012cdec9.html,antena3,2024-12-12T18:10:02+00:00
31,Roberto Fernández Ferreira,"Así fue la entrevista completa a Manuel Díaz, El Cordobés, tras su desenmascarmiento en Mask Singer","El diestro acarició con la yema de los dedos la máscara dorada, pero se terminó quedando a las puertas de ganar esta edición.",https://www.antena3.com/programas/mask-singer/asi-fue-entrevista-completa-manuel-diaz-cordobes-desenmascarmiento_20241212675b266e6495a10001569b9f.html,antena3,2024-12-12T18:07:42+00:00
32,alfonso-perez-medina,"La UCO sostiene que Piqué fue ""parte activa"" en el contrato de la RFEF de Rubiales con Arabia Saudí para la Supercopa","El contexto: Según el informe de la UCO al que ha tenido acceso laSexta, los investigadores atribuyen al exjugador un papel más relevante del que se creía en la adjudicación del contrato de la Supercopa de España.",https://www.lasexta.com/noticias/deportes/futbol/uco-sostiene-que-pique-fue-parte-activa-contrato-rfef-rubiales-arabia-saudi-supercopa_20241212675b20bb2c0dde00012cd814.html,lasextanoticias,2024-12-12T17:43:23+00:00
33,lasexta-deportes,"Fernando Alonso explota contra el uso que hace la F1 de sus radios: ""Venden que soy el gruñón""","El piloto asturiano dice que la FOM, que maneja la realización de las carreras, intenta colocarle como el ""gruñón"" de la parrilla: ""No lo van a conseguir"".",https://www.lasexta.com/noticias/deportes/motor/formula1/fernando-alonso-explota-uso-que-hace-sus-radios-venden-que-soy-grunon_20241212675b20246495a10001569432.html,lasextanoticias,2024-12-12T17:40:52+00:00
34,jugones,"La emoción de Jesús Navas antes de su último partido en el Pizjuán: ""Orgulloso de haber hecho feliz a tanta gente""","Jesús Navas se despide este fin de semana de la afición del Sevilla. Leandro Iglesias, de 'Jugones', ha estado con él antes de ese emotivo momento.",https://www.lasexta.com/noticias/deportes/futbol/emocion-jesus-navas-antes-ultimo-partido-pizjuan-orgulloso-haber-hecho-feliz-tanta-gente_20241212675b1c526495a10001568fe2.html,lasextanoticias,2024-12-12T17:24:34+00:00
35,Roberto Fernández Ferreira,Así fue la entrevista completa a Abraham Mateo después de ganar Mask Singer,El artista consiguió hacerse con la máscara de oro escondiéndose bajo Mosca y firmando unas actuaciones espectaculares.,https://www.antena3.com/programas/mask-singer/asi-fue-entrevista-completa-abraham-mateo-despues-ganar_20241212675b1be66495a10001568f75.html,antena3,2024-12-12T17:22:46+00:00
36,agencias | lasextacom,"La revista 'Time' elige a Donald Trump como ""persona del año"" por segunda vez","¿Por qué es importante?: El editor jefe de 'Time' ha asegurado que ""desde que comenzó a postularse para presidente en 2015, quizás nadie haya desempeñado un papel más importante en el cambio del curso de la política y la historia que Trump"".",https://www.lasexta.com/noticias/internacional/revista-time-elige-donald-trump-como-persona-ano-segunda-vez_20241212675b1baf2c0dde00012cd1c2.html,lasextanoticias,2024-12-12T17:21:51+00:00
37,Sara Sanz,"María José Suárez y Regina Do Santos denuncian los abusos de la industria del espectáculo: ""Te ofrecen programas y se insinúan""","Las mujeres confiesan haber sido acosadas y, en el caso de Regina, abusada físicamente por hombres importantes de la industria del espectáculo. Además, asegura que entre ellos existe una lista negra en la que estos apuntaban los nombres de las artistas que no satisfacían sus deseos sexuales.",https://www.antena3.com/programas/y-ahora-sonsoles/maria-jose-suarez-regina-santos-denuncian-abusos-industria-espectaculo-ofrecen-programas-insinuan_20241212675b186b2c0dde00012ccdb5.html,antena3,2024-12-12T17:07:55+00:00
38,lasextacom,"Una niña de 11 años, la única superviviente en el naufragio de una embarcación de migrantes frente a Lampedusa","Contexto: Yasmine y su hermano, ambos de Sierra Leona, partieron el pasado 8 de diciembre desde las costas de Túnez en una embarcación de migrantes que volcó debido al temporal. Según la ONG que ha rescatado a la pequeña, en ella viajaban otras 45 personas que se encuentran en paradero desconocido.",https://www.lasexta.com/noticias/internacional/nina-11-anos-unica-superviviente-naufragio-embarcacion-migrantes-procedente-sierra-leona_20241212675b180b2c0dde00012ccd2a.html,lasextanoticias,2024-12-12T17:06:19+00:00
39,"Carlos, Martín",Metro de Madrid instalará puertas en los andenes de la Línea 6 en 2025,"¿Qué se busca? Con esta medida, la Comunidad de Madrid pretende convertir la red de transportes en un lugar más seguro. Estas mejoras se engloban dentro del plan de renovación integral de la 'Línea Circular'.",https://www.lasexta.com/noticias/sociedad/metro-madrid-instalara-puertas-andenes-linea-6-2025_20241212675b13db2c0dde00012cc7ac.html,lasextanoticias,2024-12-12T16:48:27+00:00
40,lasextacom,"La reacción de la alcaldesa de Chiva tras recibir una moción de censura y perder la alcaldía: ""Agarra un cagallón y estira""","¿Por qué es importante?: Chiva se convierte en la segunda localidad, tras Requena, que cambia de alcalde tras la DANA. Ahora, el nuevo alcalde es el socialista Ernesto Navarro.",https://www.lasexta.com/noticias/nacional/reaccion-alcaldesa-chiva-recibir-mocion-censura-perder-alcaldia-agarra-cagallon-estira_20241212675b12c92c0dde00012cc66d.html,lasextanoticias,2024-12-12T16:43:53+00:00
41,Sara Sanz,"Abraham Mateo desvela cuál fue su estrategia para ganar Mask Singer: ""Confieso que me lo tomé en serio""","El cantante se ha alzado como el ganador de la cuarta temporada de Mask Singer, manteniendo su identidad a salvo hasta el final. En Y ahora Sonsoles nos cuenta todos los secretos de la edición y cómo ha conseguido que no lo descubran.",https://www.antena3.com/programas/y-ahora-sonsoles/abraham-mateo-desvela-cual-fue-estrategia-ganar-mask-singer-confieso-que-tome-serio_20241212675b104f6495a10001568136.html,antena3,2024-12-12T16:35:48+00:00
42,lasextacom,Biden rebaja las penas de casi 1.500 condenados y perdonar a 39 presos por delitos no violentos,"El contexto: El anuncio se produce dos semanas después de que Biden concediera el indulto a su hijo Hunter, quien había sido condenado por posesión de armas y evasión de impuestos. ",https://www.lasexta.com/noticias/internacional/biden-rebaja-penas-casi-1500-condenados-perdonar-39-presos-delitos-violentos_20241212675b0ed02c0dde00012cc155.html,lasextanoticias,2024-12-12T16:26:56+00:00
43,Sara Sanz,"Manuel y Andy, víctimas de una brutal agresión homófoba: ""Salimos con miedo porque siguen en la calle""","Cuatro individuos le dieron una brutal paliza a Andy y a su pareja Andy entre insultos homófobos. Aunque lo denunciaron en cuanto ocurrió, los agresores siguen en libertad. ",https://www.antena3.com/programas/y-ahora-sonsoles/manuel-andy-victimas-brutal-agresion-homofoba-salimos-miedo-porque-siguen-calle_20241212675b0db92c0dde00012cbfdd.html,antena3,2024-12-12T16:22:17+00:00
44,jugones,El aterrador momento en el que un oso embiste a un snowboarder,Un snowboarder descendía una montaña cuando un oso se abalanzó sobre él. Ha ocurrido en California.,https://www.lasexta.com/noticias/deportes/otros-deportes/aterrador-momento-que-oso-embiste-snowboarder_20241212675b0cf66495a10001567d0b.html,lasextanoticias,2024-12-12T16:19:02+00:00
45,lasextacom,"La batalla política madrileña, en diferido: Ayuso ignora a un López que la confronta desde fuera de la Asamblea","El contexto: Ayuso y Oscar López no pueden debatir en la Asamblea así que el nuevo secretario general del PSOE de Madrid busca salir a movilizar a los militantes. Por su parte, Ayuso sigue empeñada en hacer oposición a Pedro Sánchez.",https://www.lasexta.com/noticias/nacional/batalla-politica-madrilena-diferido-ayuso-ignora-lopez-que-confronta-fuera-asamblea_20241212675b0a032c0dde00012cbb92.html,lasextanoticias,2024-12-12T16:06:27+00:00
46,Julia Zapata,Avance del próximo capítulo de Sueños de libertad: Don Pedro le contará a Mateo que se está enamorando de Digna,El marido de Claudia se queda sin palabras al descubrir que su padre ha besado a otra mujer que no es su madre. ,https://www.antena3.com/series/suenos-de-libertad/capitulos/avance-proximo-capitulo-don-pedro-contara-mateo-que-esta-enamorando-digna_20241212675b09bdc2280e000100369f.html,antena3,2024-12-12T16:05:17+00:00
47,Julia Zapata,Capítulo 203 de Sueños de libertad; 12 de diciembre: María consigue separar definitivamente a Andrés y Begoña,Begoña está muy decepcionada con Andrés tras descubrir que se ha acostado con María.,https://www.antena3.com/series/suenos-de-libertad/203-12-diciembre-maria-consigue-separar-definitivamente-andres-begona_20241212675adc45c98fe80001849f27.html,antena3,2024-12-12T16:00:16+00:00
48,Roberto Fernández Ferreira,Estas han sido las espectaculares actuaciones de Abraham Mateo para ganar Mask Singer bajo Mosca,El artista ha conseguido ocultar su verdadera identidad hasta el final y hacerse con la máscara dorada gracias a sus mágicas actuaciones.,https://www.antena3.com/programas/mask-singer/espectaculares-actuaciones-abraham-mateo-ganar-mosca_20241212675b06c26495a10001567674.html,antena3,2024-12-12T15:52:49+00:00
49,Ana Bermejo Lillo,"Fina le pide a Marta volver a la casa: ""Quiero encontrar allí la felicidad que perdimos""",La joven se va reponiendo poco a poco de los traumáticos sucesos vividos en prisión y cree que salir de su habitación de la colonia e irse con Marta le vendrá bien. ,https://www.antena3.com/series/suenos-de-libertad/fina-pide-marta-volver-casa-quiero-encontrar-alli-felicidad-que-perdimos_20241212675b06366495a1000156756d.html,antena3,2024-12-12T15:50:14+00:00
50,lasextacom,La denuncia de los trabajadores sobre las cenas de Navidad: tan solo un 15% las pagan las empresas,"Las cenas de empresa ya no son lo que eran. Los trabajadores se quejan de que estos eventos tienen precio de oro y que ya no los paga la empresa, sino que el dinero sale de su propio bolsillo.",https://www.lasexta.com/noticias/sociedad/denuncia-trabajadores-cenas-navidad-tan-solo-15-pagan-empresas_20241212675b05006495a10001567454.html,lasextanoticias,2024-12-12T15:45:04+00:00
51,alfonso-perez-medina,Koldo asegura a laSexta que Ábalos dice la verdad y que le encargó gestionar el contrato de las mascarillas y el piso de Jéssica,"El contexto: Este jueves en su declaración ante el Supremo Ábalos ha puesto el foco sobre su exasesor Koldo García como el nexo con Aldama en el Ministerio. Horas más tarde, Koldo ha asegurado que tanto Ábalos como él están ""diciendo la verdad"".",https://www.lasexta.com/noticias/nacional/koldo-asegura-lasexta-que-abalos-dice-verdad-que-encargo-gestionar-contrato-mascarillas-piso-jessica_20241212675b04972c0dde00012cb618.html,lasextanoticias,2024-12-12T15:43:19+00:00
52,"borja-g-collado | Javier, Márquez","El peligro de Grok, la inteligencia artificial de Elon Musk: imágenes hiperrealistas y violentas a un click","Contexto: 'X' la red social de Elon Musk ha incorporado una herramienta capaz de crear imágenes hiperrealistas, generadas a partir de inteligencia artificial. Al no tener censura, la plataforma se ha llenado de contenido racista, machista y xenófobo.  ",https://www.lasexta.com/noticias/sociedad/peligro-grok-inteligencia-artificial-elon-musk-imagenes-hiperrealistas-violentas-click_20241212675b040d2c0dde00012cb539.html,lasextanoticias,2024-12-12T15:41:01+00:00
53,Ana Bermejo Lillo,"Don Pedro no puede controlarse y besa a Digna: ""Esto es inevitable""","A pesar de que ambos sepan que no es del todo correcto que tengan una relación, ya que don Pedro está casado, él se ha dejado llevar y ha besado a la matriarca.",https://www.antena3.com/series/suenos-de-libertad/don-pedro-puede-controlarse-besa-digna-esto-inevitable_20241212675b03de6495a100015672d2.html,antena3,2024-12-12T15:40:14+00:00
54,lasextacom,La nueva realidad de las mujeres sirias: las niñas deben cubrirse completamente para ir a la escuela,"El contexto: El nuevo gobierno ha incluido a antiguos miembros del régimen de Assad y a figuras clave de HTS. Esta transición se presenta como una oportunidad para la reconstrucción del país, pero también genera serias preocupaciones sobre el futuro de los derechos de las mujeres en Siria.",https://www.lasexta.com/noticias/internacional/nueva-realidad-mujeres-sirias-ninas-deben-cubrirse-escuela_20241212675b03146495a10001567202.html,lasextanoticias,2024-12-12T15:36:52+00:00
55,veronica-palomares,La Policía desmantela una red de criminal que ha estafado más de 3 millones de euros en fraudes telefónicos,"El contexto: La Policía ha detenido un total de 83 personas, entre España y Perú, acusados de haber estafado más de tres millones de euros a más de 10.000 víctimas.",https://www.lasexta.com/noticias/sociedad/policia-desmantela-red-criminal-que-estafado-mas-3-millones-euros-fraudes-telefonicos_20241212675b025d2c0dde00012cb3d3.html,lasextanoticias,2024-12-12T15:33:49+00:00
56,Ana Bermejo Lillo,"María pone en un compromiso a Gema para que la defienda ante Andrés: ""¡Que sea la última vez que me metes en un lío!""",Gema se ha enfadado mucho con su amiga ya que la ha utilizado para defenderse frente a Andrés.,https://www.antena3.com/series/suenos-de-libertad/maria-pone-compromiso-gema-que-defienda-andres-que-sea-ultima-vez-que-metes-lio_20241212675b0186c2280e0001002db3.html,antena3,2024-12-12T15:30:14+00:00
57,Ana Bermejo Lillo,"Begoña le pide explicaciones a Andrés por haberse acostado con María: ""Despechado, te has desquitado con ella""","Montes le sonsaca la verdad a Andrés, y se resiente con él al confirmar que sus sospechas son verdad. ¡Las cosas están peor que nunca!",https://www.antena3.com/series/suenos-de-libertad/begona-pide-explicaciones-andres-haberse-acostado-maria-despechado-has-desquitado-ella_20241212675aff2ec2280e0001002b41.html,antena3,2024-12-12T15:20:14+00:00
58,"Pablo, Muñoz",Así huyó Al Assad a Rusia tras la caída de su régimen en Siria: se negó a renunciar y ordenó disolver el ejército antes de escapar,"Historia de una huida: Al Assad, viendo a los rebeldes avanzar hacia Damasco, pidió a Rusia crear un miniestado cerca de sus bases. Moscú se negó, y no tuvo más opción que huir.",https://www.lasexta.com/noticias/internacional/asi-huyo-assad-rusia-caida-regimen-siria-nego-renunciar-ordeno-disolver-ejercito-antes-escapar_20241212675af8b7a4258200013888ad.html,lasextanoticias,2024-12-12T14:52:39+00:00
59,jugones,"Juncadella, nuevo piloto simulador de Aston Martin: ""Si encuentras dos o tres décimas...""","Será las manos de Fernando Alonso en el simulador de Aston Martin: ""Quiero ayudar a que el proyecto sea un éxito"".",https://www.lasexta.com/noticias/deportes/motor/formula1/juncadella-nuevo-piloto-simulador-aston-martin-encuentras-dos-tres-decimas_20241212675af75da425820001388711.html,lasextanoticias,2024-12-12T14:46:53+00:00
60,lasextacom,El juez reactiva la causa contra Íñigo Errejón y le llama a declarar el próximo 16 enero,"El contexto: El caso se había archivado provisionalmente por la ""incapacidad temporal"" de la abogada de la actriz Elisa Mouliáa.",https://www.lasexta.com/noticias/nacional/juez-reactiva-causa-inigo-errejon-llama-declarar-proximo-16-enero_20241212675af017c98fe8000184be9c.html,lasextanoticias,2024-12-12T14:15:51+00:00
61,"María, Mateo","""En 10 años hemos discutido una sola vez"": el secreto de un matrimonio exitoso","En un mundo donde la convivencia suele ser sinónimo de matrimonio, Elena y Luis desafían las normas. Casados desde 2019, llevan diez años juntos, pero cada uno vive en su propia casa. ¿El resultado? Un matrimonio feliz, sin grandes discusiones, y con un vínculo que no para de fortalecerse.",https://www.antena3.com/programas/espejo-publico/noticias/10-anos-hemos-discutido-sola-vez-secreto-matrimonio-exitoso_20241212675ae7faa425820001387208.html,antena3,2024-12-12T13:41:14+00:00
62,alfonso-perez-medina | maria-del-mar-gonzalez,"Ábalos niega todas las acusaciones y descarga la responsabilidad en Koldo García: ""He dado aclaraciones suficientes""","¿Qué ha declarado?: Según fuentes jurídicas, el exministro ha negado ante el Supremo el cobro de las comisiones por valor de 600.000 euros que le atribuyó Aldama. También ha asegurado que no conocía el amaño de los contratos de las mascarillas.",https://www.lasexta.com/noticias/nacional/abalos-niega-todas-acusaciones-descarga-responsabilidad-koldo-garcia-dado-aclaraciones-suficientes_20241212675ae7b29439f90001e15672.html,lasextanoticias,2024-12-12T13:40:02+00:00
63,europa-press,"El BCE baja por cuarta vez los tipos de interés en 25 puntos básicos, que se sitúan en el 3%","El contexto: Es la cuarta rebaja en lo que va de año después de la de junio, septiembre y octubre de 25 puntos básicos cada una. ",https://www.lasexta.com/noticias/economia/bce-baja-cuarta-vez-tipos-interes-25-puntos-basicos-que-situan-3_20241212675ae718a42582000138703c.html,lasextanoticias,2024-12-12T13:37:28+00:00
64,lasexta-deportes,El Real Madrid da el parte médico de Kylian Mbappé: ¿Qué lesión tiene?,"El jugador francés, que cayó lesionado ante la Atalanta, sufre una lesión en el muslo de la pierna izquierda.",https://www.lasexta.com/noticias/deportes/futbol/real-madrid-parte-medico-kylian-mbappe-que-lesion-tiene_20241212675ae507a425820001386ce1.html,lasextanoticias,2024-12-12T13:32:00+00:00
65,"Raúl, García García","""Un, dos, tres"", ruina esta vez: el premio soñado de la tele, 40 años después","Recorremos las calles reventadas, con casas okupadas, del lugar que imaginábamos como cumbre del lujo. ""La urbanización está hecha polvo. Aquí nadie quiere pagar"".",https://www.antena3.com/programas/espejo-publico/noticias/dos-tres-ruina-esta-vez-premio-sonado-tele-40-anos-despues_20241212675ae530a425820001386d3d.html,antena3,2024-12-12T13:29:20+00:00
66,"Leire, Pérez",¿España va como un cohete? según 'The Economist' sí: Tenso debate entre Daniel Lacalle y Afra Blanco,"Según ‘The Economist’, la economía española va como un “cohete”. La revista británica ha elegido a España como la mejor economía de 2024. El Gobierno ha sacado pecho por ello en la última sesión de control en el Congreso de los Diputados. ",https://www.antena3.com/programas/espejo-publico/noticias/espana-como-cohete-segun-the-economist-tenso-debate-daniel-lacalle-afra-blanco_20241212675ae4f79439f90001e1512a.html,antena3,2024-12-12T13:28:23+00:00
67,lasexta-deportes,Verstappen donará 250.000 dólares tras ganarle una apuesta al CEO de Fórmula E,"Jeff Dodds, CEO de la Fórmula E, se jugó un cuarto de millón de dólares a que Max Verstappen no ganaría el Mundial de F1... y ahora le toca pagar. ",https://www.lasexta.com/noticias/deportes/motor/formula1/verstappen-donara-250000-dolares-ganarle-apuesta-ceo-formula_20241212675ae2479439f90001e14c6f.html,lasextanoticias,2024-12-12T13:16:55+00:00
68,lasextacom,Investigan un segundo caso de abusos de tres menores a una compañera en el colegio de Granada,Dos denuncias: El terrible suceso de violencia sexual por parte de menores en un colegio de Granada no fue un caso aislado. Los presuntos agresores han sido expulsados del centro.  ,https://www.lasexta.com/noticias/sociedad/investigan-segundo-caso-abusos-tres-menores-companera-colegio-granada_20241212675ae2329439f90001e14c45.html,lasextanoticias,2024-12-12T13:16:34+00:00
69,"Andrés, Pantoja","El peligro de las nuevas fotos falsas creadas por IA en : ""Poca gracia tiene esto, ¡ninguna!""","La aparición de una nueva aplicación incorporada a la red social 'X', antiguo 'Twitter', ha desatado una ola de creatividad al mismo tiempo que se iban encendido las alarmas ante los peligros que representa. 'Grok' crea fotos con Inteligencia Artificial en base a una breve petición del usuario.",https://www.antena3.com/programas/espejo-publico/noticias/peligro-nuevas-fotos-falsas-creadas-poca-gracia-tiene-esto-ninguna_20241212675ae1c69439f90001e14b67.html,antena3,2024-12-12T13:14:46+00:00
70,"Iván, Álvarez","Sánchez acusa al PP de tener ""connivencia con los jueces"" y ""actuar con las cartas marcadas""","El presidente ha hecho estas declaraciones en la tradicional Copa de Navidad con algunos periodistas, entre ellos nuestra compañera Carina Verdú.",https://www.antena3.com/programas/espejo-publico/noticias/sanchez-acusa-tener-connivencia-jueces-actuar-cartas-marcadas_20241212675ae0a09439f90001e148f8.html,antena3,2024-12-12T13:09:52+00:00
71,lasextacom | ana-gamar,"Ayuso sube el tono contra el Gobierno a costa de la dictadura: ""Sin Franco, Sánchez no es nadie""","Un doble objetivo: La presidenta madrileña ha usado, por un lado, al dictador para atacar a Sánchez por los actos para conmemorar los 50 años de ""libertad"" y, por otro, ha aprovechado el pleno para 'exprimir' la crisis del PSOE en Madrid.",https://www.lasexta.com/noticias/nacional/ayuso-sube-tono-gobierno-costa-dictadura-franco-sanchez-nadie_20241212675ae044a4258200013863f6.html,lasextanoticias,2024-12-12T13:08:20+00:00
72,lasextacom,El PSOE mantiene que entre el PP y los jueces hay connivencia y enfada a parte de la judicatura,"El detonante: Pedro Sánchez señaló ante un grupo de periodistas tener la sensación de que los de Feijóo ""juegan con las cartas marcadas gracias a la connivencia con los jueces"".",https://www.lasexta.com/noticias/nacional/psoe-mantiene-que-jueces-hay-connivencia-enfada-parte-judicatura_20241212675adfd8a42582000138631f.html,lasextanoticias,2024-12-12T13:06:32+00:00
73,Cristina García Chacón,"Rodaballo con almejas y emulsión de ajo, de Karlos Arguiñano: un recetón de lujo para días de fiesta","Karlos Arguiñano ha preparado este magnífico rodaballo en menos de 8 minutos en el horno. Acompáñalo con unas almejas y una emulsión de ajo, y triunfa como anfitrión.",https://www.antena3.com/programas/karlos-arguinano/recetas/pescado/rodaballo-almejas-emulsion-ajo_20241212675ac304a425820001383418.html,antena3,2024-12-12T13:00:18+00:00
74,Cristina García Chacón,"Pastel de pimiento con tostadas, de Arguiñano: ""Una receta facilísima que puedes tener preparada de víspera""",Karlos Arguiñano ha elaborado este pastel de pimiento con tostadas de la forma más sencilla. Lo mejor de esta receta es que la puedes preparar de víspera para cuando no tengas tiempo de cocinar por ejemplo.,https://www.antena3.com/programas/karlos-arguinano/recetas/ensaladas/pastel-pimiento-tostadas_20241212675ab43e9439f90001e103ed.html,antena3,2024-12-12T12:45:14+00:00
75,Eire García Arbaizar,La caída de Manuel Díaz El Cordobés en el escenario de Mask Singer que no se vio en el programa: “No me podía levantar”,El torero nos ha contado su peor momento detrás de cámaras.,https://www.antena3.com/programas/mask-singer/caida-manuel-diaz-cordobes-escenario-mask-singer-que-vio-programa-podia-levantar_20241212675ad756c98fe800018497d9.html,antena3,2024-12-12T12:30:14+00:00
76,"Laura, Simón","La madre de la gemela muerta tras tirarse por la ventana en Sallent: ""Mi hija Alana dijo que quería morir y su hermana le contestó: ""Te acompaño""""","Habla la madre de las gemelas de 12 años que se arrojaron por la ventana en Sallent (Barcelona). Una de ellas murió. Pide justicia y asegura que llevaban meses soportando bullying en el instituto y ""nadie hizo nada"".",https://www.antena3.com/programas/espejo-publico/noticias/madre-gemela-muerta-tirarse-ventana-sallent-hija-alana-dijo-que-queria-morir-hermana-contesto-acompano_20241212675ad58cc98fe80001849583.html,antena3,2024-12-12T12:22:36+00:00
77,Alberto Mendo,Primeras imágenes de Perdiendo el juicio: termina el rodaje de la nueva serie original de Antena 3,"Protagonizada por Elena Rivera, este drama legal narra el momento en el que la vida y la carrera profesional de Amanda, una prestigiosa abogada, dan un giro cuando sufre un grave estallido de TOC en medio de un juicio.",https://www.antena3.com/series/perdiendo-juicio/primeras-imagenes-termina-rodaje_20241212675ad5459439f90001e1366f.html,antena3,2024-12-12T12:21:25+00:00
78,lasextacom,"El juez Peinado pide el listado de todos los ""trabajadores y asesores"" de Moncloa en el caso de Begoña Góm","El objetivo: El juez que investiga el caso de la mujer de Pedro Sánchez quiere ese listado para entender las labores de Cristina Álvarez, asesora de Moncloa.",https://www.lasexta.com/noticias/nacional/juez-peinado-pide-listado-todos-trabajadores-asesores-moncloa-caso-begona-gom_20241212675ad4f3c98fe8000184942f.html,lasextanoticias,2024-12-12T12:20:03+00:00
79,lasexta-deportes,El 'top 10' de los pilotos mejor pagados en Fórmula 1,La revista 'Forbes' ha desvelado la lista de los pilotos mejor pagados esta temporada 2024 en el 'Gran Circo'. ,https://www.lasexta.com/noticias/deportes/motor/formula1/top-10-pilotos-mejor-pagados-formula-1_20241212675ad368a425820001384f00.html,lasextanoticias,2024-12-12T12:13:28+00:00
80,lasextacom,La inmoralidad del PP valenciano: critica al presidente de la CHJ con canciones graciosas en medio de la tragedia,"El contexto: Todavía hay personas que continúan en paradero desconocido tras la tragedia de la DANA en Valencia, pero el PP de Mazón se permite buscar la broma fácil en las redes sociales criticando con la conocida 'Probe Miguel' de Triana Pura al presidente del CHJ.",https://www.lasexta.com/noticias/nacional/inmoralidad-valenciano-critica-presidente-chj-canciones-graciosas-medio-tragedia_20241212675ad17da425820001384b55.html,lasextanoticias,2024-12-12T12:05:17+00:00
81,"Andrés, Pantoja","Dos expertos analizan el primer año de Milei en Argentina: ""El modelo es bajada de impuestos""","El periodista argentino Fernándo González y el economista Daniel Lacalle valoraban los datos económicos de Argentina, tras el primer año de presidencia de Javier Milei.",https://www.antena3.com/programas/espejo-publico/noticias/dos-expertos-analizan-primer-ano-milei-argentina-modelo-bajada-impuestos_20241212675acf44a425820001384765.html,antena3,2024-12-12T11:55:48+00:00
82,lasextacom,"Las víctimas de la DANA claman ante el Congreso: ""Íbamos como zombies por las calles, nadie vino a ayudarnos""","¿Por qué es importante?: Más de un mes después de la fatídica DANA que azotó Valencia ""hay calles que continúan sin luz"" y sin limpiar provocando olores, mientras que las ayudas tampoco llegan.",https://www.lasexta.com/noticias/sociedad/victimas-dana-claman-congreso-ibamos-como-zombies-calles-nadie-vino-ayudarnos_20241212675acd009439f90001e129ea.html,lasextanoticias,2024-12-12T11:46:08+00:00
83,"Francisco, Cacho",La llegada de una DANA activa los avisos por lluvias y tormentas en cuatro CCAA,"Barcelona y Málaga, en aviso naranja Los avisos se han activado en Cataluña, Baleares, Comunidad Valenciana y Andalucía debido a una DANA que se encuentra sobre el Mediterráneo y que traerá lluvias intensas.",https://www.lasexta.com/noticias/el-tiempo/llegada-dana-activa-avisos-lluvias-tormentas-cuatro-ccaa_20241212675ac8f39439f90001e1235d.html,lasextanoticias,2024-12-12T11:36:54+00:00
84,Sara Sanz,"La viuda de Manolo Santana, en entredicho: ""Claudia buscaba quedarse con todas las propiedades""","Tras la muerte del tenista, muchos acusan a su viuda Claudia de ser la causante del deterioro del club de tenis de Marbella. En Y ahora Sonsoles hemos hablado con José Ramón Llompart, quien fue director del club durante 10 años. ",https://www.antena3.com/programas/y-ahora-sonsoles/viuda-manolo-santana-entredicho-claudia-buscaba-quedarse-todas-propiedades_20241212675ac842a425820001383c12.html,antena3,2024-12-12T11:25:54+00:00
85,lasextacom,"Ángel Víctor Torres, sobre las acusaciones de Aldama: ""Si se demuestra que defendí un interés particular, me voy""",¿De qué le acusa?: El presunto conseguidor del caso Koldo aseguró que el ministro de Política Territorial le pidió 50.000 euros por la gestión de las mascarillas y que le alquiló un piso en Madrid.,https://www.lasexta.com/noticias/nacional/angel-victor-torres-acusaciones-aldama-demuestra-que-defendi-interes-particular-voy_20241212675ac55fa425820001383798.html,lasextanoticias,2024-12-12T11:13:35+00:00
86,lasexta-deportes,Lo de 'Checo' Pérez es insostenible: ojo a cuánto le ha costado cada piloto a su equipo,"Finalizada la temporada de Fórmula 1, la más larga de la historia, ha salido a la luz el listado de costes que ha provocado cada piloto a su equipo. ",https://www.lasexta.com/noticias/deportes/motor/formula1/checo-perez-insostenible-ojo-cuanto-costado-cada-piloto-equipo_20241212675ac55a9439f90001e11e45.html,lasextanoticias,2024-12-12T11:13:30+00:00
87,maria-llapart,"María Jesús Montero defiende a Ábalos: ""No he visto ninguna prueba fehaciente contra él""","Sí, pero...: La vicepresidenta sí que ha remarcado que políticamente Ábalos tiene toda la responsabilidad pero cree que legalmente todavía no se ha demostrado que haya hecho algo irregular. ",https://www.lasexta.com/noticias/nacional/maria-jesus-montero-defiende-abalos-visto-ninguna-prueba-fehaciente_20241212675ac333c98fe80001847a6e.html,lasextanoticias,2024-12-12T11:04:19+00:00
88,Eire García Arbaizar,Las lágrimas de emoción de Adriana Ugarte por verse finalista de Mask Singer: “Aquí no estoy bajo control”,La actriz no pudo evitar emocionarse al ser elegida para pasar directamente a la final.,https://www.antena3.com/programas/mask-singer/lagrimas-emocion-adriana-ugarte-verse-finalista-mask-singer-aqui-estoy-control_20241212675ac2439439f90001e11961.html,antena3,2024-12-12T11:00:19+00:00
89,efe,Un muerto y dos supervivientes tras hundirse un barco en O Grove (Pontevedra),"El fallecido, un marinero de 75 años, era el patrón de la embarcación, e iba acompañado a bordo por su hija y su yerno, quienes sobrevivieron al naufragio. ",https://www.lasexta.com/noticias/sociedad/muerto-dos-supervivientes-hundirse-barco-grove-pontevedra_20241212675abea6a425820001382d23.html,lasextanoticias,2024-12-12T10:44:54+00:00
90,efe,Hallan el cadáver de un recién nacido en una planta de reciclaje de Loeches (Madrid),El aviso lo dieron empleados del centro de reciclaje de Loeches. La Guardia Civil ha solicitado colaboración ciudadana para tratar de averiguar quién ha depositado en ese lugar el cadáver ,https://www.lasexta.com/noticias/sociedad/hallan-cadaver-recien-nacido-planta-reciclaje-loeches-madrid_20241212675abd059439f90001e11111.html,lasextanoticias,2024-12-12T10:37:57+00:00
91,jaime-rull,El diputado del PSOE Santiago Rivero denuncia amenazas homófobas y de muerte en las redes sociales,"Delito de odio: El diputado en la Asamablea de Madrid denuncia haber recibido, a través de Instagram, mensajes como ""maricón, que eres un maricón y un hijo de la gran puta, os vamos a coger y os vamos a matar"". ",https://www.lasexta.com/noticias/nacional/diputado-psoe-santiago-rivero-denuncia-amenazas-homofobas-redes-sociales_20241212675abac2c98fe80001846f32.html,lasextanoticias,2024-12-12T10:28:18+00:00
92,Roberto Fernández Ferreira,"¡Se confirma el año calvista! Javier Calvo, ganador de los prismáticos de oro en Mask Singer",Javier Calvo ha encabezado la competición entre los investigadores desde el principio y finalmente no se le han escapado los prismáticos dorados.,https://www.antena3.com/programas/mask-singer/confirma-calvista-javier-calvo-ganador-prismaticos-oro_20241212675aba019439f90001e10cb5.html,antena3,2024-12-12T10:25:05+00:00
93,lasexta-deportes,Así fue el 'boicot' de Marc Márquez a Ducati con Jorge Lorenzo,"Durante su etapa en Honda, el de Cervera trató de impedir que Ducati creciera exponencialmente de la mano del pentacampeón del mundo hasta el punto de pedir su fichaje como compañero de equipo. ",https://www.lasexta.com/noticias/deportes/motor/asi-fue-boicot-marc-marquez-ducati-jorge-lorenzo_20241212675ab96d9439f90001e10c12.html,lasextanoticias,2024-12-12T10:22:37+00:00
94,agencias | lasextacom,"Ángel Víctor Torres responde a Nogueras: ""Este Gobierno no ha dejado de mover el culo""","En contexto: La portavoz de Junts en el Congreso pidió este miércoles al Ejecutivo de Pedro Sánchez que ""mueva el culo"" y que paguen todo ""lo que deben"" a los catalanes. ",https://www.lasexta.com/noticias/nacional/angel-victor-torres-responde-nogueras-este-gobierno-dejado-mover-culo_20241212675ab803a42582000138238c.html,lasextanoticias,2024-12-12T10:16:35+00:00
95,"Laura, Simón","Cuca Gamarra: ""En 2021 Pedro Sánchez tapó la corrupción con el cese de Ábalos""","Cuca Gamarra cree que Pedro Sánchez ""debería defender el poder judicial y no atacarlo"". Cree que cuando Sánchez cesó a Ábalos como ministro ""sabía absolutamente todo"".",https://www.antena3.com/programas/espejo-publico/noticias/cuca-gamarra-2021-pedro-sanchez-tapo-corrupcion-cese-abalos_20241212675ab6e6a4258200013821cb.html,antena3,2024-12-12T10:11:50+00:00
96,lasextacom,Las Fuerzas Armadas encuentran un cadáver en Paiporta,"El hallazgo ha tenido lugar en la mañana de este jueves, sin conocerse detalles del punto exacto ni a quién pertenece el cuerpo.",https://www.lasexta.com/noticias/sociedad/fuerzas-armadas-encuentran-cadaver-paiporta_20241212675ab65e9439f90001e1077b.html,lasextanoticias,2024-12-12T10:09:34+00:00
97,lasextacom | efe,"El presidente surcoreano Yoon, desafiante: defiende su ley marcial y promete luchar ""hasta el último minuto""","Un futuro incierto: Yoon ha pronunciado un discurso desafiante y no ha expresado en ningún momento su intención de dimitir. Sin embargo, su supervivencia política se complica cada vez más e, incluso, hay dudas entre los suyos.",https://www.lasexta.com/noticias/internacional/presidente-surcoreano-yoon-desafiante-defiende-ley-marcial-promete-luchar-ultimo-minuto_20241212675ab14bc98fe80001846296.html,lasextanoticias,2024-12-12T09:47:55+00:00
98,lasexta-deportes,"Ferrari se encomienda a Hamilton para vencer a Red Bull, McLaren y Mercedes","Fred Vasseur, jefe de la escudería italiana, ha asegurado que tener a una figura como la del heptacampeón en Maranello les ayudará a recortar distancias. ",https://www.lasexta.com/noticias/deportes/motor/formula1/ferrari-encomienda-hamilton-vencer-red-bull-mclaren-mercedes_20241212675aad7fc98fe80001845dbe.html,lasextanoticias,2024-12-12T09:31:43+00:00
99,alfonso-perez-medina,La fiscalía sueca archiva la investigación por violación contra Mbappé,La fiscalía sueca ha decidido cerrar la investigación que relacionaba a Mbappé con una presunta violación y dos casos de acoso sexual en un hotel del centro de Estocolmo el 10 de octubre de 2024 por falta de pruebas.,https://www.lasexta.com/noticias/deportes/futbol/fiscalia-sueca-archiva-investigacion-violacion-mbappe_20241212675aa988c98fe80001845934.html,lasextanoticias,2024-12-12T09:14:48+00:00
100,efe,Robert Kennedy Jr. propone a su nuera como subdirectora de la CIA para esclarecer el asesinato de JFK,¿Por qué es importante? Robert Kennedy Jr. sospecha que la CIA estuvo involucrada en lo ocurrido. Donald Trump ha prometido hacer públicos los últimos archivos del asesinato de John F. Kennedy.,https://www.lasexta.com/noticias/internacional/robert-kennedy-propone-nuera-como-subdirectora-cia-esclarecer-asesinato-jfk_20241212675aa851a425820001380ee4.html,lasextanoticias,2024-12-12T09:12:47+00:00
101,europa-press,El Ejército israelí inicia su retirada del sur de Líbano,¿Por qué es importante?: Se trata del primer paso importante en la implementación de un cese duradero de las hostilidades y que ha tenido lugar dos semanas después de firmar un alto el fuego temporal entre Israel e Hizbulá. ,https://www.lasexta.com/noticias/internacional/ejercito-israeli-inicia-retirada-sur-libano_20241212675aa5679439f90001e0f2ea.html,lasextanoticias,2024-12-12T08:57:11+00:00
102,lasextacom | agencias,Cataluña activa la prealerta por posibles riadas en cuatro comarcas de Tarragona debido a lluvias intensas,"Posibles crecidas de barrancos: La Confederación Hidrográfica del Ebro (CHE) ha activado la prealerta en las comarcas del Montsià, el Baix Ebre, la Ribera d'Ebre y la Terra Alta (Tarragona).",https://www.lasexta.com/noticias/sociedad/cataluna-activa-prealerta-posibles-riadas-cuatro-comarcas-tarragona-debido-lluvias-intensas_20241212675aa14dc98fe80001844ffa.html,lasextanoticias,2024-12-12T08:42:24+00:00
103,efe,"Trump planea permitir arrestos de inmigrantes en escuelas, iglesias y juzgados","Entre líneas: La política de limitar las acciones de los agentes de inmigración en lugares sensibles fue establecida en el Gobierno de Obama, conocido como el jefe de deportaciones por el alto número de expulsiones realizadas en sus dos mandatos.",https://www.lasexta.com/noticias/internacional/trump-planea-permitir-arrestos-inmigrantes-escuelas-iglesias-juzgados_20241212675aa0fea4258200013806d8.html,lasextanoticias,2024-12-12T08:38:22+00:00
104,lasexta-deportes,"Jorge Martín carga contra Ducati: ""El trato que tuvieron no me gustó""",El campeón del mundo de MotoGP ha analizado la decisión del equipo italiano de fichar a Marc Márquez y no a él. ,https://www.lasexta.com/noticias/deportes/motor/jorge-martin-carga-ducati-trato-que-tuvieron-gusto_20241212675a9f0bc98fe80001844dd2.html,lasextanoticias,2024-12-12T08:30:03+00:00
105,"Gema, Soubrier","Basi y su familia, arruinados por su 'inquiokupa', un refugiado sirio: ""Yo también soy vulnerable""","El inquiokupa de Basi le esta haciendo la vida imposible. Lleva cuatro años sin pagarle el alquiler, le debe más de 37.000 euros. Basí vive una pesadilla, tiene 70.000 euros de deuda, está en el listado de morosos y además tiene que pagar una hipoteca de casi mil euros.",https://www.antena3.com/programas/espejo-publico/basi-familia-arruinados-inquiokupa-refugiado-sirio-tambien-soy-vulnerable_20241212675a9bb39439f90001e0e913.html,antena3,2024-12-12T08:15:47+00:00
106,Alberto Mendo,"Así engañó Abraham Mateo a su ídolo, David Bustamante, para que no le reconociera en Mask Singer","Entre sus actuaciones como Mosca, su mayor reto fue el dueto con David Bustamante cantando 'Dos hombres y un destino' sin levantar sospechas precisamente en el invitado.",https://www.antena3.com/programas/mask-singer/asi-engano-abraham-mateo-idolo-david-bustamante_20241212675a9ac1a42582000138009d.html,antena3,2024-12-12T08:11:45+00:00
107,lasextacom,"Última hora política, en directo | Ábalos declara en el Supremo para intentar ""desmontar"" las acusaciones de Aldama y la UCO","El exministro de Transportes José Luis Ábalos declarará este jueves, a las 10.00 horas, en el Tribunal Supremo para intentar ir ""desmontando las mentiras"" que achaca al presunto comisionista del caso Koldo y al informe de la UCO, que le atribuye un papel relevante en la supuesta trama de adjudicaciones irregulares.",https://www.lasexta.com/noticias/nacional/ultima-hora-politica-directo-abalos-declara-supremo-intentar-desmontar-acusaciones-aldama-uco_20241212675a9919a42582000137feba.html,lasextanoticias,2024-12-12T08:04:57+00:00
108,lasexta-deportes,Ducati señala qué es lo que más les ha impresionado de Marc Márquez,"Michelle Pirro, piloto de pruebas de Ducati, ha destacado la frenada del octocampeón en las curvas de izquierdas, donde es ""especialmente rápido"".",https://www.lasexta.com/noticias/deportes/motor/ducati-senala-que-que-mas-les-impresionado-marc-marquez_20241212675a972fa42582000137fca2.html,lasextanoticias,2024-12-12T07:56:31+00:00
109,efe,"Consumo investiga a empresas que gestionan cientos de pisos turísticos por posibles ""prácticas engañosas""","¿Qué buscan?: La investigación se centra en operaciones de pisos turísticos que, aún teniendo licencia, podrían estar siendo gestionados de forma irregular por empresas intermedias,",https://www.lasexta.com/noticias/economia/consumo-investiga-empresas-que-gestionan-cientos-pisos-turisticos-posibles-practicas-enganosas_20241212675a92d5c98fe80001844260.html,lasextanoticias,2024-12-12T07:37:57+00:00
110,alfonso-perez-medina,"La Fiscalía intentará demostrar durante el interrogatorio que Ábalos era el ""superjefe"" de una organización criminal","Las pruebas: Fuentes fiscales señalan a laSexta que usarán el ""resto de evidencias"" que aparecen en el sumario del caso Koldo para intentar demostrar que el exministro dirigía una organización criminal. ",https://www.lasexta.com/noticias/nacional/fiscalia-intentara-demostrar-interrogatorio-que-abalos-era-superjefe-organizacion-criminal_20241212675a910cc98fe80001843fdf.html,lasextanoticias,2024-12-12T07:30:20+00:00
111,Roberto Fernández Ferreira,Abraham Mateo se destapa como Mosca y gana la cuarta temporada de Mask Singer,El artista ha conseguido mantener a salvo su identidad hasta el final haciéndose así con la máscara dorada.,https://www.antena3.com/programas/mask-singer/abraham-mateo-mosca-gana_20241212675a2a859439f90001e09f71.html,antena3,2024-12-12T00:12:53+00:00
112,Roberto Fernández Ferreira,¡Adriana Ugarte era Cobra!: la actriz ha sido desenmascarada en la Gran Final de Mask Singer,"La actriz ha acariciado la máscara dorada y pese a no haber ganado, se ha consagrado como una de las revelaciones de la temporada.",https://www.antena3.com/programas/mask-singer/adriana-ugarte-cobra_20241212675a2897c98fe80001840235.html,antena3,2024-12-12T00:04:39+00:00
113,Eire García Arbaizar,¡Cobra VS Mosca! Así ha sido el asalto final en Mask Singer,Los dos animales se han dejado la piel en el escenario defendiendo sus canciones.  ,https://www.antena3.com/programas/mask-singer/cobra-mosca-asi-sido-asalto-final_20241212675a26f8a42582000137b585.html,antena3,2024-12-11T23:57:44+00:00
114,Roberto Fernández Ferreira,"Manuel Díaz, 'El Cordobés', cambia el toro por el Tiburón en Mask Singer: ¡Así ha sido su desenmascaramiento!",El primer desenmascaramiento de la Gran Final ha dejado a todos boquiabiertos y no ha otorgado ningún punto a los investigadores.,https://www.antena3.com/programas/mask-singer/manuel-diaz-cordobes-tiburon_20241212675a251fa42582000137b482.html,antena3,2024-12-11T23:49:51+00:00
115,Eire García Arbaizar,¡Tiburón VS Cobra! Así ha sido el primer asalto de la Gran Final,Las dos máscaras se han enfrentado en un difícil reto que no ha dejado indiferente a nadie.  ,https://www.antena3.com/programas/mask-singer/tiburon-cobra-asi-sido-primer-asalto-gran-final_20241212675a23979439f90001e09b95.html,antena3,2024-12-11T23:43:19+00:00
116,Patri Bea,¡Hipnótica! Cobra brilla con Las 12 en la gran final de Mask Singer,La finalista ha escogido uno de los temas más conocidos de Ana Mena para luchar por la victoria y la máscara dorada. ,https://www.antena3.com/programas/mask-singer/hipnotica-cobra-brilla-12-gran-final_20241212675a1d49a42582000137b02c.html,antena3,2024-12-11T23:16:25+00:00
117,Patri Bea,“Mi buen reptar me ha dado más de una alegría”: Cobra podría estar vinculada con el baile según sus últimas pistas,La finalista ha dejado caer que su forma de moverse le ha dado muy buenos resultados en su vida. ¿Será bailarina? ,https://www.antena3.com/programas/mask-singer/buen-reptar-dado-mas-alegria-cobra-podria-estar-vinculada-baile-segun-sus-ultimas-pistas_20241212675a1cc4a42582000137afe1.html,antena3,2024-12-11T23:14:12+00:00
118,Eire García Arbaizar | Roberto Fernández Ferreira,Javier Calvo se suma a la teoría de Ambrossi: Mosca es Abraham Mateo,La última actuación ha provocado que los Javis no dudasen en que es un artista de profesión. ,https://www.antena3.com/programas/mask-singer/javier-calvo-suma-teoria-ambrossi-mosca-abraham-mateo_20241212675a1b819439f90001e09710.html,antena3,2024-12-11T23:08:49+00:00
119,Roberto Fernández Ferreira,Mosca lo da todo en la Gran Final con ‘Stayin’ Alive’ de Bee Gees,El insecto más marchoso de la temporada ha puesto toda la carne en el asador con una actuación espectacular. ,https://www.antena3.com/programas/mask-singer/mosca-todo-gran-final-stayin-alive-bee-gees_20241212675a19eaa42582000137ae46.html,antena3,2024-12-11T23:02:02+00:00
120,Roberto Fernández Ferreira,“A veces puedo parecer un poco repelente”: las pistas de Mosca en la Final de Mask Singer,La finalista ha desvelado sus últimas pistas. ¿Habrá resuelto todas las dudas de los investigadores? ,https://www.antena3.com/programas/mask-singer/veces-puedo-parecer-poco-repelente-pistas-mosca-final_20241211675a1963a42582000137adc3.html,antena3,2024-12-11T22:59:47+00:00
121,"Juan, Pizarro","La Asamblea General de la ONU pide un alto el fuego en Gaza con nueve votos en contra, entre ellos Israel, EEUU, Hungría y Argentina",¿Por qué es importante?: La mayor parte de los países del mundo muestran de esta forma su rechazo a la masacre israelí contra la población civil palestina. Tan solo los países gobernados por la extrema derecha han votado en contra.,https://www.lasexta.com/noticias/internacional/asamblea-general-onu-pide-alto-fuego-gaza-nueve-votos-ellos-israel-eeuu-hungria-argentina_20241211675a172aa42582000137ac51.html,lasextanoticias,2024-12-11T22:50:18+00:00
122,Eire García Arbaizar,"“No soy Joaquín Sánchez"": las teorías de los investigadores se rompen en pedazos",La pista extra ha descuadrado a todos y se han lanzado al vacío con nuevas propuestas.  ,https://www.antena3.com/programas/mask-singer/soy-joaquin-sanchez-teorias-investigadores-rompen-pedazos_20241211675a154da42582000137ab48.html,antena3,2024-12-11T22:42:21+00:00
123,lasextacom,Feijóo el abismo económico: todas las veces que el líder del PP criticó la economía española,"¿Por qué es importante?: ""Esta economía está en la mediocridad aplastante y lo veremos en los próximos meses"". ""Somos los colistas de Europa en la recuperación económica"". Son algunas de las intervenciones del líder del PP atancado la gestión del Gobierno. ",https://www.lasexta.com/noticias/economia/feijoo-abismo-economico-todas-veces-que-lider-critico-economia-espanola_20241211675a14db9439f90001e09252.html,lasextanoticias,2024-12-11T22:40:27+00:00
124,lasextacom,Las relaciones de España con la familia Assad: cordialidad hasta el estallido de la Primavera Árabe,"¿Quiénes las han protagonizado?: Por parte de España, han visitado el país oriental el rey emérito Juan Carlos I y los expresidentes Aznar y Zapatero. Mientras que la comitiva siria siempre la ha encabezado Bashar Al Assad.",https://www.lasexta.com/noticias/internacional/relaciones-espana-familia-assad-cordialidad-estallido-primavera-arabe_20241211675a143f9439f90001e091ed.html,lasextanoticias,2024-12-11T22:37:51+00:00
125,Eire García Arbaizar,¡Directo al estrellato! Tiburón hace temblar el escenario con ‘Enamorado de la moda juvenil’,El rey del mar nos ha dejado boquiabiertos con su interpretación de uno de los clásicos más conocidos de Radio Futura. ,https://www.antena3.com/programas/mask-singer/directo-estrellato-tiburon-hace-temblar-escenario-enamorado-moda-juvenil_20241211675a132a9439f90001e09128.html,antena3,2024-12-11T22:33:14+00:00
126,Eire García Arbaizar,La tercera ley de Newton y el puesto número 3: estas son las nuevas pistas de Tiburón,El rey del mar nos ha revelado sus últimas pistas antes de la gran batalla final. ,https://www.antena3.com/programas/mask-singer/tercera-ley-newton-puesto-numero-3-estas-son-nuevas-pistas-tiburon_20241211675a12909439f90001e09082.html,antena3,2024-12-11T22:30:40+00:00
127,Eire García Arbaizar,¡Menudo show! Javier Ambrossi marca el inicio de la Gran Final de Mask Singer,El artista se ha subido al plató del programa para dar comienzo a las pruebas finales.  ,https://www.antena3.com/programas/mask-singer/menudo-show-javier-ambrossi-marca-inicio-gran-final_20241211675a103d9439f90001e08e52.html,antena3,2024-12-11T22:20:45+00:00
128,"Alex, Voytyuk","Los rebeldes destapan el negocio de Al Assad con el captagon, la ""cocaína de los pobres""","¿Por qué es importante?: La conocida como ""droga de los terroristas"" genera unos ingresos de 6.000 millones de euros al año al país, lo que supone más de un 60% del PIB sirio y triplica los beneficios de todos los cárteles del narcotráfico en México.",https://www.lasexta.com/noticias/internacional/rebeldes-destapan-negocio-assad-captagon-cocaina-pobres_20241211675a0d1ec98fe8000183f0cd.html,lasextanoticias,2024-12-11T22:07:26+00:00
129,"Sara, Rincón",Comienza el juicio en Valladolid por el asesinato de Paloma e India: su agresor se enfrenta a prisión permanente revisable,"Contexto: David Maroto acabó con la vida de su pareja, Paloma, y la hija de ella, India, en 2023. Previamente, en 2017, había sido denunciado por su exmujer por malos tratos, sin embargo, quedó libre. ",https://www.lasexta.com/noticias/sociedad/comienza-juicio-valladolid-asesinato-paloma-india-agresor-enfrenta-prision-permanente-revisable_20241211675a0a7dc98fe8000183ee70.html,lasextanoticias,2024-12-11T21:56:13+00:00
130,julian-garcia,Ferran Torres sólo necesita quince minutos,El FC Barcelona derrota al Borussia Dortmund en un partido loco (2-3) y se afianza en la segunda posición de la Champions League. Doblete de Ferran.,https://www.lasexta.com/noticias/deportes/futbol/ferran-torres-solo-necesita-quince-minutos_20241211675a0a239439f90001e08941.html,lasextanoticias,2024-12-11T21:54:43+00:00
131,lasextacom | agencias,"Declarados culpables el padre y la madrastra de Sara Sharif, la niña de 10 años que fue sometida a un trato atroz y brutal","El contexto: Sharif fue encontrada muerta en agosto de 2023 en su casa de Woking, una ciudad al suroeste de Londres. Los fiscales han definido el trato a la pequeña como una campaña de ""violencia grave y repetida"".",https://www.lasexta.com/noticias/internacional/declarados-culpables-padre-madrastra-sara-sharif-nina-10-anos-que-fue-sometida-trato-atroz-brutal_20241211675a0871a42582000137a09e.html,lasextanoticias,2024-12-11T21:47:29+00:00
132,Roberto Fernández Ferreira | Patri Bea,"Alaska se sincera sobre sus operaciones estéticas: ""Para mí es crearte y construirte""","La cantante es una de las invitadas que más veces ha estado en el programa y, en esta ocasión, ha vuelto para hablar sobre su próximo proyecto.",https://www.antena3.com/programas/el-hormiguero/invitados/alaska_20241211675938867337f20001bbec76.html,antena3,2024-12-11T21:23:59+00:00
133,"Juan, V. Rivero | thais-munoz","La revolución económica de los PIGS: España, Portugal, Italia y Grecia salen al rescate del antiguo motor europeo","La venganza del sur:  Una década después, esos cerdos que perseguían los hombres de negro hoy vuelan solos. Y lo hacen a gran velocidad. Lideran, con España a la cabeza, el ranking de las mejores economías",https://www.lasexta.com/noticias/economia/revolucion-economica-pigs-espana-portugal-italia-grecia-salen-rescate-antiguo-motor-europeo_202412116759f8d09439f90001e078f1.html,lasextanoticias,2024-12-11T20:40:48+00:00
134,esther-redondo,"El PP tacha de ""inventada"" las graves acusaciones de Sánchez y las asociaciones niegan un ""frente judicial contra el Gobierno""","El contexto: Este miércoles el jefe del Ejecutivo ha asegurado ante los periodistas, pero sin cámaras, que tiene la sensación de que el PP juega ""con las cartas marcadas"" y que ""algún juez contribuye a hacer oposición"" al Gobierno.",https://www.lasexta.com/noticias/nacional/tacha-inventada-graves-acusaciones-sanchez-asociaciones-niegan-frente-judicial-gobierno_202412116759f2049439f90001e07174.html,lasextanoticias,2024-12-11T20:11:48+00:00
135,Alberto Mendo,¿Caerán en la tentación? El dilema de Manu y Rosa en El Rosco: “Es más probable que la líe”,"Los dos concursantes se han visto, empatados a 22 aciertos, ante la decisión de plantarse o arriesgar, con el aliciente del bote de 970.000 euros.",https://www.antena3.com/programas/pasapalabra/rosco/caeran-tentacion-dilema-manu-rosa-mas-probable-que-lie_202412116759f07aa425820001378895.html,antena3,2024-12-11T20:05:14+00:00
136,lasextacom | europa-press,"Las aplicaciones Whatsapp, Instagram y Facebook sufren una caída a nivel mundial","¿Por qué es importante?: En lo que respecta a Whatsapp, se han registrado las primeras incidencias minutos antes de las 19 horas. Asimismo, tanto Facebook como Instagram también han registrado caídas en su servicio y en el acceso a las propias aplicaciones.",https://www.lasexta.com/noticias/ciencia-tecnologia/aplicaciones-whatsapp-instagram-facebook-sufren-caida-nivel-mundial_202412116759ee939439f90001e06e53.html,lasextanoticias,2024-12-11T19:57:07+00:00
137,Alberto Mendo,"Rosa, al borde de las lágrimas al dedicar El Rosco a sus padres: “Yo no nací aquí”","La concursante ha conmovido al dar las gracias a sus padres, Irma y Tino, por el sacrificio que hicieron cuando “dejaron atrás su familia, su país, todo” en busca de un futuro mejor.",https://www.antena3.com/programas/pasapalabra/mejores-momentos/rosa-borde-lagrimas-dedicar-rosco-sus-padres-naci-aqui_202412116759ecf69439f90001e06c05.html,antena3,2024-12-11T19:50:14+00:00
138,Alberto Mendo,La reflexión de Wally López en Pasapalabra: “El talento debe ser premiado”,El dj y productor musical ha explicado a Roberto Leal su iniciativa para descubrir y dar volumen a nuevos talentos.,https://www.antena3.com/programas/pasapalabra/mejores-momentos/reflexion-wally-lopez-talento-debe-ser-premiado_202412116759ebca9439f90001e06adb.html,antena3,2024-12-11T19:45:14+00:00
139,Alberto Mendo,Ana Jara debuta en Pasapalabra con victoria en La Pista: “En casa se ve más fácil”,"La actriz, que visita el programa por primera vez, ha conseguido ganar a Wally López en su duelo musical.",https://www.antena3.com/programas/pasapalabra/mejores-momentos/ana-jara-debuta-victoria-pista-casa-mas-facil_202412116759e71ea425820001377e34.html,antena3,2024-12-11T19:25:18+00:00
140,"Juan, Pizarro","Felipe VI ataca las dictaduras de Franco y Musolini en su discurso desde Italia: ""El pasado no ha de repetirse ni como caricatura""",El contexto: El monarca ha comparecido ante una sesión conjunta del Congreso y el Senado de Italia durante su visita oficial al país transalpino.,https://www.lasexta.com/noticias/nacional/felipe-ataca-dictaduras-franco-musolini-discurso-italia-pasado-repetirse-como-caricatura_202412116759e16ac98fe8000183c630.html,lasextanoticias,2024-12-11T19:00:58+00:00
141,Sara Sanz,"""Solo espero que me deje en paz"": las lágrimas de Antonio Canales al hablar de su casera","El bailaor ha roto a llorar en Y ahora Sonsoles al hablar de las acusaciones de su casera, que asegura que lleva sin pagarle el alquiler y los suministros varios meses. ",https://www.antena3.com/programas/y-ahora-sonsoles/solo-espero-que-deje-paz-lagrimas-antonio-canales-hablar-casera_202412116759e040a425820001377621.html,antena3,2024-12-11T18:56:00+00:00
142,Sara Sanz,"Antonio Canales aclara qué relación tiene con Bernardo 'El Asturiano': ""No me he tatuado su nombre""","El bailaor aclara los rumores sobre Bernardo, quien en más de una ocasión definió como su pareja, pero luego renegó de él. ¿Quién es en realidad 'El Asturiano'?",https://www.antena3.com/programas/y-ahora-sonsoles/antonio-canales-aclara-que-relacion-tiene-bernardo-asturiano-tatuado-nombre_202412116759dcd6a4258200013771e1.html,antena3,2024-12-11T18:41:26+00:00
143,Sara Sanz,"Antonio Canales, indignado ante las acusaciones de su casera: ""No debo ni un duro, la deuda es inexistente""","El bailaor visita el plató de Y ahora Sonsoles para hacer frente a las acusaciones de su casera Pilar, que le tacha de inquiokupa y asegura que lleva varios meses sin pagarle el alquiler. ",https://www.antena3.com/programas/y-ahora-sonsoles/antonio-canales-indignado-acusaciones-casera-debo-duro-deuda-inexistente_202412116759d91ba425820001376e0e.html,antena3,2024-12-11T18:25:31+00:00
144,lasexta-deportes,Fernando Alonso ya lo avisó: el ranking definitivo de la F1 coloca a Lando Norris por encima de Verstappen,Los expertos dejan al piloto de McLaren como líder a pesar de que no ha ganado... y eso que pilotaba el mejor coche de la parrilla.,https://www.lasexta.com/noticias/deportes/motor/formula1/fernando-alonso-aviso-ranking-definitivo-coloca-lando-norris-encima-verstappen_202412116759d7319439f90001e05384.html,lasextanoticias,2024-12-11T18:17:21+00:00
145,lasextacom,El Gobierno y sus socios llegan a un acuerdo para prorrogar el impuesto energético en ausencia del PNV y Junts,¿Por qué es importante?: El Gobierno ha asegurado que están trabajando para sacar un impuesto que permita que las empresas de este sector contribuyan en mayor medida al Estado del bienestar y que se contemplen deducciones e incentivos.,https://www.lasexta.com/noticias/nacional/gobierno-sus-socios-llegan-acuerdo-prorrogar-impuesto-energetico-ausencia-pnv-junts_202412116759d5419439f90001e050f6.html,lasextanoticias,2024-12-11T18:09:05+00:00
146,Sara Sanz,"Eva quiere encontrar al padre que renegó de ella: ""Ya no sé si está vivo o muerto""","Aunque descubrió quien era su padre y se puso en contacto con él, este no quiso saber nada de ella. En Y ahora Sonsoles viene dispuesta a encontrarle y decirle todo lo que nunca quiso escuchar. ",https://www.antena3.com/programas/y-ahora-sonsoles/eva-quiere-encontrar-padre-que-renego-ella-esta-vivo-muerto_202412116759d481a42582000137685f.html,antena3,2024-12-11T18:05:53+00:00
147,Sara Sanz,"Los padres de la víctima que ha declarado contra la banda de agresores de Vigo: ""No les bastó con la paliza""","Un menor ha declarado en los Juzgados tras la agresión de la banda de acosadores liderada por 'El patrón de Vigo'. En Y ahora Sonsoles, hablamos con sus padres, que denuncian que los agresores actúen con total impunidad.",https://www.antena3.com/programas/y-ahora-sonsoles/padres-victima-que-declarado-banda-agresores-vigo-les-basto-paliza_202412116759d183a42582000137652d.html,antena3,2024-12-11T17:53:07+00:00
148,lasexta-deportes,Las sedes de España para el Mundial 2030,"Aunque podría haber algunos cambios si estas sedes no hacen los deberes, ya se conoce dónde se jugarán los partidos en suelo español.",https://www.lasexta.com/noticias/deportes/futbol/sedes-espana-mundial-2030_202412116759cbc4a425820001375e7a.html,lasextanoticias,2024-12-11T17:28:36+00:00
149,Sara Sanz,"Hablamos con una cuidadora de personas mayores acusada de robar a varias familias: ""Nos quitó 30.000 euros""","Blanca asegura que María Dolores, la cuidadora de su madre, les ha robado 25.000 euros en joyas 3.000 en efectivo. Sin embargo, ella lo niega rotundamente, aunque son cuatro las familias que la han denunciado.",https://www.antena3.com/programas/y-ahora-sonsoles/hablamos-cuidadora-personas-mayores-acusada-robar-varias-familias-nos-quito-30000-euros_202412116759ca18c98fe8000183abc6.html,antena3,2024-12-11T17:21:28+00:00
150,Cristina García Chacón,¿Una ensalada diferente y original? Descubre las ensaladas más top de Arguiñano para comenzar un menú festivo,"Se acerca la época del año en la que todos nos reunimos alrededor de una mesa para compartir muy buenos momentos, además de una buena comida. ¿Vamos preparando el menú de Navidad?",https://www.antena3.com/programas/karlos-arguinano/recetas-navidad/ensalada-diferente-original-menu-festivo_20241211675992187337f20001bc4f69.html,antena3,2024-12-11T17:20:13+00:00
151,Sara Sanz,"La broma de un joven a sus padres por la que casi le echan de casa: ""Dejó de ser broma cuando la vi llorar""","Tony les hizo pensar a sus padres que se había tatuado el cuello entero. Tal fue el disgusto que se llevó su madre, que se echó a llorar. ",https://www.antena3.com/programas/y-ahora-sonsoles/broma-joven-sus-padres-que-casi-echan-casa-dejo-ser-broma-cuando-llorar_202412116759c5d3c98fe8000183a670.html,antena3,2024-12-11T17:03:15+00:00
152,lasextacom,La justicia gallega rechaza incrementar el permiso de paternindad de 16 semanas para igualarlo a las 22 del de maternidad,"Concluye que la diferencia en la extensión de los permisos de maternidad y paternidad establecida en la ley gallega no constituye una discriminación injustificada, ni vulnera el derecho de la Unión Europea.",https://www.lasexta.com/noticias/nacional/justicia-gallega-rechaza-incrementar-permiso-paternindad-16-semanas-igualarlo-22-maternidad_202412116759c537a4258200013755f5.html,lasextanoticias,2024-12-11T17:00:39+00:00
153,"Gonzalo, Barbero","'¿Es el enemigo?', una película homenaje a Miguel Gila: el cómico que hizo reír a España en tiempos de guerra","El humor salva vidas: Basada en hechos reales y en sus propios monólogos, '¿Es el enemigo? La película de Gila' cuenta como el cómico Miguel Gila, en plena guerra civil española, encontró en el humor una forma de resistir y sobrellevar la tragedia. ",https://www.lasexta.com/noticias/cultura/enemigo-pelicula-homenaje-miguel-gila-comico-que-hizo-reir-espana-tiempos-guerra_202412116759c4d6a4258200013755a5.html,lasextanoticias,2024-12-11T16:59:02+00:00
154,Sara Sanz,"Nieves, a punto de ser desahuciada por su suegra y sus cuñadas: ""Nos van a echar a la calle""","Vive en la misma casa con su marido y sus hijos desde hace 20 años y, aunque la han convertido en un hogar, en solo 2 semanas les va a desahuciar su propia familia.",https://www.antena3.com/programas/y-ahora-sonsoles/nieves-punto-ser-desahuciada-suegra-sus-cunadas-nos-van-echar-calle_202412116759c33b9439f90001e03b8a.html,antena3,2024-12-11T16:52:11+00:00
155,lasexta-deportes,"El mensaje de ilusión de De la Rosa: ""Lo que viene a Aston Martin es el motivo por el que yo fiché...""","El embajador de Aston Martin dice que lo que llega al equipo es ""esperanzador"". A partir de 2025 empezarán a trabajar Enrico Cardile y Adrian Newey.",https://www.lasexta.com/noticias/deportes/motor/formula1/mensaje-ilusion-rosa-que-viene-aston-martin-motivo-que-fiche_202412116759c0f09439f90001e037ed.html,lasextanoticias,2024-12-11T16:42:24+00:00
156,pedro-gomez,La Audiencia Nacional condena a 74 años de cárcel a cuatro etarras por intentar asesinar a dos periodistas,"Los condenados colocaron una bomba en la puerta de la vivienda en la que residían los periodistas Juan Palomo, de Antena 3, y Aurora Intxausti, de El País en San Sebastián.",https://www.lasexta.com/noticias/nacional/audiencia-nacional-condena-74-anos-carcel-cuatro-etarras-intentar-asesinar-dos-periodistas_202412116759bf3aa425820001374de6.html,lasextanoticias,2024-12-11T16:35:06+00:00
157,lasextacom,Mazón sigue adelante con su Plan Simplifica que permite construir en zonas inundables,"En contexto: En 2023, el Gobierno valenciano de PP y Vox inició una contrarreforma para flexibilizar leyes protectoras del territorio. La Ley de Simplificación Administrativa, que ya está en vigor, podría permitir la construcción en hectáreas de suelo no urbanizable e inundables.",https://www.lasexta.com/noticias/nacional/mazon-sigue-adelante-plan-simplifica-que-permite-construir-zonas-inundables_202412116759be029439f90001e03443.html,lasextanoticias,2024-12-11T16:29:54+00:00
158,Sara Sanz,"El fenómeno de Luigi Magnione, acusado de matar al CEO de UnitedHealthcare: ¿un asesino convertido en héroe?","Está acusado de matar a sangre fría al director general de la aseguradora más grande de Estados Unidos, en pleno corazón de Manhattan. Parecía un muchacho ejemplar, la vida le sonreía y ahora es el delincuente más famoso del momento.",https://www.antena3.com/programas/y-ahora-sonsoles/fenomeno-luigi-magnione-acusado-matar-ceo-unitedhealthcare-asesino-convertido-heroe_202412116759bd7ca425820001374bfa.html,antena3,2024-12-11T16:27:40+00:00
159,Sara Sanz,Las medidas desconocidas que deben cumplirse durante los viajes de Estado de los reyes de España,"Los reyes de España están de viaje oficial en Italia. En dichas visitas deben cumplirse una serie de peculiaridades, como la prohibición del marisco o la obligación de llevar ropa de luto en la maleta.",https://www.antena3.com/programas/y-ahora-sonsoles/medidas-desconocidas-que-deben-cumplirse-viajes-estado-reyes-espana_202412116759ba0c9439f90001e03003.html,antena3,2024-12-11T16:13:00+00:00
160,lasextacom,"Los padres de uno de los menores agredidos en Vigo denuncian que su hijo ""recibe amenazas de 200 teléfonos"" y que los agresores siguen en libertad",El contexto: Decenas de menores han recibido palizas por parte de jóvenes violentos de su misma edad que les obligan a ponerse de rodillas y recibir todo tipo de humillaciones.,https://www.lasexta.com/noticias/sociedad/padres-uno-menores-agredidos-vigo-denuncian-que-hijo-recibe-amenazas-200-telefonos-que-agresores-siguen-libertad_202412116759b8b2a42582000137461b.html,lasextanoticias,2024-12-11T16:07:14+00:00
161,Julia Zapata,"Avance del próximo capítulo de Sueños de libertad: Don Pedro y Digna, a punto de besarse...¿podrán controlarse?","El padre de Mateo y la matriarca de los Merino pasan cada vez pasan más tiempo juntos, a pesar de que él está casado. ",https://www.antena3.com/series/suenos-de-libertad/avances/avance-proximo-capitulo-don-pedro-digna-punto-besarsepodran-controlarse_2024121167599b2b7337f20001bc5bca.html,antena3,2024-12-11T16:05:16+00:00
162,Julia Zapata,Capítulo 202 de Sueños de libertad; 11 de diciembre: Fina se niega a contarle a Marta lo que ocurrió con Santiago,La hija de Isidro no quiere volver a recordar lo que le hizo Santiago y prefiere ocultárselo a Marta. ,https://www.antena3.com/series/suenos-de-libertad/202-11-diciembre-fina-niega-contarle-marta-que-ocurrio-santiago_20241211675994a585d24c0001d85218.html,antena3,2024-12-11T16:00:19+00:00
163,lasextacom,"Luigi Mangione, el presunto asesino del CEO de United Healthcare se declara no culpable en un juzgado de Pensilvania (EEUU)","¿De qué cargos está acusado?: En el estado de Pensilvania está acusado de posesión de armas y falsedad documental. Asimismo, ha impugnado su extradición a Nueva York, donde se enfrenta a otro de asesinato.",https://www.lasexta.com/noticias/internacional/luigi-mangione-presunto-asesino-ceo-united-healthcare-declara-culpable-juzgado-pensilvania-eeuu_202412116759b6e0c98fe80001839416.html,lasextanoticias,2024-12-11T15:59:28+00:00
164,lasexta-deportes,"Oficial: el Mundial 2030 se disputará en España, Portugal y Marruecos",La FIFA anuncia oficialmente que España organizará el mundial 2030 junto a Portugal y Marruecos.,https://www.lasexta.com/noticias/deportes/futbol/oficial-mundial-2030-disputara-espana-portugal-marruecos_202412116759b55ba425820001374230.html,lasextanoticias,2024-12-11T15:52:59+00:00
165,Julia Zapata,María utiliza a Gema para que Begoña se entere de que Andrés y ella pararon la noche juntos,María se las ingenia para que Begoña descubra que ha pasado la noche con Andrés.,https://www.antena3.com/series/suenos-de-libertad/maria-utiliza-gema-que-begona-entere-que-andres-ella-pararon-noche-juntos_202412116759b4b6a4258200013740fc.html,antena3,2024-12-11T15:50:14+00:00
166,alfonso-perez-medina,"El plan de Ábalos ante el juez: contestará a todas las partes, incluido el PP, y negará las acusaciones","La estrategia de Ábalos: La previsión que tiene la defensa del exministro es contestar a todas las partes personadas en la causa, incluida la acusación popular unificada dirigida por el PP. Por otro lado, va a negar el cobro de comisiones.",https://www.lasexta.com/noticias/nacional/plan-abalos-juez-contestara-todas-partes-incluido-negara-acusaciones_202412116759b4a89439f90001e02878.html,lasextanoticias,2024-12-11T15:50:00+00:00
167,alfonso-perez-medina,La jueza contesta a la Fiscalía que hay correos que pueden ser delictivos sobre el cargo del hermano de Sánchez,El contexto: El pasado 3 de diciembre la Fiscalía recurrió ante la Audiencia de Badajoz el auto de la jueza que investiga al hermano de Pedro Sánchez por el que acordó su citación como investigado el próximo 9 de enero.,https://www.lasexta.com/noticias/nacional/jueza-contesta-fiscalia-que-hay-correos-que-puden-ser-delictivos-cargo-hermano-sanchez_202412116759b43e9439f90001e027eb.html,lasextanoticias,2024-12-11T15:48:14+00:00
168,"Vanesa, Sáez Fraile | pelayo-alvarez","El precio de divulgar ciencia: amenazas, insultos y acoso, un problema que afecta especialmente a las mujeres","Un arma de doble filo: Aunque muchos científicos logran acercar el conocimiento al público, cerca del 50% enfrentan insultos, amenazas e intimidaciones. Esta problemática afecta aún más a las mujeres, quienes constituyen el 57% de las principales víctimas de acoso en este ámbito.",https://www.lasexta.com/noticias/ciencia-tecnologia/precio-divulgar-ciencia-amenazas-insultos-acoso-problema-que-afecta-especialmente-mujeres_202412116759b2bcc98fe80001838f6c.html,lasextanoticias,2024-12-11T15:41:48+00:00
169,Julia Zapata,“Me cobraré el favor”: Jesús considera que Marta se ha aprovechado de él para sacar a Fina de la cárcel,Fina ha salido en libertad gracias a los contactos de los De la Reina y Jesús cree que Marta ahora está en deuda con él.,https://www.antena3.com/series/suenos-de-libertad/cobrare-favor-jesus-considera-que-marta-aprovechado-sacar-fina-carcel_202412116759833a7337f20001bc389e.html,antena3,2024-12-11T15:40:14+00:00
170,lasexta-deportes,"Un piloto de Ducati intenta 'reclutar' a Pedro Acosta: ""Me gustaría...""","Michele Pirro, piloto probador de Ducati, dice que el murciano es un ""ganador natural"" y espera verlo en Ducati en el futuro. ",https://www.lasexta.com/noticias/deportes/motor/piloto-ducati-intenta-reclutar-pedro-acosta-gustaria_202412116759b107a425820001373cd7.html,lasextanoticias,2024-12-11T15:34:31+00:00
171,Julia Zapata,Andrés rechaza a María tras acostarse con ella: “Tenemos que hacer como si no hubiese ocurrido”,El hermano de Marta y Jesús no puede creerse que María y él pasasen la noche juntos.,https://www.antena3.com/series/suenos-de-libertad/andres-rechaza-maria-acostarse-ella-tenemos-que-hacer-como-hubiese-ocurrido_20241211675982ab7337f20001bc37bb.html,antena3,2024-12-11T15:30:18+00:00
172,"Carlos, Martín","Oposiciones para el Cuerpo de Arsenales de la Armada: requisitos, fechas y exámenes",El proceso de selección se regirá por medio de concurso-oposición. El plazo de inscripción comenzó el 9 de diciembre y finaliza el 4 de enero de 2025. Se requiere titulación de la ESO.,https://www.lasexta.com/noticias/sociedad/oposiciones-cuerpo-arsenales-armada-requisitos-fechas-examenes_202412116759af689439f90001e0223c.html,lasextanoticias,2024-12-11T15:27:36+00:00
173,lasextacom | servimedia,Ayuso acepta las condiciones del Gobierno para la creación de 1.091 nuevas plazas de profesores universitarios,¿Por qué es importante?: El Consejo de Gobierno de la Comunidad de Madrid ha aprobado en su reunión de este miércoles el convenio que permitirá firmar el Programa María Goyri para incorporar nuevos docentes.,https://www.lasexta.com/noticias/nacional/ayuso-acepta-condiciones-gobierno-creacion-1091-nuevas-plazas-profesores-universitarios_202412116759af3da425820001373a93.html,lasextanoticias,2024-12-11T15:26:53+00:00
174,Julia Zapata,Joaquín no se arrepiente de su beso con Miriam y se sincera con ella: “No dejo de pensar en ti”,"El empresario y su secretaria reconocen sentir algo el uno por el otro, mientras Gema sigue feliz creyendo el deseo de su marido por tener hijos con ella. ",https://www.antena3.com/series/suenos-de-libertad/joaquin-arrepiente-beso-miriam-sincera-ella-dejo-pensar_202412116759adb0c98fe80001838a0e.html,antena3,2024-12-11T15:20:16+00:00
175,lasextacom,Guerra Ucrania - Rusia | Putin descarta la utilización de armas nucleares en Ucrania,"El presidente ruso ha señalado que con el número suficiente de misiles Oréshnik será suficiente y ha considerado ""prácticamente"" innecesario el uso de armas radioactivas.",https://www.lasexta.com/noticias/internacional/guerra-ucrania-rusia-ucrania-dispara-misiles-britanicos-largo-alcance-storm-shadow-territorio-ruso_20241120673df6ef488d690001037576.html,lasextanoticias,2024-12-11T15:17:17+00:00
176,"Sohaib, Nadi","Los sirios buscan a sus familias en las morgues del hospital de Damasco: ""Ahora todos los cadáveres están quemados""","[[IntroductionHighlight:El horror del régimen]] Decenas de cadáveres en descomposición y mutilados han sido localizados por los equipos de rescate que excavaban en busca de celdas ocultas en la prisión de Sednaya, conocida como el 'matadero humano' del régimen.",https://www.lasexta.com/noticias/internacional/sirios-buscan-sus-familias-morgues-hospital-damasco-ahora-todos-cadaveres-estan-quemados_202412116759aa4f9439f90001e01cc3.html,lasextanoticias,2024-12-11T15:05:51+00:00
177,"Andrés, Pantoja","¿Se benefician conscientemente los famosos de su popularidad?: ""No he aprovechado la fama para ligar, otra cosa es...""","¿Qué artimañas utilizan los rostros de Espejo Público en su día a día? Ellos mismos se retratan en directo: la fama, como recurso.",https://www.antena3.com/programas/espejo-publico/noticias/benefician-conscientemente-famosos-popularidad-aprovechado-fama-ligar-otra-cosa_202412116759a82285d24c0001d869c4.html,antena3,2024-12-11T14:56:34+00:00
178,lasexta-deportes,Fernando Alonso elige al gran campeón del futuro en la Fórmula 1,El piloto de Aston Martin cree que Gabriel Bortoleto es el mejor de los novatos que está a punto de llegar a la competición. ,https://www.lasexta.com/noticias/deportes/motor/formula1/fernando-alonso-elige-gran-campeon-futuro-formula-1_202412116759a7b685d24c0001d86946.html,lasextanoticias,2024-12-11T14:54:46+00:00
179,lasextacom,"De California a Manresa para rescatar a su hermana de una secta: ""El cura me agarró y me tiró al suelo""",[[IntroductionHighlight:¿Por qué es importante?]] Adriana de Gerónimo se desplazó desde estados unidos al enterarse de que su hermana estaba en una congregación católica que había recibido denuncias por abusos sexuales.,https://www.lasexta.com/noticias/sociedad/california-manresa-rescatar-hermana-secta-cura-agarro-tiro-suelo_202412116759a34c85d24c0001d864ec.html,lasextanoticias,2024-12-11T14:35:56+00:00
180,lasexta-deportes,"La desesperación que Ducati vivió con Valentino Rossi: ""Hicimos siete versiones de motos diferentes""","Juan Martínez, jefe de mecánicos, recuerda la época de Valentino en la escudería italiana en las temporadas 2011 y 2012 de MotoGP. ",https://www.lasexta.com/noticias/deportes/motor/desesperacion-que-ducati-vivio-valentino-rossi-hicimos-siete-versiones-motos-diferentes_202412116759a2b185d24c0001d86455.html,lasextanoticias,2024-12-11T14:33:21+00:00
181,borja-g-collado,"Asma Al Assad, una ""rosa en el desierto"" para blanquear el sangriento régimen sirio","La esposa del depuesto dictador sirio no fue elegida por casualidad: glamourosa y criada en Reino Unido, el régimen quiso vender una imagen muy concreta para blanquearse en el exterior. ",https://www.lasexta.com/noticias/internacional/asma-assad-rosa-desierto-blanquear-sangriento-regimen-sirio_202412116759a2887337f20001bc6499.html,lasextanoticias,2024-12-11T14:32:40+00:00
182,lasexta-deportes,Fernando Alonso pone fecha a su retirada... con matices,"El bicampeón del mundo de Fórmula 1 ha señalado que 2026 sea ""probablemente"" su última temporada en el 'Gran Circo'. ",https://www.lasexta.com/noticias/deportes/motor/formula1/fernando-alonso-pone-fecha-retirada-matices_2024121167599d4e12583800010fb484.html,lasextanoticias,2024-12-11T14:10:22+00:00
183,esther-redondo,"Sánchez insinúa que el PP actúa en connivencia con algún juez: ""Juegan con las cartas marcadas""","El presidente del Gobierno se cuida de no afirmarlo sino de hablar de una sensación que tiene tras las premonicione, por ejemplo, de Feijóo o del jefe de gabinete de Ayuso sobre que le espera un calvario judicial.",https://www.lasexta.com/noticias/nacional/sanchez-insinua-que-actua-connivencia-algun-juez-juegan-cartas-marcadas_2024121167599c8812583800010fb36b.html,lasextanoticias,2024-12-11T14:07:04+00:00
184,"Laura, Simón","La desesperación de Rita con su hijo autista: ""Nos muerde, se autolesiona... mi hijo está sufriendo""","Desde hace un año y medio el hijo de Rita comenzó a tener un comportamiento incontrolable. Se autolesiona y agrede a su familia. Esta familia, afectada por la DANA, pide ayuda desesperada.",https://www.antena3.com/programas/espejo-publico/noticias/desesperacion-rita-hijo-autista-nos-muerde-autolesiona-hijo-esta-sufriendo_2024121167599c6412583800010fb32c.html,antena3,2024-12-11T14:06:28+00:00
185,"Andrés, Pantoja","La elaborada estafa a una mujer que pierde sus ahorros por un anuncio: ""Al principio no me fío""",Natividad ha visto desaparecer 46.000 euros de lo ahorrado durante años de trabajo. La mujer respondió a la oportunidad de invertir que ofrecía un anuncio en una red social.,https://www.antena3.com/programas/espejo-publico/noticias/elaborada-estafa-mujer-que-pierde-sus-ahorros-anuncio-principio-fio_2024121167599b087337f20001bc5b68.html,antena3,2024-12-11T14:00:40+00:00
186,"Ana, Estévez Sánchez","Miriam González, mujer del exviceprimer ministro del Reino Unido: ""No hay excusa para no asistir a Notre Dame""","¿Qué opina Miriam González, esposa del exviceprimer ministro del Reino Unido Nick Clegg, sobre la ausencia de España en Notre Dame?",https://www.antena3.com/programas/espejo-publico/noticias/hay-excusa-asistir-notre-dame-dice-miriam-gonzalez-mujer-exviceprimer-ministro-reino-unido_20241211675995f312583800010fa95d.html,antena3,2024-12-11T13:38:59+00:00
187,esther-redondo,"Sánchez asegura que presentarán los Presupuestos ""sí o sí"" y responde a Junts: ""Voy a sudar la camiseta y más""","[[IntroductionHighlight:El contexto]] Junts asegura que es ""muy difícil o imposible"" que haya Presupuestos, pero el presidente del Gobierno está decidido a presentarlos y ""sudar la camiseta y más"".",https://www.lasexta.com/noticias/nacional/sanchez-asegura-que-presentaran-presupuestos-responde-junts-voy-sudar-camiseta-mas_20241211675993767337f20001bc5160.html,lasextanoticias,2024-12-11T13:28:22+00:00
188,"Laura, Simón","Vecinos de Murcia, contra los gorrillas: ""Defecan y se masturban en la calle y acosan a las chicas""","Los gorrillas de este barrio de Murcia hostigan a los vecinos, les roban y defecan en la calle. Quienes viven en la zona piden más presencia policial. ""Algunos tienen hasta 70 denuncias pero no les pueden hacer nada"", señala.",https://www.antena3.com/programas/espejo-publico/noticias/vecinos-murcia-gorrillas-defecan-masturban-calle-acosan-chicas_202412116759933785d24c0001d8501b.html,antena3,2024-12-11T13:27:19+00:00
189,lasextacom,"Siria retoma la normalidad con un Al Golani centrado en dar una imagen de moderación: ""No habrá otra guerra""","¿Por qué es importante? El grupo rebelde que dirige, el de mayor influencia en Siria es Hayat Tahrir Al Sham, se caracteriza por sus vínculos con el yihadismo. Por eso, Al Golani centra sus esfuerzos en que la comunidad internacional no le vea como un extremista.",https://www.lasexta.com/noticias/internacional/siria-retoma-normalidad-golani-centrado-dar-imagen-moderacion-habra-otra-guerra_202412116759932785d24c0001d84ff0.html,lasextanoticias,2024-12-11T13:27:03+00:00
190,Cristina García Chacón,"Un postre de Eva Arguiñano, perfecto para esta Navidad: milhojas de chocolate y nata",Eva Arguiñano ha elaborado esta milhojas de chocolate y nata pensando en las fechas que se acercan. Este es un postre fabuloso para celebrar con la familia y amigos esta Navidad.,https://www.antena3.com/programas/karlos-arguinano/recetas/postres/milhojas-chocolate-nata_202412116759850685d24c0001d8390a.html,antena3,2024-12-11T13:02:28+00:00
191,lasexta-deportes,"Hamilton señala quién es el ""mejor campeón del mundo"" contra el que ha competido en F1",El piloto británico se ha rendido ante el retirado Sebastián Vettel por su labor social y su rendimiento en pista.,https://www.lasexta.com/noticias/deportes/motor/formula1/hamilton-senala-quien-mejor-campeon-mundo-que-competido_2024121167598d4e85d24c0001d846d7.html,lasextanoticias,2024-12-11T13:02:06+00:00
192,lasextacom | agencias,Tertsch y Buxadé (Vox) intentan boicotear una charla de Zapatero sobre violencia machista en la Eurocámara,"Momentos de tensión Los eurodiputados de Vox han increpado al expresidente al grito de ""asesino"" y ""cómplice"" de Nicolás Maduro, intentando reventar así el debate en el que participaba.",https://www.lasexta.com/noticias/nacional/tertsch-buxade-vox-intentan-boicotear-charla-zapatero-violencia-machista-eurocamara_202412116759896d85d24c0001d83fef.html,lasextanoticias,2024-12-11T12:56:23+00:00
193,lasextacom | maria-llapart,"Ábalos dice que nunca se ""tenía que haber fiado"" de Koldo y carga contra Aldama: ""No tiene ninguna prueba, solo quiere la libertad""","A unas horas de declarar ante el Supremo por la trama Koldo, el exministro asegura que puede probar su inocendia y denuncia una operación judicial y política contra él.",https://www.lasexta.com/noticias/nacional/abalos-dice-que-nunca-tenia-que-haber-fiado-koldo-carga-aldama-tiene-ninguna-prueba-solo-quiere-libertad_202412116759873012583800010f9254.html,lasextanoticias,2024-12-11T12:36:00+00:00
194,lasextacom | agencias,Israel aprovecha la caída de Al Assad para ocupar territorio sirio y destruye el 70% de sus capacidades militares,"[[IntroductionHighlight:La estrategia israelí]] El Estado judío vio una oportunidad para controlar zonas en Siria después del vacío de poder en el país árabe. Para evitar acusaciones, Israel usó su argumento estrella: habla de un despliegue temporal cuyo objetivo es asegurar su frontera.",https://www.lasexta.com/noticias/internacional/israel-aprovecha-caida-assad-ocupar-territorio-sirio-destruye-70-sus-capacidades-militares_202412116759855a7337f20001bc3bce.html,lasextanoticias,2024-12-11T12:28:10+00:00
195,"Andrés, Pantoja","""¡Por Dios, qué error más grande!"": Carmen Duerto valora las palabras de la reina Letizia en el funeral de la DANA","La periodsta especializada en Casa Real, Carmen Duerto, analiza lo que la reina Letizia le dijo a la hija de una de las víctimas de la DANA, en el funeral celebrado en la Catedral de Valencia.",https://www.antena3.com/programas/espejo-publico/noticias/dios-que-error-mas-grande-carmen-duerto-valora-palabras-reina-letizia-funeral-dana_202412116759839b85d24c0001d836f9.html,antena3,2024-12-11T12:20:43+00:00
196,lasextacom,"Vivienda e inmigración a escala europea, lo que más preocupa a los españoles, según el Eurobarómetro","[[IntroductionHighlight:El dato]] De acuerdo con este estudio, la inmigración inquieta a un 34 % de los ciudadanos de España, un dato superior a la media europea (28 %) y que crece 13 puntos con respecto a hace seis meses.",https://www.lasexta.com/noticias/internacional/vivienda-inmigracion-escala-europea-que-mas-preocupa-espanoles-segun-eurobarometro_20241211675982ee7337f20001bc3818.html,lasextanoticias,2024-12-11T12:17:50+00:00
197,ruth-rincon,Investigan por qué no avisó la pulsera telemática del asesino machista de Mallorca,"[[IntroductionHighlight:¿Qué falló?]] El presunto asesino, ahora detenido, tenía una orden de alejamiento y una pulsera telemática, que sin embargo no se activó cuando vulneró la prohibición de acercarse a la víctima. Ahora se investiga por qué.",https://www.lasexta.com/noticias/sociedad/investigan-que-aviso-pulsera-telematica-asesino-machista-mallorca_20241211675981c285d24c0001d8341a.html,lasextanoticias,2024-12-11T12:12:50+00:00
198,lasexta-deportes,Fernando Alonso pide a Aston Martin que emule a McLaren,"El ovetense ha puesto de ejemplo la metamorfosis de los de Woking en las dos últimas temporadas hasta convertirse en el coche ""más rápido de la parrilla"".",https://www.lasexta.com/noticias/deportes/motor/formula1/fernando-alonso-pide-aston-martin-que-emule-mclaren_2024121167597d9785d24c0001d82d77.html,lasextanoticias,2024-12-11T11:55:03+00:00
199,"Raúl, García García","Drogarse en el trabajo: ""Contaba mi nómina en gramos de cocaína""","“Creía que era muchísimo más creativo, aguantaba muchas más horas…” Cinco trabajadores nos cuentan su experiencia como consumidores de droga durante su jornada laboral. Todos han conseguido dejar de consumir.",https://www.antena3.com/programas/espejo-publico/noticias/drogarse-trabajo-contaba-nomina-gramos-cocaina_20241211675978ae1258380001fc6a7e.html,antena3,2024-12-11T11:34:06+00:00
200,lasextacom,"Sánchez saca pecho por la economía ante un PP ""sin propuestas"" ni ""preguntas"" sobre las preocupaciones de los españoles","La sesión de control de hoy al Gobierno ha evidenciado claramente la contradictoria lectura política que hacen PP y PSOE del momento que vive España. Para el PP todo es corrupción, mientras el Gobierno defiende los buenos datos económicos.",https://www.lasexta.com/noticias/nacional/sanchez-saca-pecho-economia-propuestas-preguntas-preocupaciones-espanoles_202412116759788f7337f20001bc2b04.html,lasextanoticias,2024-12-11T11:33:35+00:00
201,lasexta-deportes,"Fernando Alonso, en 'modo romántico' con Adrian Newey hablando del ""destino""",El piloto de Aston Martin ha analizado su esperada unión con el ingeniero más exitoso de la historia de Fórmula 1. ,https://www.lasexta.com/noticias/deportes/motor/formula1/fernando-alonso-modo-romantico-adrian-newey-hablando-destino_202412116759738485d24c0001d820b1.html,lasextanoticias,2024-12-11T11:12:04+00:00
202,"Carina, Verdú",El 'zasca' de Josep Borrell a una periodista de Espejo Público,El exjefe de la diplomacia europea no quiere oír hablar del 'postsanchismo' y huye de las preguntas que se le plantean sobre este tema.,https://www.antena3.com/programas/espejo-publico/noticias/zasca-josep-borrell-periodista-espejo-publico_20241211675972cd1258380001fc63df.html,antena3,2024-12-11T11:09:01+00:00
203,agencias | lasextacom,La Policía investiga presuntos abusos sexuales a una niña por otros menores de un colegio de Granada,"[[IntroductionHighlight:La denuncia]] Los hechos se habrían producido en un centro educativo y tanto la víctima como sus agresores son menores, sin que la Policía haya detallado si tienen menos de 14 años.",https://www.lasexta.com/noticias/sociedad/policia-investiga-presuntos-abusos-sexuales-nina-otros-menores-colegio-granada_202412116759714f1258380001fc6215.html,lasextanoticias,2024-12-11T11:02:39+00:00
204,"Laura, Simón","Meri buscó a su padre muerto 10 días por el lodo de la DANA: ""¿Cómo me iba a sentar con los asesinos de mi padre en el funeral?""",Después de perder a su padre en las inundaciones de la DANA Meri puso en marcha una plataforma de firmas para exigir que se abra una investigación que depure responsabilidades.,https://www.antena3.com/programas/espejo-publico/noticias/meri-busco-padre-muerto-10-dias-lodo-dana-como-iba-sentar-asesinos-padre-funeral_2024121167596f5a7337f20001bc2090.html,antena3,2024-12-11T10:54:18+00:00
205,alfonso-perez-medina,El Supremo unifica las acusaciones populares en el PP ante la declaración de Ábalos por el caso Koldo,"[[IntroductionHighlight:El criterio]] Como las acusaciones populares no se ponían de acuerdo, el juez que investiga al exministro en el Supremo ha decidido seguir el criterio de cuál se personó primero en la causa. En este caso, fue el PP. ",https://www.lasexta.com/noticias/nacional/supremo-unifica-acusaciones-populares-declaracion-abalos-caso-koldo_2024121167596f3f7337f20001bc204f.html,lasextanoticias,2024-12-11T10:53:51+00:00
206,Sara Sanz,"Antonio pide perdón a sus hijos en directo: ""Parece que me he separado sin motivo""","A sus 87 años, Antonio lleva 5 años sin hablarse con sus dos hijos mayores. Según nos cuenta, su exmujer les puso en su contra y ahora él quiere recuperar la relación. ",https://www.antena3.com/programas/y-ahora-sonsoles/antonio-pide-perdon-sus-hijos-directo-parece-que-separado-motivo_2024121167596b4185d24c0001d815e6.html,antena3,2024-12-11T10:36:49+00:00
207,lasextacom,"Rufián: ""Estoy convencido de que Junts hará presidente a Feijóo de una forma u otra""",[[IntroductionHighlight:Contexto]] El portavoz de ERC cree que esto explica los últimos movimientos de la derecha catalana contra el Gobierno como pedir que Sánchez se someta a una cuestión de confianza o intentar tumbar junto al PP un impuesto energético.,https://www.lasexta.com/noticias/nacional/rufian-estoy-convencido-que-junts-hara-presidente-feijoo-forma-otra_202412116759693d7337f20001bc1921.html,lasextanoticias,2024-12-11T10:28:13+00:00
208,europa-press,'The Economist' elige a España como la economía OCDE que mejor lo hizo en 2024,"Este sólido ránking del prestigioso semanario británico se basa en cinco indicadores para situar a España a la cabeza de 37 países. Son el crecimiento del PIB, la inflación, los retornos bursátiles, la reducción del desempleo y el balance fiscal.",https://www.lasexta.com/noticias/economia/the-economist-elige-espana-como-economia-ocde-que-mejor-hizo-2024_20241211675968017337f20001bc181d.html,lasextanoticias,2024-12-11T10:22:57+00:00
209,guillermo-alvarez,"Fernando Alonso ve posible ganar el Mundial de F1: ""Es mi única oportunidad""","El bicampeón del mundo de Fórmula 1 ha depositado todas sus esperanzas en 2026, temporada en la que se ejecutará el nuevo reglamento con un Aston Martin diseñado por Adrian Newey en la fábrica de última generación en Silverstone. ",https://www.lasexta.com/noticias/deportes/motor/formula1/fernando-alonso-posible-ganar-mundial-unica-oportunidad_20241211675966e085d24c0001d810d4.html,lasextanoticias,2024-12-11T10:18:08+00:00
210,"Andrés, Pantoja","Toni Bolaño, sobre el último ataque de Ayuso a Sánchez: ""Jefe de Estado como Franco, mejor muerto y enterrado""","Los últimos actos a los que ha acudido, y a los que no, el presidente del Gobierno, han generado numerosas críticas y acusaciones desde la oposición. Uno de los ataques más potentes provenía de la presidenta de la Comunidad de Madrid, Isabel Díaz Ayuso. ",https://www.antena3.com/programas/espejo-publico/noticias/toni-bolano-ultimo-ataque-ayuso-sanchez-jefe-estado-como-franco-mejor-muerto-enterrado_202412116759642e85d24c0001d80ddb.html,antena3,2024-12-11T10:06:38+00:00
211,Desirée Castillo,"Bahar inspira a Ziyan a enfrentar su enfermedad con esperanza: “Yo elegí vivir, tú también puedes”",Bahar comparte su propia historia para darle fuerza y esperanza al hombre. ¡Un momento que ninguno de los dos olvidará!,https://www.antena3.com/series/renacer/bahar-inspira-ziyan-enfrentar-enfermedad-esperanza-elegi-vivir-tambien-puedes_20241211675962b285d24c0001d80c1f.html,antena3,2024-12-11T10:00:18+00:00
212,lasextacom,"Junts insta al Gobierno a ""mover el culo"" tras aliarse con un PP que afea a Sánchez su ""precariedad parlamentaria""","[[IntroductionHighlight:El contexto]] Después del órdago de Puigdemont y de pactar una enmienda con el PP, Junts insta a Sánchez a ""no tentar a la suerte con Junts"": ""No vamos de farol"". ",https://www.lasexta.com/noticias/nacional/junts-insta-gobierno-mover-culo-aliarse-que-afea-sanchez-precariedad-parlamentaria_2024121167595da27337f20001bc0cc9.html,lasextanoticias,2024-12-11T09:38:42+00:00
213,lasextacom | agencias,"Milei anuncia una ""motosierra profunda"" para Argentina en 2025 y dice que bajará un 90% los impuestos","El presidente de Argentina ha señalado que durante su segundo año de mandato eliminará más organismos públicos, abogando por un ""Estado más chico, más efectivo y más barato"".",https://www.lasexta.com/noticias/internacional/milei-anuncia-motosierra-profunda-argentina-2025-dice-que-bajara-90-impuestos_202412116759595e1258380001fc4669.html,lasextanoticias,2024-12-11T09:29:57+00:00
214,lasexta-deportes,"Fernando Alonso rompe los esquemas de Aston Martin: ""Es solo mérito suyo""","Tom McCullough, director de rendimiento del equipo, ha destacado la labor del asturiano en clasificación con un coche que muchas veces no estaba para entrar en Q3. ",https://www.lasexta.com/noticias/deportes/motor/formula1/fernando-alonso-rompe-esquemas-aston-martin-solo-merito-suyo_2024121167595b827337f20001bc0a84.html,lasextanoticias,2024-12-11T09:29:38+00:00
215,agencias | lasextacom,"Irán culpa a EEUU e Israel de la caída de Al-Asad: ""Es un plan conjunto; tenemos pruebas de ello""","[[IntroductionHighlight:La caída de un aliado]] El depuesto dictador sirio Bashar al-Asad es un aliado de Teherán y formaba parte del llamado Eje de la resistencia. Ahora, el líder supremo de Irán busca culpables de esta derrota en su primer discurso tras el derrocamiento.  ",https://www.lasexta.com/noticias/nacional/iran-culpa-eeuu-israel-caida-alasad-plan-conjunto-tenemos-pruebas-ello_20241211675956141258380001fc4311.html,lasextanoticias,2024-12-11T09:06:28+00:00
216,agencias | joanna-ivars,"El frío, la nieve y la lluvia activan los avisos en ocho comunidades","[[IntroductionHighlight:¿Qué podemos esperar?]] El frío será el protagonista de estos días, con temperaturas mínimas de hasta seis grados bajo cero. En cuanto a la lluvia, se esperan precipitaciones en zonas de Cataluña, Baleares y la Comunidad Valenciana.",https://www.lasexta.com/noticias/el-tiempo/frio-nieve-lluvia-activan-avisos-ocho-comunidades_2024121167594d8e7337f20001bbfcea.html,lasextanoticias,2024-12-11T08:38:33+00:00
217,lasexta-deportes,"Ducati, sobre una posible mala relación entre Marc Márquez y Bagnaia: ""Dicen que tendremos problemas...""","Davide Tardozzi, team manager del Lenovo Ducati, se ha mostrado categórico cuando le han preguntado por la gestión que hará el equipo con los dos equipos. ",https://www.lasexta.com/noticias/deportes/motor/ducati-posible-mala-relacion-marc-marquez-bagnaia-dicen-que-tendremos-problemas_2024121167594ed085d24c0001d7f639.html,lasextanoticias,2024-12-11T08:35:28+00:00
218,efe,El exministro de Defensa surcoreano intenta suicidarse tras ser detenido,"[[IntroductionHighlight:En prisión]] Kim Yong-hyun, exministro de Defensa surcoreano, fue arrestado formalmente este martes al ser acusado de insurrección por asistir al presidente a la hora de declarar la ley marcial.",https://www.lasexta.com/noticias/internacional/exministro-defensa-surcoreano-intenta-suicidarse-ser-detenido_2024121167594e8785d24c0001d7f5fa.html,lasextanoticias,2024-12-11T08:34:15+00:00
219,efe,La Policía registra la oficina del presidente de Corea del Sur en relación a la ley marcial,"[[IntroductionHighlight:Contexto]] El presidente Yoon Suk-yeol impuso la semana pasada una ley marcial que después tuvo que rectificar. Por ello, se le investiga por las autoridades surcoreanas que están barajando pedir su detención.",https://www.lasexta.com/noticias/internacional/policia-registra-oficina-presidente-corea-sur-relacion-ley-marcial_2024121167594d277337f20001bbfc9f.html,lasextanoticias,2024-12-11T08:28:23+00:00
220,lasextacom,"Última hora política, en directo | Cara a cara de Sánchez y Feijóo tras el pacto PP-Junts y el órdago de Puigdemont","El Gobierno afronta una nueva sesión de control en la que el PP intentará ahondar en su discurso sobre la ""agonía"" y la falta de ""apoyos parlamentarios"" de los socialistas después de que los 'populares' lograran el apoyo de Junts para tumbar un impuesto eléctrico.",https://www.lasexta.com/noticias/nacional/ultima-hora-politica-directo-cara-cara-sanchez-feijoo-pacto-ppjunts-ordago-puigdemont_20241211675945ea1258380001fc3309.html,lasextanoticias,2024-12-11T08:00:44+00:00
221,lasexta-deportes,La opinión de Verstappen sobre la situación de 'Checo' Pérez en Red Bull,El campeón del mundo de Fórmula 1 ha mostrado su apoyo al piloto mexicano tras la oleada de críticas que está recibiendo y ante su más que probable despido. ,https://www.lasexta.com/noticias/deportes/motor/formula1/opinion-verstappen-situacion-checo-perez-red-bull_20241211675943941258380001fc310f.html,lasextanoticias,2024-12-11T07:47:32+00:00
222,maria-llapart | esther-redondo,"El Gobierno busca revertir el pacto PP-Junts como sea: ""Lo vamos a arreglar""","[[IntroductionHighlight:¿Qué pasa ahora?]] Aunque en principio se había desconvocado la reunión de la comisión del jueves para ganar tiempo, finalmente podría celebrarse. El Gobierno asegura que tiene un plan.",https://www.lasexta.com/noticias/nacional/gobierno-busca-revertir-pacto-ppjunts-como-sea-vamos-arreglar_2024121167593f4785d24c0001d7e7af.html,lasextanoticias,2024-12-11T07:29:11+00:00
223,efe,La UE logra un acuerdo unánime sobre la pesca de 2025 en el Atlántico y el Mediterráneo,"[[IntroductionHighlight:¿En qué consiste?]] El comisario europeo de Pesca, Costas Kadis, ha asegurado se seguirá pescando ""los mismos días prácticamente, casi las mismas posibilidades de pesca pero de manera más sostenible"".",https://www.lasexta.com/noticias/economia/logra-acuerdo-unanime-pesca-2025-atlantico-mediterraneo_2024121167593e8b7337f20001bbf066.html,lasextanoticias,2024-12-11T07:26:03+00:00
224,Desirée Castillo,"Bahar pierde el conocimiento y Timur corre a su lado, dejando a Rengin cara a cara con la realidad: él sí la ama","Hasta ahora, Rengin estaba convencida de que su amante no amaba a su esposa y que el divorcio sería inevitable, pero la reacción de Timur ante la caída de Bahar lo cambia todo. ",https://www.antena3.com/series/renacer/bahar-pierde-conocimiento-timur-corre-lado-dejando-rengin-cara-cara-realidad-ama_202412116758d4a07337f20001bbbf66.html,antena3,2024-12-10T23:54:08+00:00
225,Desirée Castillo,La indiferencia de Rengin ante Bahar deja claro que no olvida ni perdona el pasado,"Este tenso momento ha dejado claro que el pasado entre ellas es una herida que no está dispuesta a cicatrizar, y que la reconciliación parece imposible por ahora.",https://www.antena3.com/series/renacer/indiferencia-rengin-bahar-deja-claro-que-olvida-perdona-pasado_202412116758d23585d24c0001d7ad4b.html,antena3,2024-12-10T23:43:49+00:00
226,Azahar Flores | Desirée Castillo,Un descuido que casi lo delata: Timur sorprende a Bahar con la misma pulsera que le regaló a Rengin,Timur se las ha arreglado para que Bahar crea que la factura de la pulsera era un regalo para ella.,https://www.antena3.com/series/renacer/descuido-que-casi-delata-timur-sorprende-bahar-misma-pulsera-que-regalo-rengin_202412116758ca147337f20001bbba9c.html,antena3,2024-12-10T23:09:08+00:00
227,Azahar Flores | Desirée Castillo,"El demoledor reproche de Parla a Rengin por su relación con Timur: ""Me debes una familia""","Por primera vez, la doctora se ha dado cuenta del daño que su relación con Timur le está causando no solo a ella misma, sino también a su propia hija.",https://www.antena3.com/series/renacer/demoledor-reproche-parla-rengin-relacion-timur-debes-familia_202412116758c97485d24c0001d7a85b.html,antena3,2024-12-10T23:06:28+00:00
228,Desirée Castillo | Azahar Flores,Umay pide perdón a Bahar por no entender su sueño: “Yo también me burlaba de ti”,"Ambas se han fundido en un emotivo abrazo, dejando claro que, a pesar de todo, se tienen la una a la otra. ",https://www.antena3.com/series/renacer/umay-pide-perdon-bahar-entender-sueno-tambien-burlaba_202412116758c8627337f20001bbb990.html,antena3,2024-12-10T23:01:54+00:00
229,Desirée Castillo,¡Timur tiembla!: Parla pone en riesgo su doble vida con sus indirectas frente a toda su familia,La hija de Rengin llega a la casa de Timur con un objetivo claro: incomodarlo hasta el límite.,https://www.antena3.com/series/renacer/timur-tiembla-parla-pone-riesgo-doble-vida-sus-indirectas-frente-toda-familia_202412106758c4451258380001fbeac6.html,antena3,2024-12-10T22:44:21+00:00
230,lasextacom,Balance de 2024: ¿Qué es lo que más hemos buscado en Google este año?,"[[IntroductionHighlight:Admítelo, tú también lo has hecho]] Los españoles se han preguntado qué le pasaba a Kate Middleton, por qué Mbappé sabe castellano o por qué se orina negro. ",https://www.lasexta.com/noticias/sociedad/balance-2024-que-que-mas-hemos-buscado-google-este-ano_202412106758c40a7337f20001bbb6d9.html,lasextanoticias,2024-12-10T22:43:22+00:00
231,lasextacom,"Se cumplen 40 años de la fuga de 'El Vaquilla', una de las huidas más sonadas de la historia de España","[[IntroductionHighlight:El contexto]] Juan José Moreno Cuenca, más conocido como 'El Vaquilla', logró escapar de una prisión de Lleida con otros cinco reclusos amenazando con objetos punzantes a los funcionarios.",https://www.lasexta.com/noticias/sociedad/cumplen-40-anos-fuga-vaquilla-huidas-mas-sonadas-historia-espana_202412106758bdcf85d24c0001d79f64.html,lasextanoticias,2024-12-10T22:16:47+00:00
232,"Isabel, Pastor | pepa-pelaez",'Superman' vuelve a las pantallas con polémica: así es el último 'challenge' del que advierten los Mossos,"[[IntroductionHighlight:¿En qué consiste?]] Una persona tiene que saltar en plancha, mientras que dos que han entrelazado sus brazos tienen que cogerle e impulsarle hacia atrás.  ",https://www.lasexta.com/noticias/sociedad/superman-vuelve-pantallas-polemica-asi-ultimo-challenge-que-advierten-mossos_202412106758ba481258380001fbe101.html,lasextanoticias,2024-12-10T22:01:44+00:00
233,lasextacom,Netanyahu declara por primera vez ante un tribunal por corrupción: estos son los casos por los que se le acusa,[[IntroductionHighlight:El contexto]] Netanyahu fue acusado en 2019 en tres casos relacionados con regalos de amigos millonarios y por supuestamente buscar favores regulatorios para magnates de los medios a cambio de una cobertura favorable.,https://www.lasexta.com/noticias/internacional/netanyahu-declara-primera-vez-tribunal-corrupcion-estos-son-casos-que-acusa_202412106758b88a7337f20001bbad33.html,lasextanoticias,2024-12-10T21:54:18+00:00
234,julian-garcia,Bellingham baila en el área,"El Real Madrid se lleva la victoria contra la Atalanta (2-3) con un auténtico golazo de Jude. Mbappé, que también marcó, se retiró lesionado en la primera mitad.",https://www.lasexta.com/noticias/deportes/futbol/bellingham-baila-area_202412106758b83e7337f20001bbace3.html,lasextanoticias,2024-12-10T21:53:02+00:00
235,Roberto Fernández Ferreira,"¿Ha llegado al cine para quedarse? C. Tangana se sincera: ""No tengo otra cosa en la cabeza""",El artista ha emprendido su primera aventura como director de cine y al parecer no puede haber quedado más satisfecho.,https://www.antena3.com/programas/el-hormiguero/entrevista/llegado-cine-quedarse-tangana-sincera-tengo-otra-cosa-cabeza_202412106758b3331258380001fbdb5d.html,antena3,2024-12-10T21:31:31+00:00
236,lasexta-deportes,"Kylian Mbappé, lesionado contra la Atalanta","Kylian, que volvió a marcar contra la Atalanta, se retiró lesionado antes del descanso. Le sustituyó Rodrygo Goes. ",https://www.lasexta.com/noticias/deportes/futbol/kylian-mbappe-lesionado-atalanta_202412106758a74785d24c0001d78a2e.html,lasextanoticias,2024-12-10T20:40:39+00:00
237,"Cristina, Tiburón","El presunto asesino del CEO de la aseguradora United Healthcare aseguró que ""estos parásitos se lo merecían""","[[IntroductionHighlight:Los detalles]] Luigi Mangione, acusado por el asesinato de Brian Thompson, llevaba seis meses desaparecido y lo ha justificado alegando problemas de espalda.",https://www.lasexta.com/noticias/internacional/presunto-asesino-ceo-aseguradora-united-healthcare-aseguro-que-estos-parasitos-merecian_202412106758a6f41258380001fbd091.html,lasextanoticias,2024-12-10T20:39:16+00:00
238,pedro-gomez,Begoña Gómez pide al juez que se protejan sus datos y avisa de que la información sobre sus cuentas bancarias es errónea,"[[IntroductionHighlight:¿Por qué es importante?]] La defensa de Begoña Gómez ha pedido al juzgado de instrucción nº41 de Madrid que se protejan sus datos y que lo aportado por el punto neutro judicial, sobre sus cuentas bancarias, se notifique como datos erróneos.",https://www.lasexta.com/noticias/nacional/begona-gomez-pide-juez-que-protejan-sus-datos-avisa-que-informacion-sus-cuentas-bancarias-erronea_2024121067589f8685d24c0001d781f2.html,lasextanoticias,2024-12-10T20:07:34+00:00
239,Alberto Mendo,De un lapsus fatal… ¿a la épica? El duelo más desigual entre Manu y Rosa en El Rosco,"El concursante madrileño ha hecho una primera vuelta para enmarcar, mientras que su rival ha acusado un fallo demasiado tempranero y se ha enfrentado a su remontada más difícil. ",https://www.antena3.com/programas/pasapalabra/rosco/lapsus-fatal-epica-duelo-mas-desigual-manu-rosa_2024121067589efa85d24c0001d78125.html,antena3,2024-12-10T20:05:14+00:00
240,Alberto Mendo,Los invitados alucinan con el poema de despedida que Manu les dedica: “Sans-seacabó”,"José Corbacho, Chiqui Fernández, Natalia Ferviú y Carles Sans se han rendido ante los ingeniosos versos del concursante: “Todo eso estando nervioso”.",https://www.antena3.com/programas/pasapalabra/mejores-momentos/invitados-alucinan-poema-despedida-manu_2024121067589b761258380001fbc505.html,antena3,2024-12-10T19:50:14+00:00
241,"Alex, Voytyuk","Los Asad, ricos que no lloran: cambian Siria por Rusia, pero mantendrán su elevado tren de vida","[[IntroductionHighlight:¿Por qué es importante?]]  Los responsables de todo el horror de Siria, sanos y salvo en Rusia. La familia Assad seguirá disfrutando de sus lujos en uno de los 22 pisos que adquirieron en uno de los barrios más ricos de Moscú.",https://www.lasexta.com/noticias/internacional/asad-ricos-que-lloran-cambian-siria-rusia-pero-mantendran-elevado-tren-vida_20241210675899be85d24c0001d77c31.html,lasextanoticias,2024-12-10T19:42:54+00:00
242,lasextacom,"Ayuso acusa a Sánchez de ""enloquecer"" y ""provocar violencia"" al querer celebrar los 50 años sin la dictadura fascista de Franco",[[IntroductionHighlight:El contexto]] Este martes Sánchez ha anunciado para 2025 una conmemoración especial por los 50 años de la muerte del dictador. Ayuso ha sido la primera en reaccionar y ha anunciado que la Comunidad de Madrid no se sumará a un solo de estos eventos.,https://www.lasexta.com/noticias/nacional/ayuso-acusa-sanchez-enloquecer-provocar-violencia-querer-celebrar-50-anos-dictadura-fascista-franco_20241210675898ed7337f20001bb935a.html,lasextanoticias,2024-12-10T19:39:25+00:00
243,lasexta-deportes,"La reflexión del nuevo jefe de Marc Márquez en Ducati: ""Si arrasas te conviertes en antipático""","Gigi Dall'Igna, ingeniero jefe de Ducati, dice que en la marca deben trabajar para seguir ganando y no 'arrasar' en el mundial de MotoGP. ",https://www.lasexta.com/noticias/deportes/motor/reflexion-nuevo-jefe-marc-marquez-ducati-arrasas-conviertes-antipatico_20241210675897c885d24c0001d77a7d.html,lasextanoticias,2024-12-10T19:34:32+00:00
244,lasextacom | agencias,"Tensión entre senadores del PP durante el interrogatorio a un coronel en la comisión del 'caso Koldo': ""Está bastante impertinente""",Lo que pasa en la comisión se queda en la comisión. Es lo que han querido escenificar los dos senadores del PP tras su enfrentamiento. Minutos más tarde se han dejado ver en los pasillos del Senado conversando de manera cordial.,https://www.lasexta.com/noticias/nacional/tension-senadores-interrogatorio-coronel-comision-caso-koldo-esta-bastante-impertinente_20241210675894a47337f20001bb9009.html,lasextanoticias,2024-12-10T19:21:08+00:00
245,Alberto Mendo,El golpe de inspiración de José Corbacho en La Pista… ¡gracias a Yolanda Ramos!,El cómico ha reconocido la canción al recordar una de las mejores imitaciones de Yolanda Ramos en Tu cara me suena.,https://www.antena3.com/programas/pasapalabra/mejores-momentos/golpe-inspiracion-jose-corbacho-pista-gracias-yolanda-ramos_202412106758946e85d24c0001d7778f.html,antena3,2024-12-10T19:20:14+00:00
246,"Noelia, Chaves",División en el PP con dos modelos enfrentados en busca de definir su relación con la ultraderecha,[[IntroductionHighlight:¿El PP se aleja o se acerca a Vox?]] Son horas críticas para establecer la relación entre el PP y VOX tras la amenaza de los ultras de no aprobar los presupuestos en seis comunidades autónomas. Una división que se centra en acercarse o alejarse de la ultraderecha.,https://www.lasexta.com/noticias/nacional/division-dos-modelos-enfrentados-busca-definir-relacion-ultraderecha_20241210675894297337f20001bb8fb8.html,lasextanoticias,2024-12-10T19:19:05+00:00
247,Alberto Mendo,¡Qué bonito! El mensaje definitivo de la madre de José Corbacho para Roberto Leal,El cómico ha revelado la bronca que le ha echado su madre por decir que es fan de Jorge Fernández y de Juanra Bonet en los programas anteriores.,https://www.antena3.com/programas/pasapalabra/mejores-momentos/bonito-mensaje-madre-jose-corbacho-roberto-leal_202412106758921a1258380001fbbc3f.html,antena3,2024-12-10T19:10:18+00:00
248,Sara Sanz,"Máximo Valverde recuerda los grandes romances de su vida: ""A la Pantoja de ahora yo ya no la conozco""","El actor fue uno de los hombres con más currículum amoroso de nuestro país. Ahora, después de muchos años de romances, vuelve a estar soltero. ¿Quién sigue clavado en el corazón de Máximo Valverde?",https://www.antena3.com/programas/y-ahora-sonsoles/maximo-valverde-recuerda-grandes-romances-vida-pantoja-ahora-conozco_20241210675891661258380001fbbb78.html,antena3,2024-12-10T19:07:18+00:00
249,antena3com,"Cristina Pedroche y Alberto Chicote repiten en las Campanadas de Antena 3, las más vistas de la televisión","Las Campanadas del año pasado fueron líderes de toda la televisión con un 34,4% de cuota y 5,6M de espectadores.",https://www.antena3.com/campanadas/2025/cristina-pedroche-alberto-chicote-repiten-mas-vistas-television_2024121067588ffa7337f20001bb8bbb.html,antena3,2024-12-10T19:01:14+00:00
250,Ana Bermejo Lillo,Repasamos la historia de Marta y Fina que ha emocionado al público tras 200 capítulos de Sueños de libertad,La pareja formada por las #Mafin ha superado todo tipo de obstáculos y causa pasión en los espectadores. ,https://www.antena3.com/series/suenos-de-libertad/repasamos-historia-marta-fina-que-emocionado-publico-200-capitulos_20241210675878d11258380001fba3a9.html,antena3,2024-12-10T19:00:15+00:00
251,lasexta-deportes,"El acusado del chantaje a la familia Schumacher admite los hechos: ""Pensaba que podía ganar dinero...""","Yilmaz Tozturkan, el que fuera agente de seguridad de la familia, ha admitido que intentó ""ganar dinero"" chantajeando con publicar datos personales del estado de salud del expiloto.",https://www.lasexta.com/noticias/deportes/motor/formula1/acusado-chantaje-familia-schumacher-admite-hechos-pensaba-que-podia-ganar-dinero_2024121067588a0585d24c0001d76cfd.html,lasextanoticias,2024-12-10T18:35:49+00:00
252,Sara Sanz,"El legado de Manolo Santana, ¿en peligro?: el entorno del tenista carga contra su viuda","Mañana se cumplen 3 años de la pérdida de Manolo Santana, referente español del tenis mundial en los años 60. Sin embargo, su legado está en peligro y todos apuntan a su viuda como responsable del declive. ",https://www.antena3.com/programas/y-ahora-sonsoles/legado-manolo-santana-peligro-entorno-tenista-carga-viuda_202412106758875f7337f20001bb8402.html,antena3,2024-12-10T18:24:31+00:00
253,Sara Sanz,Aingeru descubre gracias a un video que su vecino mató a su perro a palos,"Aingeru llevaba 7 años con Toby, el perro de la familia, un caniche que le acompañaba a todas partes. Por eso aún trata de recuperarse de la brutal muerte de Toby: el animal murió de apaleado a manos de un vecino, aunque este intentó ocultarlo. ",https://www.antena3.com/programas/y-ahora-sonsoles/aingeru-descubre-gracias-video-que-vecino-mato-perro-palos_202412106758818c7337f20001bb7eea.html,antena3,2024-12-10T17:59:40+00:00
254,lasexta-deportes,El contundente dato de Carlos Sainz en los test de Abu Dabi: ya mejora a Albon y Colapinto,"En su primer día en test oficiales con Williams, Carlos ya hizo mejores tiempos que Alex Albon y Franco Colapinto.",https://www.lasexta.com/noticias/deportes/motor/formula1/contundente-dato-carlos-sainz-test-abu-dabi-mejora-albon-colapinto_20241210675880ac85d24c0001d76333.html,lasextanoticias,2024-12-10T17:55:56+00:00
255,Sara Sanz,"José, denunciado por incumplir el contrato de consentimiento sexual con su pareja: ""Me pasé 15 minutos del horario""","Llevaban ocho años juntos y decidieron firmar un contrato que establecía un horario para tener relaciones sexuales: de 22:30 a 22:55. Sin embargo, un día José se pasó quince minutos y su pareja le denunció. ",https://www.antena3.com/programas/y-ahora-sonsoles/jose-denunciado-incumplir-contrato-consentimiento-sexual-pareja-pase-15-minutos-horario_2024121067587cfe85d24c0001d75f73.html,antena3,2024-12-10T17:40:14+00:00
256,lasextacom | efe,El Gobierno propone a Carlos San Basilio como nuevo presidente de la CNMV,"[[IntroductionHighlight:¿A qué se debe el cambio?]] San Basilio y Marín sustituirán a Rodrigo Bonaventura y a Montserrat Martínez, cuyos mandatos expiraban el 16 de diciembre. ",https://www.lasexta.com/noticias/nacional/gobierno-nombra-carlos-san-basilio-como-nuevo-presidente-cnmv_20241210675877767337f20001bb76ea.html,lasextanoticias,2024-12-10T17:16:38+00:00
257,Sara Sanz,Embargada por no pagar la factura del rescate tras su intento de suicidio,"Una joven intenta quitarse la vida, pero acaban rescatándola los bomberos. Mientras intenta recuperarse del trance, le llega la factura del rescate: más de doscientos euros y un recargo por la demora. ",https://www.antena3.com/programas/y-ahora-sonsoles/embargada-pagar-factura-rescate-intento-suicidio_20241210675876b57337f20001bb7633.html,antena3,2024-12-10T17:13:25+00:00
258,Sara Sanz,"El modus operandi de la banda de agresores de 'El patrón de Vigo': ""Hay hasta policías que tienen miedo""","La banda está formada por jóvenes de entre 15 y 20 años y está liderada por quien se hace llamar 'El patrón de Vigo'. Varios menores han sido víctimas de palizas y humillaciones por parte del grupo, que siembra terror para continuar actuando con total impunidad.",https://www.antena3.com/programas/y-ahora-sonsoles/modus-operandi-banda-agresores-patron-vigo-hay-policias-que-tienen-miedo_20241210675875151258380001fba011.html,antena3,2024-12-10T17:06:29+00:00
259,Sara Sanz,"""Me da absolutamente igual la gente que no me quiera creer"": Ana Peleteiro responde a las críticas","Tras su denuncia pública por la agresión sexual de una de sus exparejas, la atleta da gracias por el apoyo y responde a quienes la han criticado por no haberlo denunciado antes.",https://www.antena3.com/programas/y-ahora-sonsoles/absolutamente-igual-gente-que-quiera-creer-ana-peleteiro-responde-criticas_202412106758722b7337f20001bb711b.html,antena3,2024-12-10T16:54:03+00:00
260,Sara Sanz,"Coloma, la hija de la mujer 'resucitada' en Mallorca: ""Menos mal que el ataúd estaba abierto""","A María la dieron por muerta, pero horas después se dieron cuenta de que movía los dedos y respiraba. Hoy su hija denuncia el error que casi hace que la entierren viva.",https://www.antena3.com/programas/y-ahora-sonsoles/coloma-hija-mujer-resucitada-mallorca-menos-mal-que-ataud-estaba-abierto_2024121067586f8885d24c0001d75006.html,antena3,2024-12-10T16:42:48+00:00
261,lasextacom,El Gobierno frena el pacto PP-Junts desconvocando la comisión para derogar el impuesto eléctrico,"[[IntroductionHighlight:El contexto]] La mayoría de PSOE y Sumar lo han pospuesto sin fecha para estudiar cómo revertir el pacto de la enmienda, cosa que no será fácil porque incluye negociación y acuerdo con los socios que han apoyado a PP y Junts.",https://www.lasexta.com/noticias/nacional/gobierno-frena-pacto-ppjunts-desconvocando-comision-derogar-impuesto-electrico_2024121067586eea7337f20001bb6d92.html,lasextanoticias,2024-12-10T16:40:10+00:00
262,Sara Sanz,Boticaria García explica cómo el frío puede actuar de quemagrasas,La farmacéutica nos explica por qué las bajas temperaturas pueden ayudarnos a perder grasa y cómo el cambio climático puede afectar al aumento de la obesidad. ¡No te lo pierdas!,https://www.antena3.com/programas/y-ahora-sonsoles/boticaria-garcia-explica-como-frio-puede-actuar-quemagrasas_2024121067586c937337f20001bb6b08.html,antena3,2024-12-10T16:30:11+00:00
263,lasexta-deportes,"El padre de Verstappen mantiene su posición contra Horner: ""¿Si me arrepiento? No, en absoluto""","Jos Verstappen, padre del cuatro veces campeón de la Fórmula 1, dijo en marzo que era Horner el que ""causaba los problemas"" en el equipo Red Bull.",https://www.lasexta.com/noticias/deportes/motor/formula1/padre-verstappen-mantiene-posicion-horner-arrepiento-absoluto_2024121067586c771258380001fb95fa.html,lasextanoticias,2024-12-10T16:29:43+00:00
264,efe | lasextacom,Putin descarta el uso de armas nucleares en Ucrania,"[[IntroductionHighlight:¿Qué es lo que ha dicho?]] ""Un número suficiente de estos modernos sistemas de armamento (hipersónico) convierten en innecesario el uso de armas nucleares"", ha asegurado tras una reunión con el consejo de derechos humanos adscrito al Kremlin.",https://www.lasexta.com/noticias/internacional/putin-descarta-uso-armas-nucleares-ucrania_2024121067586b5285d24c0001d74b60.html,lasextanoticias,2024-12-10T16:24:50+00:00
265,agencias,Un hombre mata a una mujer a puñaladas delante de su hija mientras conducía y sufre un accidente en Mallorca,"El crimen, que se sospecha que esté relacionado con la violencia de género, ha provocado un accidente de tráfico en el que la hija de la víctima de tres años y otra mujer se encuentran hospitalizadas. ",https://www.lasexta.com/noticias/sociedad/hombre-mata-mujer-punaladas-delante-hija-mientras-conducia-sufre-accidente-mallorca_2024121067586a641258380001fb93b7.html,lasextanoticias,2024-12-10T16:20:52+00:00
266,Sara Sanz,"Maritza y Paco, rescatados tras quedar atrapados en su autocaravana por la nieve","Llevaban un mes viajando en su autocaravana. Aunque iban buscando nieve, no pensaron que encontrarían tana como para quedar atrapados...",https://www.antena3.com/programas/y-ahora-sonsoles/maritza-paco-rescatados-quedar-atrapados-autocaravana-nieve_2024121067586a027337f20001bb68a4.html,antena3,2024-12-10T16:20:13+00:00
267,Ana Bermejo Lillo,Avance del próximo capítulo de Sueños de libertad: Joaquín le dirá a Miriam que no se arrepiente de su beso,"El mayor de los Merino no puede reprimir los sentimientos que tiene hacia su secretaria, ¿qué pasará si le descubren?",https://www.antena3.com/series/suenos-de-libertad/avances/avance-proximo-capitulo-joaquin-dira-miriam-que-arrepiente-beso_202412106758678b85d24c0001d74741.html,antena3,2024-12-10T16:14:31+00:00
268,Julia Zapata,Capítulo 201 de Sueños de libertad; 10 de diciembre: Andrés toca fondo y ahoga sus penas en alcohol,El joven De la Reina está hundido tras su ruptura con Begoña. ,https://www.antena3.com/series/suenos-de-libertad/201-10-diciembre-andres-toca-fondo-ahoga-sus-penas-alcohol_20241210675866cd85d24c0001d7468b.html,antena3,2024-12-10T16:05:33+00:00
269,lasextacom,El mercado de Benetússer se reinventa para ayudar a los comercios locales que lo perdieron todo en la DANA,[[IntroductionHighlight:¿En qué consiste la iniciativa?]] El consistorio ha cedido puestos que se encontraban vacíos a negocios locales que lo perdieron todo durante la DANA. Ya han abierto siete.,https://www.lasexta.com/noticias/sociedad/mercado-benetusser-reinventa-ayudar-comercios-locales-que-perdieron-todo-dana_20241210675865361258380001fb8e44.html,lasextanoticias,2024-12-10T15:58:46+00:00
270,lasextacom,Los niveles de pobreza en Argentina se disparan tras un año de Milei en el poder,"[[IntroductionHighlight:¿Por qué es importante?]] Una vez en el Gobierno, cerró 13 ministerios, despidió a 30.000 empleados públicos y redujo hasta un 74% el dinero a educación, sanidad, pensiones, ciencia, cultura y desarrollo social.",https://www.lasexta.com/noticias/internacional/niveles-pobreza-argentina-disparan-ano-milei-poder_20241210675863997337f20001bb6282.html,lasextanoticias,2024-12-10T15:51:53+00:00
271,lasextacom,"Los refugiados sirios, más en peligro que nunca: diez países europeos paralizan las solicitudes de asilo","[[IntroductionHighlight:¿Por qué es importante?]] Países como Austria, Alemania, Reino Unido, Bélgica, Suecia o Noruega anuncian que dejan de tramitar solicitudes de asilo procedentes de Siria hasta que se normalice la situación en el país.",https://www.lasexta.com/noticias/internacional/refugiados-sirios-mas-peligro-que-nunca-diez-paises-europeos-paralizan-solicitudes-asilo_20241210675861a185d24c0001d740d5.html,lasextanoticias,2024-12-10T15:43:29+00:00
272,"Cristina, Moure","Ana Peleteiro habla sobre por qué no denunció los abusos de su expareja: ""Creía que era una relación normal y tenía que aguantar""",[[IntroductionHighlight:En contexto]] La atleta gallega denunció a través de un vídeo publicado en su cuenta de TikTok haber sufrido agresiones sexuales y maltrato psicológico por parte de una expareja.,https://www.lasexta.com/noticias/sociedad/ana-peleteiro-habla-que-denuncio-abusos-expareja-creia-que-era-relacion-normal-tenia-que-aguantar_202412106758615f1258380001fb8a3a.html,lasextanoticias,2024-12-10T15:42:23+00:00
273,Julia Zapata,María aprovecha la situación para acercarse a Andrés y… ¡pasan la noche juntos!,El joven De la Reina está hundido después de que Begoña haya roto con él y se refugia en el alcohol. ,https://www.antena3.com/series/suenos-de-libertad/maria-aprovecha-situacion-acercarse-andres-pasan-noche-juntos_20241210675860de85d24c0001d73fe6.html,antena3,2024-12-10T15:40:14+00:00
274,lasexta-deportes,"La promesa de Briatore al gran jefazo de Alpine: ""Estamos cambiando todo por completo""","El asesor de Alpine, que llegó al equipo a mediados de esta temporada, dice que están en camino de formar un equipo ganador en tres años. ",https://www.lasexta.com/noticias/deportes/motor/formula1/promesa-briatore-gran-jefazo-alpine-estamos-cambiando-todo-completo_20241210675860651258380001fb8933.html,lasextanoticias,2024-12-10T15:38:13+00:00
275,Julia Zapata,Digna consuela a Fina tras lo sucedido con Santiago: “Te juro que no te va a volver a tocar”,"Fina está destrozada. No quiere contarle a nadie lo que Santiago le hizo, pero acaba desahogándose con Digna. ",https://www.antena3.com/series/suenos-de-libertad/digna-consuela-fina-sucedido-santiago-juro-que-volver-tocar_2024121067585fb285d24c0001d73ef6.html,antena3,2024-12-10T15:35:14+00:00
276,Julia Zapata,Begoña rompe definitivamente con Andrés: “El amor no puede con todo”,"Andrés no piensa renunciar a Begoña y le pide una nueva oportunidad, a pesar de todas las dificultades. ",https://www.antena3.com/series/suenos-de-libertad/begona-rompe-definitivamente-andres-amor-puede-todo_2024121067585e871258380001fb87cd.html,antena3,2024-12-10T15:30:15+00:00
277,Julia Zapata,"Joaquín se siente culpable tras su beso con Miriam y acaba aceptando la propuesta de Gema, ¡quiere tener un hijo con ella!",El joven Merino volvió a besar a Miriam y ahora se siente mal con su mujer. ,https://www.antena3.com/series/suenos-de-libertad/joaquin-siente-culpable-beso-miriam-acaba-aceptando-propuesta-gema-quiere-tener-hijo-ella_2024121067585d5a85d24c0001d73cf4.html,antena3,2024-12-10T15:25:14+00:00
278,Julia Zapata,Patricia Lambert cede al chantaje de Jesús y acepta todas sus condiciones: “Terminemos lo que empezamos”,Jesús ha conseguido lo que parecía imposible. Patricia ha aceptado el trato y ha conseguido seducirla.,https://www.antena3.com/series/suenos-de-libertad/patricia-lambert-cede-chantaje-jesus-acepta-todas-sus-condiciones-terminemos-que-empezamos_2024121067585c301258380001fb85a9.html,antena3,2024-12-10T15:20:16+00:00
279,"Cristina, Tiburón","Así es el presunto asesino del ceo de UnitedHealthcare: Luigi Mangione, un estudiante brillante de familia adinerada","[[IntroductionHighlight:En contexto]] La policía estadounidense detuvo este lunes en un McDonald's de la ciudad de Altoona, en Pensilvania, al principal sospechoso de haber asesinado a Brian Thompson, el consejero delegado de UnitedHealthcare, una de las aseguradoras más grandes del mundo. ",https://www.lasexta.com/noticias/internacional/asi-presunto-asesino-ceo-unitedhealthcare-luigi-mangione-estudiante-brillante-familia-adinerada_2024121067585b191258380001fb8472.html,lasextanoticias,2024-12-10T15:15:37+00:00
280,"Miguel Ángel, Silva","""No te mata, pero condiciona tu vida para siempre"": la enfermedad de Parkinson también afecta a jóvenes","El diagnóstico del 'Parkinson de inicio temprano' o 'Parkinson juvenil' es una realidad pocas veces mostrada. La vergüenza, la resignación o la frustración son algunos de los denominadores comunes entre aquellos pacientes jóvenes que la sufren.",https://www.antena3.com/programas/espejo-publico/mata-pero-condiciona-vida-siempre-enfermedad-parkinson-tambien-afecta-jovenes_2024121067585a2a85d24c0001d73a01.html,antena3,2024-12-10T15:11:38+00:00
281,lasexta-deportes,"La sentencia de Norris sobre la llegada de Carlos Sainz a Williams: ""Aportará la experiencia...""","El piloto de McLaren, excompañero de Carlos, cree que en Williams muchas cosas mejorarán con la llegada del piloto español. ",https://www.lasexta.com/noticias/deportes/motor/formula1/sentencia-norris-llegada-carlos-sainz-williams-aportara-experiencia_202412106758590d1258380001fb82a5.html,lasextanoticias,2024-12-10T15:06:53+00:00
282,lasextacom,"Los afectados por la DANA se quejan de la lentitud de las ayudas: ""Se va solicitando pero aquí no llega nada""","[[IntroductionHighlight:¿Por qué es importante?]] Las personas afectadas por la DANA en la Comunitat Valenciana lo han perdido todo, mientras llegan a cuentagotas y con dificultad las ayudas del Gobierno central y la Generalitat.",https://www.lasexta.com/noticias/nacional/afectados-dana-quejan-lentitud-ayudas-solicitando-pero-aqui-llega-nada_20241210675856617337f20001bb56af.html,lasextanoticias,2024-12-10T14:55:29+00:00
283,"Emilia, Rial | agencias | Rosa, García",El acusado de matar a su novia de 17 años embarazada en El Rubio (Sevilla) confiesa que la asesinó y descuartizó,"[[IntroductionHighlight:En contexto]] En febrero de 2023, El Rubio, un pequeño pueblo de Sevilla, fue el escenario del primer asesinato machista de una menor de edad del año. La víctima se llamaba Elia, tenía 17 años, estaba embarazada y falleció después de recibir un disparo de escopeta en la cabeza. El autor confeso fue su novio, un joven de 22 años. ",https://www.lasexta.com/noticias/sociedad/acusado-matar-novia-17-anos-embarazada-rubio-sevilla-confiesa-que-asesino-descuartizo_20241210675854787337f20001bb5468.html,lasextanoticias,2024-12-10T14:47:20+00:00
284,"Ana, Alcaide","Susana Díaz, sobre el movimiento 'postsanchista' surgido en el PSOE: ""Estaré en el sitio que los militantes me pongan""","Susana Díaz marca distancia  en Espejo Público con el movimiento 'postsanchista' y su visión del ""nuevo PSOE"". A raíz de las informaciones que plantean una alternativa al actual presidente del Gobierno, Pedro Sánchez, al frente del Partido Socialista",https://www.antena3.com/programas/espejo-publico/susana-diaz-movimiento-postsanchista-surgido-psoe-estare-sitio-que-militantes-pongan_20241210675853367337f20001bb52ca.html,antena3,2024-12-10T14:41:58+00:00
285,lasexta-deportes,"Pep Guardiola desvela su futuro: ""No voy a dirigir a otro equipo""","El actual entrenador del Manchester City, que acaba de renovar su contrato, dice que no entrenará en otro club cuando se marche.",https://www.lasexta.com/noticias/deportes/futbol/pep-guardiola-desvela-futuro-voy-dirigir-otro-equipo_202412106758517d7337f20001bb518e.html,lasextanoticias,2024-12-10T14:34:37+00:00
286,europa-press,Sánchez anuncia un centenar de actos en 2025 por los 50 años de la muerte de Franco,"El objetivo, según el presidente Sánchez, es poner en valor la gran transformación que ha experimentado España en este medio siglo de democracia y rendir homenaje a todas las personas y ""colectivos"" que lo hicieron posible.",https://www.lasexta.com/noticias/nacional/sanchez-anuncia-centenar-actos-2025-50-anos-muerte-franco_20241210675850657337f20001bb505f.html,lasextanoticias,2024-12-10T14:29:57+00:00
287,"Leire, Pérez","Una de las familiares que habló con la reina Letizia en el funeral de la DANA: ""Dijo que no podía decirme lo que realmente pensaba”","Rosa María Álvarez, vecina de Catarroja, perdió a su padre en las riadas del 29 de octubre. También se ha quedado sin su casa. Durante el funeral celebrado el lunes en la catedral de Valencia ha hablado con la reina Letizia, le ha pedido que no olviden a los valencianos. ",https://www.antena3.com/programas/espejo-publico/noticias/familiares-que-mas-hablo-reina-letizia-funeral-valencia-dijo-que-podia-decirme-que-realmente-pensaba_2024121067584e441258380001fb7735.html,antena3,2024-12-10T14:20:52+00:00
288,esther-redondo,Malestar de Exteriores tras la polémica ausencia de España en Notre Dame: ni Zarzuela ni Urtasun avisaron,"[[IntroductionHighlight:El reproche]] Fuentes del departamento que dirige José Manuel Albares insisten: ni Zarzuela ni el ministro de Cultura avisaron de que no acudirían al acto en la catedral parisina, que quedó sin representación española.",https://www.lasexta.com/noticias/nacional/malestar-exteriores-polemica-ausencia-espana-notre-dame-zarzuela-urtasun-avisaron_20241210675848b91258380001fb6f99.html,lasextanoticias,2024-12-10T13:57:13+00:00
289,"Andrés, Pantoja","El error de Gonzalo Miró al responder sobre una web: ""Te metes para hablar del que crees que es el tonto de la clase""","El colaborador de Espejo Público, Gonzalo Miró, fallaba en directo en su respuesta a una pregunta que lanzaba el periodista Miquel Valls, sobre la existencia de una página web en concreto.",https://www.antena3.com/programas/espejo-publico/noticias/error-gonzalo-miro-responder-web-metes-hablar-que-crees-que-tonto-clase_20241210675847781258380001fb6e32.html,antena3,2024-12-10T13:51:52+00:00
290,"Carla, Martínez",'El Patrón de Vigo' siembra el miedo entre los jóvenes de la localidad,"La banda liderada por este joven de 15 años tiene atemorizados a los menores de Vigo con sus insultos, amenazas y agresiones físicas.",https://www.antena3.com/programas/espejo-publico/noticias/patron-vigo-siembra-miedo-jovenes-localidad_20241210675845257337f20001bb4267.html,antena3,2024-12-10T13:41:57+00:00
291,lasexta-deportes,"La gran esperanza de Alonso: ""El simulador de Aston Martin es mejor que el de McLaren""","Dani Juncadella, nuevo piloto de simulador del equipo Aston Martin, ha alabado las nuevas instalaciones del equipo en Silverstone. ",https://www.lasexta.com/noticias/deportes/motor/formula1/gran-esperanza-alonso-simulador-aston-martin-mejor-que-mclaren_20241210675842a01258380001fb682f.html,lasextanoticias,2024-12-10T13:31:12+00:00
292,"Iván, Álvarez","¿Sobran funcionarios en España? El empresario Marcos de Quinto y la responsable de Acción Sindical de UGT, Isabel Araque, cara a cara",Dos perfiles de pensamiento antagónico exponen sus motivos por los que creen que sobran funcionaros en España... o no.,https://www.antena3.com/programas/espejo-publico/noticias/sobran-funcionarios-espana-empresario-marcos-quinto-responsable-accion-sindical-ugt-isabel-araque-cara-cara_20241210675840b185d24c0001d71c21.html,antena3,2024-12-10T13:22:57+00:00
293,lasextacom,Más de 40 días sin rastro: los cuatro desaparecidos de la DANA que todavía no han sido localizados,"[[IntroductionHighlight:¿Quiénes son?]] Francisco, Elisabet, José Javier y Mohamed siguen en paradero desconocido, mientras se complica enormemente todos los trámites para sus familias. No les pueden dar por muertos todavía, legalmente tendrían que pasar tres meses.",https://www.lasexta.com/noticias/nacional/mas-40-dias-rastro-cuatro-desaparecidos-dana-que-todavia-han-sido-localizados_202412106758404e7337f20001bb3c52.html,lasextanoticias,2024-12-10T13:21:17+00:00
294,Cristina García Chacón,"Pavo estofado con uvas salteadas, de Karlos Arguiñano: una receta libre de grasas y con un toque de dulce y salado","Esta receta es tan fácil de elaborar que solo tendrás que rehogar las verduras para, una vez trituradas, añadirlas a la carne dorada. La combinación con las uvas salteadas le aportará un toque deliciosamente dulce.",https://www.antena3.com/programas/karlos-arguinano/recetas/aves/pavo-estofado-uvas-salteadas_2024121067580d4a7337f20001ba454e.html,antena3,2024-12-10T13:00:15+00:00
295,"Laura, Simón","Meri, vecina de Catarroja: ""A mi padre lo mataron en la DANA, el pobrecito se agarró a una valla hasta que ya no pudo más""","Meri perdió a su padre en la DANA y todavía hoy ve desde su balcón los destrozos que dejó la riada. Asegura que a su padre ""le mataron"" y pide que se depuren responsabilidades.",https://www.antena3.com/programas/espejo-publico/noticias/meri-vecina-catarroja-padre-mataron-dana-pobrecito-agarro-valla-que-pudo-mas_20241210675837251258380001fb4456.html,antena3,2024-12-10T12:42:13+00:00
296,Cristina García Chacón,Idea para Navidad de Arguiñano: receta sencilla y saludable de brócoli con patatas y bechamel de jamón y queso,"""Esta es una receta de 10"", así define Karlos Arguiñano este brócoli con patatas y bechamel de jamón y queso que ha elaborado. Además, el cocinero reconoce que es una buena idea para preparar estas navidades.",https://www.antena3.com/programas/karlos-arguinano/recetas/ensaladas/brocoli-patatas-bechamel-jamon-queso_202412106757fd6b1258380001f9ca5f.html,antena3,2024-12-10T12:40:13+00:00
297,lasextacom,La jueza cita a declarar Nacho Cano como investigado en el caso de su musical Malinche,La jueza que investiga el caso que afecta al musical del productor y excantante Nacho Cano ha rechazado el archivo de la causa.,https://www.lasexta.com/noticias/cultura/jueza-cita-declarar-nacho-cano-como-investigado-caso-musical-malinche_20241210675835d885d24c0001d6ec7c.html,lasextanoticias,2024-12-10T12:36:40+00:00
298,lasexta-deportes,El audio de despedida del jefe de Mercedes a Lewis Hamilton,El equipo germano ha compartido un vídeo con el mensaje de voz que le envió Toto Wolff al heptacampeón del mundo tras finalizar la temporada en Abu Dabi. ,https://www.lasexta.com/noticias/deportes/motor/formula1/audio-despedida-jefe-mercedes-lewis-hamilton_202412106758356d7337f20001bb11cf.html,lasextanoticias,2024-12-10T12:34:53+00:00
299,"Andrés, Pantoja","Carlos Alsina vuelve a la 'zona cero' de la DANA y habla sobre el funeral: ""Un error por parte del presidente""","El periodista de Onda Cero intervenía como cada semana en Espejo Público, y abordaba con Susanna Griso la situación actual de los municipios más afectados por la DANA del 29 de octubre, así como el funeral por las víctimas, celebrado este lunes en la Catedral de Valencia.",https://www.antena3.com/programas/espejo-publico/noticias/carlos-alsina-vuelve-zona-cero-dana-habla-funeral-error-parte-presidente_202412106758317c85d24c0001d6c75c.html,antena3,2024-12-10T12:18:05+00:00
300,Desirée Castillo,Bahar aprende a vivir para ella misma: ¿se rendirá o luchará por lo que quiere?,"Tras años de sacrificios y sumisión, comienza a aprender una lección crucial: vivir para ella misma. ¿Se rendirá ante la presión o decidirá seguir adelante, luchando por su felicidad? Lo descubriremos en los próximos capítulos.",https://www.antena3.com/series/renacer/bahar-aprende-vivir-ella-misma-rendira-luchara-que-quiere_2024121067582d541258380001faf0dc.html,antena3,2024-12-10T12:00:20+00:00
301,agencias | lasextacom,El gran reto de Siria tras la caída del régimen de Al-Asad: poner de acuerdo a las facciones rebeldes,"[[IntroductionHighlight:¿Y ahora qué?]] Los rebeldes sirios afrontan una transición complicada. La voz cantante la lleva el grupo radical HTS y su líder al-Jolani, que tendrá que 'convivir' con el Ejército Nacional Sirio y las FDS, una coalición de milicias kurdas, árabes y otras minorías.",https://www.lasexta.com/noticias/internacional/gran-reto-siria-caida-regimen-alasad-poner-acuerdo-facciones-rebeldes_2024121067582aeb1258380001fadf86.html,lasextanoticias,2024-12-10T11:50:03+00:00
302,lasextacom,"El coronel Vázquez justifica la medalla a Aldama y resta importancia al vídeo disparando: ""Pidió pegar unos tiros""","[[IntroductionHighlight:¿Quién es?]] El coronel Francisco José Vázquez entregó a Víctor de Aldama la medalla de la Orden del Mérito de la Guardia Civil y alabó sus ""profundos valores"" y ""altruismo"". Ahora, ha comparecido ante la comisión de investigación sobre el 'caso Koldo' en el Senado.",https://www.lasexta.com/noticias/nacional/coronel-vazquez-justifica-medalla-aldama-resta-importancia-video-disparando-pidio-pegar-tiros_20241210675829ec7337f20001bac18d.html,lasextanoticias,2024-12-10T11:45:48+00:00
303,lasexta-deportes,"Carlos Sainz, claro y conciso: ¿Cuál es su objetivo en Williams?","El piloto madrileño es consciente de las dificultades que se encontrará en su primer año en Grove, pero sueña con devolver a la escudería ""al lugar donde debe estar"".",https://www.lasexta.com/noticias/deportes/motor/formula1/carlos-sainz-claro-conciso-cual-objetivo-williams_20241210675827ec1258380001fac97a.html,lasextanoticias,2024-12-10T11:37:16+00:00
304,lasextacom,El PP rompe con Vox en Baleares: no derogará la ley de memoria histórica y aplaza los Presupuestos,[[IntroductionHighlight:El detonante]] La guerra abierta entre PP y Vox por la negociación de los presupuestos de la región ha terminado aplazando su votación. El Govern está dispuesto prorrogar los actuales a 2025. ,https://www.lasexta.com/noticias/nacional/rompe-vox-baleares-derogara-ley-memoria-historica-aplaza-presupuestos_202412106758245f85d24c0001d64ff7.html,lasextanoticias,2024-12-10T11:22:07+00:00
305,lasextacom | agencias,El PP y Junts pactan eliminar el impuesto sobre la producción eléctrica,[[IntroductionHighlight:¿Por qué es importante?]] Actualmente este tributo está fijado en el 7% y con la reforma aprobada pasará a tipo cero siempre y cuando no haya déficit de tarifa.,https://www.lasexta.com/noticias/economia/junts-pactan-eliminar-impuesto-produccion-electrica_20241210675822787337f20001ba905e.html,lasextanoticias,2024-12-10T11:16:47+00:00
306,Sara Sanz,Esther Doña presume de su nuevo amor en redes sociales,"La ex marquesa de Griñón ha disfrutado de unos días en Brasil, en un hotel de lujo junto a su nueva ilusión. Ambos se han mostrado felices y sin miedo a nada. ",https://www.antena3.com/programas/y-ahora-sonsoles/esther-dona-presume-nuevo-amor-redes-sociales_20241210675821f385d24c0001d63cff.html,antena3,2024-12-10T11:11:47+00:00
307,agencias | lasextacom,"DANA, barista, espóiler, sérum o teletrabajar, las nuevas palabras del diccionario de la RAE","[[IntroductionHighlight:Actualización 23.8 del DLE]] Las temáticas que más novedades aportan a la nueva actualización del diccionario son la ciencia, el medioambiente, la tecnología, la gastronomía, la música y el deporte.",https://www.lasexta.com/noticias/cultura/dana-barista-espoiler-serum-teletrabajar-nuevas-palabras-diccionario-rae_2024121067581d8c7337f20001ba705e.html,lasextanoticias,2024-12-10T10:57:12+00:00
308,lasextacom | agencias,"Junts asegura que no ""sobreactúa"" pero descarta apoyar una moción de censura de Feijóo a Sánchez",[[IntroductionHighlight:Entre líneas]] Los de Puigdemont no se alinean con el PP pero tensan la cuerda para reclamar el foco perdido. Exigen una cuestión de confianza a Sánchez y afirman que ni siquiera se sentarán a negociar unos PGE si no se aseguran las inversiones prometidas para Cataluña.,https://www.lasexta.com/noticias/nacional/junts-asegura-que-sobreactua-pero-descarta-apoyar-mocion-censura-feijoo-sanchez_2024121067581c6a7337f20001ba6a2d.html,lasextanoticias,2024-12-10T10:48:10+00:00
309,lasexta-deportes,El último mensaje por radio de Fernando Alonso a Aston Martin,"Finalizado el Gran Premio de Abu Dabi, antes de bajarse del monoplaza, el bicampeón del mundo de Fórmula 1 quiso agradecerle el esfuerzo a su equipo. ",https://www.lasexta.com/noticias/deportes/motor/formula1/ultimo-mensaje-radio-fernando-alonso-aston-martin_20241210675818387337f20001ba6388.html,lasextanoticias,2024-12-10T10:30:16+00:00
310,"Andrés, Pantoja","Dos políticos valencianos del PP que sí actuaron ante la DANA, críticos con la gestión: ""Está claro quién ha estado y quién no""","Vicente José Mompó, presidente de la diputación de Valencia, y Ricardo Gabaldón, alcalde de Utiel, cuentan cómo vivieron y afrontaron la tragedia, y se pronunciaban sobre la gestión de la DANA por parte presidente de la Generalitat, Carlos Mazón.",https://www.antena3.com/programas/espejo-publico/noticias/dos-politicos-valencianos-que-actuaron-dana-criticos-gestion-esta-claro-quien-estado-quien_20241210675812367337f20001ba4b13.html,antena3,2024-12-10T10:04:38+00:00
311,"Beatriz, Correal","Cuatro recetas de Brasil, Argentina, Perú y México de Óscar Castellano para impresionar a tus invitados en Navidad",[[IntroductionHighlight:Recetas navideñas]] Esta semana vamos a apostar por una Navidad viajera. Por llenar de sabores iberoamericanos nuestra mesa con dos presupuestos: 20 y 50 euros por comensal.,https://www.lasexta.com/noticias/sociedad/cuatro-recetas-brasil-argentina-peru-mexico-oscar-castellano-impresionar-tus-invitados-navidad_2024121067580ea185d24c0001d5e76c.html,lasextanoticias,2024-12-10T09:49:21+00:00
312,lasexta-deportes,Jorge Martín elige a su favorito para 2025: ¿Marc Márquez o Pecco Bagnaia?,El campeón del mundo de MotoGP ha explicado lo que espera de la dupla de Ducati de cara a la próxima temporada poniendo la lupa en Bagnaia. ,https://www.lasexta.com/noticias/deportes/motor/jorge-martin-elige-favorito-2025-marc-marquez-pecco-bagnaia_20241210675809361258380001fa2670.html,lasextanoticias,2024-12-10T09:26:14+00:00
313,lasextacom | efe,Inyección multimillonaria: Stellantis y CATL invertirán 4.100 millones en la mayor fábrica de baterías de España,"[[IntroductionHighlight:¿Por qué es importante?]] Esta inversión representa un paso significativo en la estrategia de Stellantis para ofrecer vehículos eléctricos más accesibles, mientras que la china CATL busca fortalecer su presencia en Europa.",https://www.lasexta.com/noticias/economia/inyeccion-multimillonaria-stellantis-catl-invertiran-4100-millones-mayor-fabrica-baterias-espana_202412106758090885d24c0001d5c24e.html,lasextanoticias,2024-12-10T09:25:28+00:00
314,espejo-publico,Vota en nuestra encuesta por la exclusiva que quieres conocer en Espejo Público,"Este martes las periodistas Laura Fa y Lorena García, conocidas como las 'mamarazzis' traen preparadas dos exclusivas. Tú eliges la noticia que darán en el programa.",https://www.antena3.com/programas/espejo-publico/noticias/vota-nuestra-encuesta-exclusiva-que-quieres-conocer-espejo-publico_20241210675805e21258380001fa0eca.html,antena3,2024-12-10T09:12:02+00:00
315,lasextacom | agencias,"Vudú y brujería, la historia detrás de la masacre de más de 180 personas por parte de una banda en Haití","[[IntroductionHighlight:El contexto]] Este terrible suceso tuvo lugar después de que el líder de una banda acudiese a un sacerdote vudú para pedir ayuda por la enfermedad repentina de uno de sus hijos, que finalmente acabó muriendo.",https://www.lasexta.com/noticias/internacional/vudu-brujeria-historia-detras-masacre-mas-180-personas-parte-banda-haiti_202412106758051e85d24c0001d5a4e7.html,lasextanoticias,2024-12-10T09:10:25+00:00
316,europa-press,"Lula da Silva, en la UCI tras ser operado por una hemorragia intracraneal","El presidente brasileño ingresó durante la noche del lunes en un hospital en Brasilia para ""realizarse un examen tras tener dolor de cabeza"" y tras descubrirle una hemorragia intracraneal fue trasladado al Hospital Sirio-Libanés en Sao Paulo donde le han operado con éxito.",https://www.lasexta.com/noticias/internacional/lula-silva-uci-ser-operado-hemorragia-intracraneal_20241210675803c27337f20001ba0954.html,lasextanoticias,2024-12-10T09:02:57+00:00
317,Desirée Castillo,El mensaje que hace temblar a Rengin y Timur: Parla desata el caos esta noche en Renacer,"""Seré testigo de su felicidad"": Parla, decidida a desenmascarar a Timur ante Bahar, ¿lo hará?",https://www.antena3.com/series/renacer/mensaje-que-hace-temblar-rengin-timur-parla-desata-caos-esta-noche-renacer_202412106758032085d24c0001d592fb.html,antena3,2024-12-10T09:00:16+00:00
318,lasexta-deportes,¿Por qué Fernando Alonso no disputa los test de postemporada de F1 y Carlos Sainz sí?,Este martes se disputan en el circuito de Yas Marina (Abu Dabi) los test de postemporada de Fórmula 1 con una gran presencia de jóvenes pilotos. ,https://www.lasexta.com/noticias/deportes/motor/formula1/que-fernando-alonso-disputa-test-postemporada-carlos-sainz_202412106757fbe71258380001f9c1b9.html,lasextanoticias,2024-12-10T08:29:27+00:00
319,lasexta-deportes,Red Bull ya ha elegido al sustituto de 'Checo' Pérez,"Según informa 'Motorsport', Liam Lawson suplirá al azteca en el equipo oficial, mientras que Yuki Tsunoda se mantendrá en RB acompañado de Isack Hadjar.",https://www.lasexta.com/noticias/deportes/motor/formula1/red-bull-elegido-sustituto-checo-perez_202412106757f4457337f20001b9cfbb.html,lasextanoticias,2024-12-10T07:56:53+00:00
320,efe,"Un niño de tres años muere atropellado por un vehículo en Úbeda, Jaén",[[IntroductionHighlight:¿Qué ha pasado?]] El pequeño fue arrollado por un turismo y falleció posteriormente en el hospital San Juan de la Cruz.,https://www.lasexta.com/noticias/sociedad/nino-tres-anos-muere-atropellado-vehiculo-ubeda-jaen_202412106757f1811258380001f9b846.html,lasextanoticias,2024-12-10T07:45:05+00:00
321,lasextacom,El frío se queda y bajan las mínimas con las mesetas bajo cero,Puntos de Valladolid registrarán este martes un tope de seis grados. La máxima será más alta en zonas del Mediterráneo (15 grados) y en puntos del sur peninsular (17 grados).,https://www.lasexta.com/noticias/el-tiempo/frio-queda-bajan-minimas-mesetas-cero_202412106757e8ac1258380001f9b043.html,lasextanoticias,2024-12-10T07:07:24+00:00
322,Roberto Fernández Ferreira,"Hoy, El Hormiguero contará con la visita de C. Tangana y Yerai Cortés",El programa tendrá el placer de conocer el último proyecto del artista y el guitarrista de primera mano.,https://www.antena3.com/programas/el-hormiguero/invitados/tangana-yerai-cortes_202412106757e8717337f20001b9c602.html,antena3,2024-12-10T07:06:25+00:00
323,Desirée Castillo,Timur arrincona a Bahar con una tarea imposible: su plan para echarla del hospital está en marcha,"¿Logrará Bahar superar esta prueba, o el plan de Timur finalmente la sacará del hospital? ¿Y qué pasará con la relación entre Timur y Rengin si las tensiones siguen aumentando?",https://www.antena3.com/series/renacer/timur-arrincona-bahar-tarea-imposible-plan-echarla-hospital-esta-marcha_20241210675782567337f20001b994a1.html,antena3,2024-12-09T23:50:46+00:00
324,Patri Bea,Timur recibe un duro golpe: su hijo prefiera trabajar con Evren antes que con él,Los residentes han tenido que decidir con quién prefieren trabajar y el marido de Bahar se ha llevado una desagradable sorpresa durante la elección.,https://www.antena3.com/series/renacer/timur-recibe-duro-golpe-hijo-prefiera-trabajar-evren-antes-que_20241210675781751258380001f97b0c.html,antena3,2024-12-09T23:47:01+00:00
325,Desirée Castillo,Timur presume ante Rengin de su jugada contra Bahar: “Le he metido un gol”,"La conspiración entre Timur y Rengin está en marcha, pero ¿lograrán sacar a Bahar del hospital, o demostrará una vez más que nadie puede detenerla en su lucha por su sueño?",https://www.antena3.com/series/renacer/timur-presume-rengin-jugada-bahar-metido-gol_20241210675780a11258380001f97a82.html,antena3,2024-12-09T23:43:29+00:00
326,Patri Bea,"Timur y Evren, obligados a trabajar juntos, ¿lograrán entenderse?",Los dos médicos deberán trabajar codo con codo en uno de los casos más complicados que actualmente tienen en el hospital.,https://www.antena3.com/series/renacer/timur-evren-obligados-trabajar-juntos-lograran-entenderse_202412106757796785d24c0001d50eea.html,antena3,2024-12-09T23:12:39+00:00
327,lasextacom,La Justicia no puede hacer nada contra los 'matones de Vigo' porque son menores de 14 años,[[IntroductionHighlight:El contexto]] Muchos padres denuncian que sus hijos llevan más de dos años recibiendo palizas por parte de menores en plena calle.,https://www.lasexta.com/noticias/sociedad/justicia-puede-hacer-nada-matones-vigo-porque-son-menores-14-anos_20241209675773811258380001f97314.html,lasextanoticias,2024-12-09T22:47:29+00:00
328,Desirée Castillo,"La valiente carta de Bahar a Umay: “No te traiciones a ti misma, lucha por tus sueños”","Esta carta no solo es un consejo, es un símbolo de la lucha de Bahar por su propia felicidad y la esperanza de que Umay no cometa los mismos errores.",https://www.antena3.com/series/renacer/valiente-carta-bahar-umay-traiciones-misma-lucha-tus-suenos_20241209675772b985d24c0001d50afa.html,antena3,2024-12-09T22:44:09+00:00
329,lasextacom,Reunión clave para el futuro de Siria entre un estallido de euforia en las calles ante el fin del régimen de Al Asad,"[[IntroductionHighlight:¿Quién va a mandar en Siria?]] Quédense con este nombre: Mohammed al Bashir. Será el nuevo primer ministro sirio, miembro de Organismo de Liberación del Levante, el principal grupo rebelde. Es el hombre de confianza de Al Jolani y se encargará de liderar la transición.",https://www.lasexta.com/noticias/internacional/reunion-clave-futuro-siria-estallido-euforia-calles-fin-regimen-asad_202412096757648e85d24c0001d50084.html,lasextanoticias,2024-12-09T21:43:42+00:00
330,Roberto Fernández Ferreira,"Patrick Dempsey, sobre ser el hombre más sexy: ""Me dio la oportunidad de hablar de cosas importantes""",El actor fue nombrado como el hombre más atractivo del planeta y Pablo Motos ha querido saber qué sintió en ese momento.,https://www.antena3.com/programas/el-hormiguero/entrevista/patrick-dempsey-ser-hombre-mas-sexy-dio-oportunidad-hablar-cosas-importantes_202412096757616085d24c0001d4fe18.html,antena3,2024-12-09T21:30:08+00:00
331,lasextacom,La Ertzaintza desahucia a una familia con dos niños y en situación de vulnerabilidad en Bilbao,"[[IntroductionHighlight:¿Qué ha pasado?]] La pareja vivía en una habitación alquilada y trató de pedir una prórroga para el desalojo. Sin embargo, la burocracia ha impedido que llegue a tiempo. ",https://www.lasexta.com/noticias/sociedad/ertzaintza-desahucia-familia-dos-ninos-situacion-vulnerabilidad-bilbao_2024120967575f8e7337f20001b98024.html,lasextanoticias,2024-12-09T21:22:22+00:00
332,Roberto Fernández Ferreira | Patri Bea,"""No piensas en nada más en ese momento"": Patrick Dempsey explica lo que significan las carreras para él",El actor ha vuelto a visitar el programa para presentar sus nuevos proyectos profesionales junto a Pablo Motos.,https://www.antena3.com/programas/el-hormiguero/invitados/patrick-dempsey_202412096756957f1258380001f85e75.html,antena3,2024-12-09T21:11:16+00:00
333,lasexta-deportes,"Fernando Alonso pide un asiento para Colapinto en la F1: ""Ha demostrado su talento y velocidad""","El piloto español dice que el ""problema"" de la Fórmula 1 es que sólo hay 20 asientos: ""A Franco le llegará la oportunidad"".",https://www.lasexta.com/noticias/deportes/motor/formula1/fernando-alonso-pide-asiento-colapinto-demostrado-talento-velocidad_2024120967575bf11258380001f96162.html,lasextanoticias,2024-12-09T21:06:57+00:00
334,"Sandra, Catalina","Ola de odio en EEUU contra las aseguradoras: ""Sus prácticas depredadoras llevan tanto tiempo que hay un gran enfado""","[[IntroductionHighlight:Un asesinato, el desencadenante]] La muerte del CEO de United Healthcare, tiroteado a las puertas del hotel Hilton de Manhattan, ha destapado un descontento muy generalizado contra estas compañías.",https://www.lasexta.com/noticias/internacional/ola-odio-eeuu-aseguradoras-sus-practicas-depredadoras-llevan-tanto-tiempo-que-hay-gran-enfado_202412096757561785d24c0001d4f491.html,lasextanoticias,2024-12-09T20:41:59+00:00
335,"Juan, Pizarro","El Gobierno cree que Puigdemont lanza una ""amenaza vacía"" y descarta una cuestión de confianza a Sánchez",[[IntroductionHighlight:¿Por qué es importante?]] El Ejecutivo considera que no hay motivos para que Sánchez se someta a una moción de confianza y no cree que Junts vaya a romper el acuerdo de investidura.,https://www.lasexta.com/noticias/nacional/gobierno-cree-que-puigdemont-lanza-amenaza-vacia-descarta-cuestion-confianza-sanchez_20241209675747e71258380001f950c9.html,lasextanoticias,2024-12-09T19:41:27+00:00
336,"Carlos, Martín",Detenido en Pensilvania (EEUU) un hombre sospechoso del asesinato del CEO de United Healthcare,"En el momento del arresto portaba una pistola, un silenciador y un manifiesto contra las aseguradoras. En las próximas horas la Policía de Nueva York, encargada de la investigación, le interrogará. ",https://www.lasexta.com/noticias/internacional/detenido-pensilvania-eeuu-hombre-sospechoso-asesinato-ceo-united-healthcare_202412096757460585d24c0001d4e6bc.html,lasextanoticias,2024-12-09T19:33:25+00:00
337,lasextacom,"Feijóo llega a las las 19:55 horas al funeral por las víctims de la DANA, después de los Reyes","El contexto El líder del PP ha entrado a la catedral donde se ha celebrado el funeral por las víctimas por la DANA a las 19:55 horas, llegando después que los Reyes. Aun no se sabe por qué no se ha presentado a la hora establecida.",https://www.lasexta.com/noticias/nacional/feijoo-llega-1955-horas-funeral-victims-dana-despues-reyes_20241209675742e71258380001f94c47.html,lasextanoticias,2024-12-09T19:20:07+00:00
338,lasexta-deportes,El vídeo de Carlos Sainz llorando en su despedida de Ferrari rodeado de todo el equipo,El equipo italiano ha publicado en sus redes sociales el vídeo de Carlos Sainz llorando en el box después de su última carrera de rojo.,https://www.lasexta.com/noticias/deportes/motor/formula1/video-carlos-sainz-llorando-despedida-ferrari-rodeado-todo-equipo_202412096757416c7337f20001b96b42.html,lasextanoticias,2024-12-09T19:13:48+00:00
339,Ana Bermejo Lillo,"Repasamos el triángulo amoroso de Jesús, Begoña y Andrés tras 200 capítulos de Sueños de libertad","La trayectoria de este trío amoroso ha dado mucho de qué hablar desde que comenzó la serie, ¿en qué punto están sus protagonistas? ",https://www.antena3.com/series/suenos-de-libertad/repasamos-triangulo-amoroso-jesus-begona-andres-200-capitulos_202412096756e23a85d24c0001d4433f.html,antena3,2024-12-09T19:00:14+00:00
340,Sara Sanz,"Antonio Matos habla por primera vez tras la muerte de Caritina Goyanes: ""Debía continuar con su legado""","El viudo de Caritina va asimilando su pérdida tres meses y medio después de su fallecimiento. Ahora, Antonio coge las riendas del negocio de su mujer, siguiendo con su legado. ",https://www.antena3.com/programas/y-ahora-sonsoles/antonio-matos-habla-primera-vez-muerte-caritina-goyanes-debia-continuar-legado_2024120967573d8c1258380001f9477f.html,antena3,2024-12-09T18:57:16+00:00
341,lasexta-deportes,La estadística de Carlos Sainz en todos sus equipos que trae esperanza a Williams,Todas las escuderías por las que ha pasado Carlos han mejorado sus posiciones en el mundial de constructores con él como piloto.,https://www.lasexta.com/noticias/deportes/motor/formula1/estadistica-carlos-sainz-todos-sus-equipos-que-trae-esperanza-williams_2024120967573d751258380001f94768.html,lasextanoticias,2024-12-09T18:56:53+00:00
342,Sara Sanz,Mar Flores y Terelu Campos ya son abuelas: así ha sido el parto de Alejandra Rubio,"La hija de Terelu Campos ha dado a luz este fin de semana en Madrid, donde se han juntado las Campos y los Flores. ",https://www.antena3.com/programas/y-ahora-sonsoles/mar-flores-terelu-campos-son-abuelas-asi-sido-parto-alejandra-rubio_20241209675738ae85d24c0001d4daa6.html,antena3,2024-12-09T18:36:30+00:00
343,Sara Sanz,"Vecinos de Valencia a las puertas del funeral por las víctimas de la DANA: ""Esto no ha terminado, la catástrofe es impresionante""","La Catedral de Valencia acoge el funeral en honor de las 222 víctimas mortales de la riada. Cuatrocientas personas, entre familiares y autoridades, acuden a la ceremonia, mientras otras esperan a las puertas, mostrando su apoyo. ",https://www.antena3.com/programas/y-ahora-sonsoles/vecinos-valencia-puertas-funeral-victimas-dana-esto-terminado-catastrofe-impresionante_20241209675737871258380001f9418d.html,antena3,2024-12-09T18:31:35+00:00
344,Sara Sanz,La herida de la DANA un mes después: Enrique vive en un vertedero improvisado en Catarroja,"Mientras la catedral de Valencia acoge el funeral por las 222 víctimas de la DANA, algunos municipios continúan luchando contra el lodo. En Catarroja, Enrique continúa viviendo en un vertedero improvisado. ",https://www.antena3.com/programas/y-ahora-sonsoles/herida-dana-mes-despues-enrique-vive-vertedero-improvisado-catarroja_20241209675732d31258380001f93d2f.html,antena3,2024-12-09T18:11:31+00:00
345,Sara Sanz,"El padre de un menor agredido por una banda en Vigo: ""Hay muchísimos afectados, pero todos tienen miedo de dar la cara""","Una banda de jóvenes de entre 15 y 20 años lleva años aterrorizando a otros menores. Tanto, que hasta que no han salido a la luz las imágenes, las víctimas no se habían atrevido a alzar la voz.",https://www.antena3.com/programas/y-ahora-sonsoles/padre-menor-agredido-banda-vigo-todos-tienen-miedo-dar-cara_20241209675728747337f20001b94fd3.html,antena3,2024-12-09T17:27:42+00:00
346,"Carlos, Martín",Las familias de las 222 víctimas de la DANA no compartirán espacio con las autoridades en la misa oficial,"Así lo ha manifestado la Asociación de Damnificados por la DANA Alfafar/Horta Sur en una nota de prensa. Además, han señalado que se siente en una situación de ""olvido absoluto"". ",https://www.lasexta.com/noticias/sociedad/familias-222-victimas-dana-compartiran-espacio-autoridades-misa-oficial_20241209675726bf85d24c0001d4bec3.html,lasextanoticias,2024-12-09T17:19:59+00:00
347,Sara Sanz,"Guerra de insultos entre el cliente y el dueño de un bar por una mala reseña: ""Por un café me faltó el respeto""","Lo que comenzó como una crítica a un bar de Toledo ha terminado en un cruce de insultos entre Juan, el propietario del bar, y uno de sus clientes. ",https://www.antena3.com/programas/y-ahora-sonsoles/guerra-insultos-cliente-dueno-bar-mala-resena-cafe-falto-respeto_20241209675726161258380001f926ef.html,antena3,2024-12-09T17:17:10+00:00
348,Sara Sanz,"Dan por muerta a una mujer en Mallorca que horas más tarde 'resucita': ""Fue un error de protocolo""","La dieron por muerta, resucitó y falleció definitivamente, todo ello en menos de 48 horas. Por culpa de un error del hospital, declararon su defunción cuando todavía estaba viva. ",https://www.antena3.com/programas/y-ahora-sonsoles/dan-muerta-mujer-mallorca-que-horas-mas-tarde-resucita-fue-error-protocolo_202412096757245285d24c0001d4b9dd.html,antena3,2024-12-09T17:09:38+00:00
349,lasextacom,El Supremo rechaza que una sentencia de Texas pueda legalizar un vientre de alquiler en España,"El fallo considera que la gestación subrogada vulnera el orden público español al tratar a la mujer y al menor ""como bienes comerciables"", vulnera la dignidad humana y los derechos reconocidos en la Constitución.",https://www.lasexta.com/noticias/nacional/supremo-rechaza-que-sentencia-texas-pueda-legalizar-vientre-alquiler-espana_20241209675723287337f20001b94617.html,lasextanoticias,2024-12-09T17:04:40+00:00
350,Sara Sanz,"Josema Yuste contesta a los ataques de Millán Salcedo: ""Me ofende quien puede, no quien quiere""","El humorista visita el plató de Y ahora Sonsoles tras los ataques de su antiguo compañero Millán Salcedo. Casi treinta años después del adiós profesional de Martes y Trece, Josema Yuste se enfrenta a las duras críticas de quien fue su media naranja artística. ",https://www.antena3.com/programas/y-ahora-sonsoles/josema-yuste-contesta-ataques-millan-salcedo-ofende-quien-puede-quien-quiere_20241209675721b51258380001f91bfb.html,antena3,2024-12-09T16:58:29+00:00
351,lasexta-deportes,"La llamativa reflexión de un exjefe de Márquez sobre Jorge Martín: ""Si yo fuera Ducati le habría...""","Livio Suppo, exjefe de Honda y de Marc, analiza el no fichaje de Jorge Martín por la fábrica italiana tras haberse proclamado campeón del mundo.",https://www.lasexta.com/noticias/deportes/motor/llamativa-reflexion-exjefe-marquez-jorge-martin-fuera-ducati-habria_20241209675721711258380001f91b49.html,lasextanoticias,2024-12-09T16:57:21+00:00
352,"Carlos, Martín","Oposiciones para profesores de secundaria de la Comunidad Valenciana: requisitos, fechas y exámenes",El proceso de selección se regirá por medio de concurso-oposición. El plazo de inscripción comenzó el 29 de noviembre y finaliza el 13 de diciembre. Se requiere titulación universitaria.,https://www.lasexta.com/noticias/sociedad/oposiciones-profesores-secundaria-comunidad-valenciana-requisitos-fechas-examenes_20241209675721431258380001f91acf.html,lasextanoticias,2024-12-09T16:56:35+00:00
353,efe | lasextacom,Gan Pampols cobrará 84.000 euros gracias a la medida de Mazón que fulmina los topes salariales a altos cargos,"[[IntroductionHighlight:El contexto]] Este lunes se han publicado en el portal de transparencia GVA Oberta los rendimientos de trabajo correspondientes a la declaración de la renta del ejercicio 2023, del vicepresidente segundo que recogen sus ingresos como militar retirado.",https://www.lasexta.com/noticias/nacional/gan-pampols-cobrara-8405070-euros-gracias-medida-mazon-que-fulmina-topes-salariales-altos-cargos_2024120967571e1e1258380001f913f3.html,lasextanoticias,2024-12-09T16:43:10+00:00
354,lasextacom,"Reabre el Ikea de Alfafar, construcción que salvó vidas durante la DANA y ejemplo para futuras obras","¿Qué lo hace diferente? Está construido en altura y su parking no es subterráneo, sino en superficie, y abierto a la calle, lo que impide que se formen balsas.",https://www.lasexta.com/noticias/sociedad/reabre-ikea-alfafar-construccion-que-salvo-vidas-dana-ejemplo-futuras-obras_2024120967571db17337f20001b93b8f.html,lasextanoticias,2024-12-09T16:41:21+00:00
355,lasexta-deportes,"El jefe de Aston Martin responde al aviso de Alonso en Abu Dabi: ""Hemos realizado...""","Mike Krack, jefe de Aston Martin, responde a un Fernando que dijo este domingo que ""dependían de los demás equipos para poder puntuar"".",https://www.lasexta.com/noticias/deportes/motor/formula1/jefe-aston-martin-responde-aviso-alonso-abu-dabi-hemos-realizado_2024120967571d6a7337f20001b93b21.html,lasextanoticias,2024-12-09T16:40:10+00:00
356,Sara Sanz,Ana Peleteiro denuncia públicamente agresiones sexuales y abusos por parte de su expareja,"La atleta ha reconocido en redes sociales haber sido víctima de maltrato y violaciones en el pasado. A través de su testimonio, trata de concienciar a otras mujeres y niñas de que no permitan situaciones como la que ella ha sufrido.",https://www.antena3.com/programas/y-ahora-sonsoles/ana-peleteiro-denuncia-publicamente-agresiones-sexuales-abusos-parte-expareja_2024120967571c8085d24c0001d4a745.html,antena3,2024-12-09T16:36:16+00:00
357,lasexta-deportes,La millonaria donación que MotoGP destinará a los afectados de Valencia,"Ya se conoce la cantidad de dinero recaudado en el último gran premio del año que, como se dijo en su momento, irá destinado a ayudar a las víctimas de la DANA de Valencia. ",https://www.lasexta.com/noticias/deportes/motor/millonaria-donacion-que-motogp-destinara-afectados-valencia_20241209675719e27337f20001b93504.html,lasextanoticias,2024-12-09T16:25:06+00:00
358,Sara Sanz,"La nieve deja a Carolina incomunicada en su albergue: ""Sigue nevando sobre nevado""","Desde el sábado, Castilla y León se encuentra en alerta roja por las fuertes nevadas. Carolina, por ejemplo, nos cuenta que estuvo atrapada en su albergue de Maraña y que poco a poco tratan de volver a la normalidad.",https://www.antena3.com/programas/y-ahora-sonsoles/nieve-deja-carolina-incomunicada-albergue-sigue-nevando-nevado_202412096757174d7337f20001b92f6a.html,antena3,2024-12-09T16:14:05+00:00
359,lasexta-deportes,Aston Martin se españoliza: Dani Juncadella se convierte en piloto de simulador,El equipo verde ha fichado al piloto de 33 años para estar en el simulador a partir de la próxima temporada.,https://www.lasexta.com/noticias/deportes/motor/formula1/aston-martin-espanoliza-dani-juncadella-convierte-piloto-simulador_202412096757151e85d24c0001d49506.html,lasextanoticias,2024-12-09T16:04:46+00:00
360,lasextacom,Atresmedia y el diario digital '65YMÁS' unen fuerzas para amplificar su compromiso adquirido con las personas mayores,"Con esta alianza, ambas entidades trabajarán conjuntamente para poner en valor a los mayores y visibilizar sus derechos y problemáticas, dedicando espacio a sus necesidades y promoviendo iniciativas que favorezcan la sensibilización hacia este colectivo.",https://www.lasexta.com/noticias/economia/atresmedia-diario-digital-65ymas-unen-fuerzas-amplificar-compromiso-adquirido-personas-mayores_20241209675710ad1258380001f8f597.html,lasextanoticias,2024-12-09T15:45:49+00:00
361,"Emilia, Rial",Los secretos del Palacio de Bashar al-Ássad salen a la luz tras la caída del régimen,"[[IntroductionHighlight:Saqueo del palacio presidencial]] El domingo, los sirios entraron dentro del palacio presidencial en Damasco, y descubrieron un mundo oculto: vehículos de lujo, colecciones de arte y un intrincado sistema de túneles que algunos creen podrían haber servido para una huida. ",https://www.lasexta.com/noticias/internacional/secretos-palacio-bashar-alassad-salen-luz-caida-regimen_2024120967570ab31258380001f8e6d7.html,lasextanoticias,2024-12-09T15:20:19+00:00
362,"Ana, Regalado",Decenas de personas sin hogar buscan refugio en el parque Bruil de Zaragoza: los vecinos denuncian inseguridad y condiciones insalubres,"El albergue para personas sin hogar de Zaragoza no da abasto. En la inmediaciones del parque Bruil, de Zaragoza, una media de cuarenta usuarios tienen que dormir al raso, pese a las bajas temperaturas. Los vecinos de la zona sufren el impacto de la situación. La suciedad, las peleas y el consumo de drogas se han apoderado del barrio.",https://www.antena3.com/programas/espejo-publico/decenas-personas-hogar-buscan-refugio-parque-bruil-zaragoza-vecinos-denuncian-inseguridad-condiciones-insalubres_202412096757089c85d24c0001d478b6.html,antena3,2024-12-09T15:11:24+00:00
363,lasexta-deportes,"La felicitación de Alonso a McLaren... con el recuerdo de lo que ocurrió en Abu Dabi 2010: ""Nos quitó...""","El piloto español felicita a Andrea Stella, quien era su ingeniero de pista en 2010 cuando perdieron el título mundial en Abu Dabi.",https://www.lasexta.com/noticias/deportes/motor/formula1/felicitacion-alonso-mclaren-recuerdo-que-ocurrio-abu-dabi-2010-nos-quito_20241209675707d285d24c0001d4779a.html,lasextanoticias,2024-12-09T15:08:02+00:00
364,espejo-publico,"Alejandra Rubio y Carlo Costanzia, padres de su primer hijo: ""Mucho secretismo. Creemos que tras esto hay una exclusiva""","La hija de Terelu Campos, Alejandra Rubio ha sido madre por primera vez. Fruto de su relación con el hijo de Mar Flores, Caro Costanzia, la madrugada del pasado sábado nacía un niño.",https://www.antena3.com/programas/espejo-publico/noticias/alejandra-rubio-carlo-costanzia-padres-primer-hijo-mucho-secretismo-creemos-que-esto-hay-exclusiva_202412096757052f85d24c0001d47137.html,antena3,2024-12-09T14:56:47+00:00
365,lasextacom,"Obras de arte en postales navideñas solidarias, el proyecto benéfico de una ONG para apoyar a jóvenes vulnerables","Los beneficios de esta acción solidaria se destinarán a la Asociación Norte Joven, que se dedica a la formación e inserción sociolaboral de jóvenes en situación de desventaja dentro del proyecto 'Horizontes de Aprendizaje'.",https://www.lasexta.com/noticias/cultura/obras-arte-postales-navidenas-solidarias-proyecto-benefico-ong-apoyar-jovenes-vulnerables_20241209675703b77337f20001b90c09.html,lasextanoticias,2024-12-09T14:50:31+00:00
366,"Alicia, Hegar",Los cascos blancos sirios llegan a la cárcel de Saydnaya tras la caída del régimen de El Asad,"[[IntroductionHighlight:En contexto]] Tras la toma de la capital siria, Damasco, por parte de los rebeldes, y la huida del presidente Bachar al Asad a Rusia, los cascos blancos han llegado a la prisión. Su misión es localizar a cientos de prisioneros siguen siendo sometidos a torturas y condiciones inhumanas.",https://www.lasexta.com/noticias/internacional/cascos-blancos-sirios-llegan-carcel-saydnaya-caida-regimen-asad_20241209675701691258380001f8d708.html,lasextanoticias,2024-12-09T14:40:59+00:00
367,lasextacom,El GREIM rescata a siete montañeros en el primer fin de semana de nieve en el Pirineo Aragonés,"[[IntroductionHighlight:El contexto]] Este fin de semana, siete personas tuvieron que ser rescatadas en diferentes operativos, la mayoría debido a la falta de preparación y equipamiento adecuado para enfrentarse a las adversas condiciones meteorológicas.",https://www.lasexta.com/noticias/sociedad/greim-rescata-siete-montaneros-primer-fin-semana-nieve-pirineo-aragones_202412096756fef67337f20001b9059f.html,lasextanoticias,2024-12-09T14:30:14+00:00
368,jugones,La primera imagen de Carlos Sainz rodando con el Williams en Abu Dabi,El piloto español ya rueda en el circuito de Yas Marina con sus nuevos colores: ha cambiado el rojo Ferrari por el azul Williams. ,https://www.lasexta.com/noticias/deportes/motor/formula1/primera-imagen-carlos-sainz-rodando-williams-abu-dabi_202412096756fe6e1258380001f8d3e3.html,lasextanoticias,2024-12-09T14:27:58+00:00
369,efe | lasextacom,"Javier Bardem y Karla Sofía Gascón, nominados a los Globos de Oro: consulta todas las nominaciones","'Emilia Pérez', el musical dirigido por Jacques Audiard, acumula cuatro nominaciones en unos premios que se han olvidado de Pedro Almodóvar y su última película, 'La habitación de al lado'.",https://www.lasexta.com/noticias/cultura/javier-bardem-karla-sofia-gascon-nominados-globos-oro-consulta-todas-nominaciones_202412096756fbc885d24c0001d464c4.html,lasextanoticias,2024-12-09T14:16:40+00:00
370,"Alex, Voytyuk",¿Qué esperar en Siria tras la caída de al-Asad? El riesgo de las armas químicas y la posición de los aliados,"Futuro incierto La caída del régimen de al-Asad genera dudas sobre qué ocurrirá ahora en el país y cuál será la posición que adopten países como Estados Unidos, Irán o Rusia.",https://www.lasexta.com/noticias/internacional/que-esperar-siria-caida-alasad-riesgo-armas-quimicas-posicion-aliados_202412096756fb2d85d24c0001d463d2.html,lasextanoticias,2024-12-09T14:15:36+00:00
371,"María, Mateo","La exclusión de los familiares de las víctimas marca el funeral de la DANA en Valencia: ""Todo lo que sé, lo sé por la prensa""","La misa funeral por las víctimas de la DANA en la Catedral de Valencia, que se celebra hoy con la asistencia confirmada de los reyes, ha generado una fuerte polémica. Familias afectadas han denunciado que no han sido invitadas al acto que busca rendir homenaje a las 222 víctimas de la tragedia.",https://www.antena3.com/programas/espejo-publico/noticias/exclusion-familiares-victimas-marca-funeral-dana-valencia-todo-que-prensa_202412096756f9737337f20001b8ffe3.html,antena3,2024-12-09T14:06:43+00:00
372,lasexta-deportes,"El 'Top 10' que no ve clara la unión Djokovic-Murray: ""¿Qué le va a aportar?""","Andrey Rublev, número ocho del mundo, ha analizado la sorprendente decisión de 'Nole' de escoger como entrenador a Andy Murray. ",https://www.lasexta.com/noticias/deportes/tenis/top-10-que-clara-union-djokovicmurray-que-aportar_202412096756f8ad7337f20001b8feb2.html,lasextanoticias,2024-12-09T14:03:25+00:00
373,alfonso-perez-medina,Ábalos declarará finalmente el jueves ante el Supremo por el caso Koldo,"El juez vuelve a citar al exministro para la fecha inicialmente prevista, después de que Ábalos haya expresado su conformidad. De esta forma, finalmente no habrá suplicatorio.",https://www.lasexta.com/noticias/nacional/abalos-declarara-finalmente-jueves-supremo-caso-koldo_202412096756f7d47337f20001b8fd83.html,lasextanoticias,2024-12-09T13:59:48+00:00
374,lasextacom | agencias,Cientos de refugiados sirios aguardan en la frontera turca y la libanesa para regresar a su país tras la caída de al-Asad,"[[IntroductionHighlight:¿Por qué es importante?]] Cerca 6,8 millones de sirios se encuentran actualmente como refugiados y cientos de ellos ya se disponen a regresar a Siria tras la caída del régimen.",https://www.lasexta.com/noticias/internacional/cientos-refugiados-sirios-aguardan-frontera-turca-libanesa-regresar-pais-caida-alasad_202412096756f4e985d24c0001d45ccc.html,lasextanoticias,2024-12-09T13:47:21+00:00
375,europa-press,"Mazón, sobre la gestión de la DANA: ""A toro pasado, seguramente el día habría sido distinto para todos""","[[IntroductionHighlight:El contexto]] Mazón responde así a las declaraciones que el presidente de la Diputación de Valencia realizó en 'Salvados' señalando que ""quizás el jefe del Consell debería haber estado presente"" en la reunión del CECOPI.",https://www.lasexta.com/noticias/nacional/mazon-gestion-dana-toro-pasado-seguramente-dia-habria-sido-distinto-todos_202412096756f29385d24c0001d459f0.html,lasextanoticias,2024-12-09T13:40:27+00:00
376,lasexta-deportes,Red Bull pone fecha a la decisión sobre 'Checo' Pérez: ¿Despido o continuidad?,"Helmut Marko, asesor de la escudería de las bebidas energéticas, ha asegurado que esta semana quedará todo zanjado. ",https://www.lasexta.com/noticias/deportes/motor/formula1/red-bull-pone-fecha-decision-checo-perez-despido-continuidad_202412096756f1d81258380001f8c44e.html,lasextanoticias,2024-12-09T13:34:16+00:00
377,antena-3-noticias,"Nuevas imágenes de las bandas que aterrorizan a menores en Vigo: ""Te pego un tiro""",Esta banda tiene atemorizados a los menores de Vigo con sus amenazas y agresiones.,https://www.antena3.com/programas/espejo-publico/noticias/nuevas-imagenes-bandas-que-aterrorizan-menores-pego-tiro_202412096756f18985d24c0001d458cf.html,antena3,2024-12-09T13:32:57+00:00
378,"Andrés, Pantoja","Un doctor explica por qué una mujer 'ha resucitado' en el tanatorio: ""Si siquiera con el fonendo se puede diagnosticar""","Una ciudadana de Palma ha vuelto de entre los muertos. Fue dada por muerta en un hospital en Mallorca, después de ser trasladada al tanatorio municipal y cuando la colocaron en la sala comenzó a moverse.",https://www.antena3.com/programas/espejo-publico/noticias/doctor-explica-que-mujer-resucitado-tanatorio-siquiera-fonendo-puede-diagnosticar_202412096756ef8085d24c0001d45634.html,antena3,2024-12-09T13:24:16+00:00
379,Cristina García Chacón,"Receta de cerdo agridulce con pan bao, de Joseba Arguiñano","El cerdo agridulce es una receta que está muy de moda, es muy sencilla de elaborar y está rica ""a rabiar"". Sigue los pasos de Joseba Arguiñano y toma nota.",https://www.antena3.com/programas/karlos-arguinano/recetas/carnes/cerdo-agridulce-pan-bao_202412096756bf8a1258380001f88462.html,antena3,2024-12-09T13:00:14+00:00
380,lasextacom,Aldama realizó prácticas de tiro con el grupo de élite GAR de la Guardia Civil,El contexto Este nuevo episodio se suma a la lista de escenas que muestran cómo el comisionista de la trama Koldo se relacionaba con altos cargos de la Guardia Civil.,https://www.lasexta.com/noticias/nacional/aldama-realizo-practicas-tiro-grupo-elite-gar-guardia-civil_202412096756e8831258380001f8b67c.html,lasextanoticias,2024-12-09T12:54:27+00:00
381,lasexta-deportes,Sorteo de la Copa del Rey: emparejamientos y partidos de los dieciseisavos de final,"Ya se conocen los partidos de los dieciseisavos de la Copa del Rey, en la que entran por primera vez los equipos de la Supercopa de España.",https://www.lasexta.com/noticias/deportes/futbol/sorteo-copa-rey-emparejamientos-partidos-dieciseisavos-final_202412096756e72d1258380001f8b4c0.html,lasextanoticias,2024-12-09T12:48:45+00:00
382,Cristina García Chacón,"Puerros al vapor con vinagreta de nueces, de Karlos Arguiñano: ""Una receta sana y natural""","Karlos Arguiñano ha elaborado esta receta de puerros al vapor, tan fácil como rica, acompañada de una vinagreta de nueces sensacional.",https://www.antena3.com/programas/karlos-arguinano/recetas/ensaladas/puerros-vapor-vinagreta-nueces_202412096756d2c985d24c0001d43018.html,antena3,2024-12-09T12:45:14+00:00
383,"Iván, Álvarez","Margallo, sobre la ausencia de España en la reapertura de Notre Dame: ""Es absolutamente incomprensible""",El exministro de Exteriores critica duramente al Gobierno por no enviar ningún representante a la capital francesa.,https://www.antena3.com/programas/espejo-publico/noticias/margallo-ausencia-espana-reapertura-notre-dame-absolutamente-incomprensible_202412096756e30385d24c0001d44427.html,antena3,2024-12-09T12:30:58+00:00
384,lasexta-deportes,"El curioso aviso de un exjefe de Márquez a Bagnaia: ""Marc lo tiene todo para que le amen...""","Livio Suppo, exjefe de Honda y de Marc, ha hablado sobre cómo es trabajar con el de Cervera y avisa de que hay pocos pilotos que lo pongan todo tan fácil. ",https://www.lasexta.com/noticias/deportes/motor/curioso-aviso-exjefe-marquez-bagnaia-marc-tiene-todo-que-amen_202412096756dea01258380001f8aab4.html,lasextanoticias,2024-12-09T12:12:15+00:00
385,lasexta-deportes,Red Bull ya habla de una despedida a 'Checo' Pérez,Tanto Christian Horner como Helmut Marko han analizado el pobre nivel del mexicano este año y los planes que tienen con él para un futuro inmediato. ,https://www.lasexta.com/noticias/deportes/motor/formula1/red-bull-habla-despedida-checo-perez_202412096756dae01258380001f8a650.html,lasextanoticias,2024-12-09T11:56:16+00:00
386,"Andrés, Pantoja","Las críticas de los colaboradores de Espejo Público a la ausencia de España en el renacer de Notre Dame: ""Dicen que es diplomático""",La ausencia de ninguna autoridad en representación de España en el acto celebrado en la catedral de Notre Dame de París ha originado una lluvia de críticas al Gobierno y un escenario de sorpresa porque la Casa Real tampoco estuviera presente.,https://www.antena3.com/programas/espejo-publico/noticias/criticas-colaboradores-espejo-publico-ausencia-espana-renacer-notre-dame-dicen-que-diplomatico_202412096756d8a57337f20001b8d669.html,antena3,2024-12-09T11:46:45+00:00
387,esther-redondo | pedro-gomez,¿Por qué España no estuvo en Notre Dame? Exteriores y Cultura se culpan mientras Casa Real guarda silencio,"[[IntroductionHighlight:Ausencias y presencias]] A la reapertura de la catedral parisina acudieron mandatarios internacionales y miembros de la realeza, pero no lo hicieron los reyes ni ningún representante del Gobierno de España.",https://www.lasexta.com/noticias/nacional/que-espana-estuvo-notre-dame-exteriores-cultura-culpan-mientras-casa-real-guarda-silencio_202412096756d85b85d24c0001d436a8.html,lasextanoticias,2024-12-09T11:45:31+00:00
388,alfonso-perez-medina,El juez anula la declaración voluntaria de Ábalos y pedirá el suplicatorio al Congreso,[[IntroductionHighlight:¿Qué implica?]] El exministro de Transportes tendrá que declarar cuando el instructor de la causa decida al perder la oportunidad hacerlo de forma voluntaria este jueves 12 de diciembre. ,https://www.lasexta.com/noticias/nacional/juez-anula-declaracion-voluntaria-abalos-pedira-suplicatorio-congreso_202412096756d6bc85d24c0001d43502.html,lasextanoticias,2024-12-09T11:38:36+00:00
389,Sara Sanz,El Calendario de Adviento para llegar a las Navidades sin kilos de más... ¡sin dejar el roscón!,"Luis Alberto Zamora nos da las claves para no privarse de nada estas Navidades, pero sin dejar de cuidarse. Aunque no lo parezca, las gambas, el chocolate y el roscón en su justa medida pueden ayudarnos a llevar una dieta saludable. ",https://www.antena3.com/programas/y-ahora-sonsoles/calendario-adviento-llegar-navidades-kilos-mas-dejar-roscon_202412096756d5777337f20001b8d2a8.html,antena3,2024-12-09T11:33:11+00:00
390,veronica-ramirez,Puigdemont amenaza con romper el acuerdo de investidura con el Gobierno y exige una cuestión de confianza a Sánchez,"¿Qué implica? Si la cuestión de confianza se lleva a cabo en el Congreso y Junts cumple con su amenaza de retirar sus apoyos al Gobierno, Sánchez podría no reunir los suficientes votos para continuar como presidente.",https://www.lasexta.com/noticias/nacional/puigdemont-amenaza-romper-acuerdo-investidura-gobierno-anuncia-mocion-confianza_202412096756c5be85d24c0001d42094.html,lasextanoticias,2024-12-09T11:04:06+00:00
391,lasexta-deportes,Verstappen ya conoce el castigo de la FIA: trabajo social en Ruanda,El vigente campeón del mundo deberá compartir una jornada junto a jóvenes pilotos en Kigali como castigo por su actitud en la rueda de prensa del Gran Premio de Singapur.,https://www.lasexta.com/noticias/deportes/motor/formula1/verstappen-conoce-castigo-fia-trabajo-social-ruanda_202412096756cd0c1258380001f8959f.html,lasextanoticias,2024-12-09T10:57:16+00:00
392,lasextacom,"Ana Peleteiro denuncia violaciones y maltrato de una expareja: ""Me despertaba teniendo relaciones sin consentimiento""","La atleta ha denunciado a través de sus redes sociales las agresiones sexuales y el maltrato psicológico que sufrió por parte de su expareja. ""Si os identificáis con una de estas señales, salid corriendo"", ha advertido.",https://www.lasexta.com/noticias/sociedad/ana-peleteiro-denuncia-violaciones-maltrato-expareja-despertaba-teniendo-relaciones-consentimiento_202412096756c7387337f20001b8c1ac.html,lasextanoticias,2024-12-09T10:38:49+00:00
393,efe | lasextacom,La red social X protagoniza una caída que impide iniciar sesión,Los mayores problemas comenzaron en torno a las 19:25 horas de este domingo. La red social sigue dando problemas para acceder a su versión de escritorio (desktop). ,https://www.lasexta.com/noticias/ciencia-tecnologia/red-social-protagoniza-caida-que-impide-iniciar-sesion_202412096756c43b85d24c0001d41f2c.html,lasextanoticias,2024-12-09T10:19:39+00:00
394,lasexta-deportes,Ferrari no descarta volver a fichar a Carlos Sainz,"Frédéric Vasseur, jefe de la escudería italiana, señaló tras el Gran Premio de Abu Dabi que ""no sabes qué ocurrirá en 2027, 2028, 2029..."".",https://www.lasexta.com/noticias/deportes/motor/formula1/ferrari-descarta-volver-fichar-carlos-sainz_202412096756c3317337f20001b8bd90.html,lasextanoticias,2024-12-09T10:15:13+00:00
395,"Andrés, Pantoja","Juan Lobato acudió a la notaría por temor a 5 años de prisión si revelaba secretos: ""Lo volvería a hacer cien veces""",El ex secretario general del Partido Socialista de Madrid responde a las preguntas sobre todo lo sucedido en torno al caso de las filtraciones que le llevaron a renunciar a su cargo.,https://www.antena3.com/programas/espejo-publico/noticias/juan-lobato-acudio-notaria-temor-5-anos-prision-revelaba-secretos-volveria-hacer-cien-veces_202412096756c1a885d24c0001d41be8.html,antena3,2024-12-09T10:08:40+00:00
396,Desirée Castillo,Kazim humilla a Halis en un tenso cara a cara: “No podrás limpiar esta deshonra”,El enfrentamiento ha marcado un antes y un después en la relación entre ambas familias. Halis se ha quedado avergonzado por primera vez en su vida.,https://www.antena3.com/series/una-nueva-vida/kazim-humilla-halis-tenso-cara-cara-podras-limpiar-esta-deshonra_202412096756bfb285d24c0001d41907.html,antena3,2024-12-09T10:00:18+00:00
397,agencias,La ONU advierte que más de 5.000 millones de personas vivirán en áreas áridas en 2100,"[[IntroductionHighlight:¿Por qué es importante?]] Varios aspectos de la vida cotidiana y de la calidad de la misma se verían afectados si la tendencia a la desertificación del planeta se sigue incrementando, entre ellos el económico, el daño al ecosistema, el acceso al agua y la salud.",https://www.lasexta.com/noticias/sociedad/onu-advierte-que-mas-5000-millones-personas-viviran-areas-aridas-2100_202412096756ba1385d24c0001d41294.html,lasextanoticias,2024-12-09T09:40:18+00:00
398,agencias | lasextacom,Exteriores evacúa en un convoy a los 26 españoles que querían abandonar Siria tras la caída de Al Assad,"[[H2:El detonante]] Tras la caída del régimen sirio, un convoy con una veintena de españoles y sus familias, incluido el personal de la embajada de Damasco, ha llegado ya a la frontera libanesa.",https://www.lasexta.com/noticias/internacional/exteriores-evacua-convoy-26-espanoles-que-querian-abandonar-siria-caida-assad_202412096756b6857337f20001b8b0b5.html,lasextanoticias,2024-12-09T09:21:09+00:00
399,lasexta-deportes,'Checo' Pérez ya abre la puerta a una salida de Red Bull,"El piloto mexicano, tras el Gran Premio de Abu Dabi, habló de ""llegar a un acuerdo"" con la escudería austriaca cuando parece que está más fuera que dentro del equipo. ",https://www.lasexta.com/noticias/deportes/motor/formula1/checo-perez-abre-puerta-salida-red-bull_202412096756b6761258380001f87a2a.html,lasextanoticias,2024-12-09T09:20:54+00:00
400,agencias | lasextacom,Detienen en Tenerife a un hombre por provocar 25 actos de sabotaje en infraestructuras críticas con artefactos caseros,"La investigación se inició tras varias denuncias interpuestas por afectados. Sus acciones perjudicaron gravemente a la ciudadanía de municipios del sur de la isla, así como a empresas y servicios de emergencia.",https://www.lasexta.com/noticias/sociedad/detienen-tenerife-hombre-provocar-25-actos-sabotaje-infraestructuras-criticas-artefactos-caseros_202412096756b37185d24c0001d40c10.html,lasextanoticias,2024-12-09T09:11:50+00:00
401,efe,"Óscar López acusa al PP de ""judicializar la política"" y ""enfangar"" para tapar los avances del Gobierno","[[IntroductionHighlight:El contexto]] En plena tormenta judicial, el ministro y flamante líder del PSOE madrileño señala al PP, al que acusa de intentar ""monopolizar la vida pública"" con periplos judiciales.",https://www.lasexta.com/noticias/nacional/oscar-lopez-acusa-judicializar-politica-enfangar-tapar-avances-gobierno_202412096756b3d71258380001f877bd.html,lasextanoticias,2024-12-09T09:09:43+00:00
402,lasexta-deportes,"Fernando Alonso responde a los que le llaman viejo: ""Están esperando a que me haga mayor...""","El bicampeón del mundo de Fórmula 1, a sus 43 años, ha terminado noveno en el Mundial con aviso a navegantes incluido: ""Siempre doy el máximo"". ",https://www.lasexta.com/noticias/deportes/motor/formula1/fernando-alonso-responde-que-llaman-viejo-estan-esperando-que-haga-mayor_202412096756a8ca85d24c0001d40261.html,lasextanoticias,2024-12-09T08:22:34+00:00
403,efe,Valencia celebra un funeral por las víctimas de la DANA con la presencia de los reyes,"[[IntroductionHighlight:Presencias y ausencias]] A la misa asistirán los reyes, Mazón y la delegada del Gobierno. También acudirán Feijóo y Ayuso. Los familiares de las víctimas, que denunciaban no haber sido invitados, finalmente tendrán su lugar.",https://www.lasexta.com/noticias/sociedad/valencia-celebra-funeral-victimas-dana-presencia-reyes_202412096756a6a71258380001f86bf7.html,lasextanoticias,2024-12-09T08:13:27+00:00
404,agencias,Una mujer demanda a Jay-Z y a Sean Combs por haberla violado cuando tenía 13 años,"Según la demanda, Carter le quitó la ropa, la inmovilizó y la violó mientras Combs y otra famosa, una mujer no identificada, la observaban. Esta es la primera vez que una denuncia a Combs involucra a otro artista. ",https://www.lasexta.com/noticias/internacional/mujer-demanda-jayz-sean-combs-haberla-violado-cuando-tenia-13-anos_202412096756a3a985d24c0001d3fde6.html,lasextanoticias,2024-12-09T08:00:41+00:00
405,guillermo-alvarez,Fernando Alonso confiesa que ha corrido lesionado parte del Mundial de Fórmula 1,El piloto de Aston Martin confesó tras el Gran Premio de Abu Dabi que ha corrido lesionado desde la carrera en Brasil. ,https://www.lasexta.com/noticias/deportes/motor/formula1/fernando-alonso-confiesa-que-corrido-lesionado-parte-mundial-formula-1_2024120967569edb85d24c0001d3fa16.html,lasextanoticias,2024-12-09T07:40:11+00:00
406,"Álvaro, Navarro Contreras | efe","El temporal de nieve mantiene en alerta a nueve comunidades, con Castilla y León y Asturias en riesgo extremo","[[IntroductionHighlight:¿Qué podemos esperar?]] Este lunes es el último día importante del temporal de nieve, pero las nevadas serán copiosas durante la mañana. Seguirán por la tarde, aunque su intensidad irá a menos.",https://www.lasexta.com/noticias/el-tiempo/temporal-nieve-mantiene-alerta-nueve-comunidades-castilla-leon-asturias-riesgo-extremo_20241209675699597337f20001b899ff.html,lasextanoticias,2024-12-09T07:16:41+00:00
407,reuters,"Prohíben abandonar Corea del Sur al presidente Yoon, investigado por su declaración de ley marcial","[[IntroductionHighlight:Las dos caras]] El presidente surcoreano sobrevivió este fin de semana a una moción para destituirle. Sin embargo, está siendo investigado y su partido busca para él una ""salida ordenada"".",https://www.lasexta.com/noticias/internacional/prohiben-abandonar-corea-sur-presidente-yoon-investigado-declaracion-ley-marcial_202412096756941c7337f20001b89784.html,lasextanoticias,2024-12-09T06:54:20+00:00
408,Desirée Castillo,Un beso apasionado en el aeropuerto: ¿el principio de un nuevo comienzo para Ferit y Seyran?,Seyran intenta detener a Ferit con un primer beso apasionado. ¿Era lo que necesitaba para quedarse? ,https://www.antena3.com/series/una-nueva-vida/beso-apasionado-aeropuerto-principio-nuevo-comienzo-ferit-seyran_20241209675633801258380001f83022.html,antena3,2024-12-09T00:02:08+00:00
409,Desirée Castillo,Ferit toma una decisión definitiva: dejarlo todo y empezar de cero en Nueva York,"Cansado de los escándalos familiares y las tensiones en la mansión, Ferit ha decidido dar un giro radical a su vida.  ",https://www.antena3.com/series/una-nueva-vida/ferit-toma-decision-definitiva-dejarlo-todo-empezar-cero-nueva-york_202412096756313385d24c0001d3c354.html,antena3,2024-12-08T23:52:19+00:00
410,Desirée Castillo,¡Esme se burla de Kazım! Roba las llaves y desafía sus reglas para ayudar a sus hijas,Lo que está claro es que Esme ya no es la misma mujer sumisa de antes. Ahora es capaz de enfrentarse al miedo y desafiar la tiranía de su marido. ,https://www.antena3.com/series/una-nueva-vida/esme-burla-kazm-roba-llaves-desafia-sus-reglas-ayudar-sus-hijas_20241209675627021258380001f82a6f.html,antena3,2024-12-08T23:08:50+00:00
411,Azahar Flores | Desirée Castillo,Suna se da cuenta de los verdaderos sentimientos de Seyran por Ferit: “¿Te estás enamorando?”,Seyran no puede ocultarlo más: sus sentimientos por Ferit la están delatando.  ,https://www.antena3.com/series/una-nueva-vida/suna-cuenta-verdaderos-sentimientos-seyran-ferit-estas-enamorando_2024120867561cc485d24c0001d3b7d3.html,antena3,2024-12-08T22:25:08+00:00
412,Azahar Flores | Desirée Castillo,Kazim toma una decisión irrevocable: Seyran y Suna abandonan la mansión Korhan,"Sin que nadie pudiera hacer nada, Kazim ha irrumpido en la mansión Korhan, decidido a llevarse a Seyran y Suna, dejando a todos en estado de shock. ",https://www.antena3.com/series/una-nueva-vida/kazim-toma-decision-irrevocable-seyran-suna-abandonan-mansion-korhan_20241208675615f01258380001f81f31.html,antena3,2024-12-08T21:56:00+00:00
413,Azahar Flores | Desirée Castillo,Abidin toma la justicia por su mano: pierde el control y le da una paliza al periodista hasta eliminar las fotos,La mano derecha de Ferit ha terminado con el problema tras amenazar y pegar al periodista.  ,https://www.antena3.com/series/una-nueva-vida/abidin-toma-justicia-mano-pierde-control-paliza-periodista-eliminar-fotos_20241208675613e51258380001f81d7b.html,antena3,2024-12-08T21:47:17+00:00
414,lasexta-deportes,"El contundente mensaje de Carlos Sainz a Williams: ""La gente no se imagina...""",El español llegará a la escudería británica con la atención puesta en desarrollar un coche que pueda devolver a Williams y al propio Carlos a los puesto de arriba. ,https://www.lasexta.com/noticias/deportes/motor/formula1/contundente-mensaje-sainz-williams-gente-imagina_20241208675612851258380001f81c6e.html,lasextanoticias,2024-12-08T21:41:25+00:00
415,Desirée Castillo | Azahar Flores,Ferit se marcha destrozado y Gülgün culpa a Seyran: “No me lo esperaba de ti”,Seyran ha decidido ser sincera con el patriarca de la mansión Korhan sin pensar en las consecuencias. ¿Podrá su suegra perdonarla? ,https://www.antena3.com/series/una-nueva-vida/ferit-marcha-destrozado-gulgun-culpa-seyran-esperaba_2024120867560f811258380001f81a07.html,antena3,2024-12-08T21:28:33+00:00
416,lasextacom,Detenida una mujer en Valencia por prostituir y amenazar a otra y obligarla a estar disponible las 24 horas,[[IntroductionHighlight:Los detalles]] La acusada amenazaba a la víctima con difundir a sus familiares las fotos tomadas para los anuncios de internet si no obedecía sus órdenes.,https://www.lasexta.com/noticias/sociedad/detenida-mujer-valencia-prostituir-amenazar-otra-obligarla-estar-disponible-24-horas_20241208675607127337f20001b8552e.html,lasextanoticias,2024-12-08T20:52:34+00:00
417,lasexta-deportes,"El conmovedor mensaje de despedida de Mercedes a Hamilton por radio: ""Si nosotros no ganamos...""",La escudería alemana ha dejado un bonito momento con el siete veces campeón del mundo tras la carrera del Gran Premio de Abu Dhabi. ,https://www.lasexta.com/noticias/deportes/motor/formula1/conmovedor-mensaje-despedida-mercedes-hamilton-radio-nosotros-ganamos_20241208675606091258380001f8121f.html,lasextanoticias,2024-12-08T20:48:09+00:00
418,lasexta-deportes,"La firme sentencia de Alonso de cara a volver a ganar en un futuro: ""Si me dan un coche normal...""",El asturiano está completamente convencido de su rendimiento y considera que si dispusiera de un monoplaza más competitivo los resultados serían otros. ,https://www.lasexta.com/noticias/deportes/motor/formula1/firme-sentencia-alonso-cara-volver-ganar-futuro-dan-coche-normal_202412086755fa3f7337f20001b84bd4.html,lasextanoticias,2024-12-08T19:57:51+00:00
419,lasextacom,"Joe Biden califica la caída del régimen de Al Asad en Siria como un ""acto fundamental de justicia""","[[IntroductionHighlight:Las consecuencias]] El presidente de Estados Unidos ha confirmado que van a mantener conversaciones ""con todos los grupos sirios"", en un proceso de transición liderado por Naciones Unidas.",https://www.lasexta.com/noticias/internacional/joe-biden-califica-caida-regimen-asad-siria-como-acto-fundamental-justicia_202412086755f5b485d24c0001d39a46.html,lasextanoticias,2024-12-08T19:38:28+00:00
420,lasextacom | agencias,El Kremlin confirma que Bashar Al-Assad se encuentra en Rusia tras recibir asilo,"[[IntroductionHighlight:Los detalles]]El ya expresidente sirio y su familia han recibido asilo en Moscú ""por motivos humanitarios"". Rusia asegura que apoya "" la búsqueda de una solución política para resolver la crisis siria"".",https://www.lasexta.com/noticias/internacional/kremlin-confirma-que-bashar-alassad-encuentra-rusia-recibir-asilo_202412086755f4cb7337f20001b84805.html,lasextanoticias,2024-12-08T19:34:35+00:00
421,lasexta-deportes,"¡Verstappen fuera de sí! El insulto de Max a la FIA tras recibir una sanción: ""Estúpidos idiotas""","El neerlandés ha sido sancionado nada más comenzar la carrera por un toque con Piastri y su reacción por radio no ha dejado indiferente a nadie, en especial, a los comisarios de la FIA. ",https://www.lasexta.com/noticias/deportes/motor/formula1/verstappen-fuera-insulto-max-fia-recibir-sancion-estupidos-idiotas_202412086755ed507337f20001b84290.html,lasextanoticias,2024-12-08T19:02:40+00:00
422,Patri Bea,"""Cada uno se queda a papá un mes y nos repartimos el marrón"": Señor, dame paciencia, estreno el sábado en Antena 3",Los hijos de Gregorio tendrán que acogerlo en su casa después de que su vida de un giro de 180 grados y necesite su ayuda.,https://www.antena3.com/series/senor-dame-paciencia/cada-uno-queda-papa-mes-nos-repartimos-marron-estreno_202412086755ed4285d24c0001d39396.html,antena3,2024-12-08T19:02:26+00:00
423,lasexta-deportes,"El aviso de Alonso a Aston Martin tras puntuar en el Gran Premio de Abu Dhabi: ""Dependemos de...""",El asturiano ha querido mandar un mensaje claro a la escudería de cara a la temporada que viene después de haber conseguido meterse en los puntos en la última carrera del año. ,https://www.lasexta.com/noticias/deportes/motor/formula1/aviso-alonso-aston-martin-puntuar-gran-premio-abu-dhabi-dependemos_202412086755e0d585d24c0001d388a7.html,lasextanoticias,2024-12-08T18:09:25+00:00
424,Ana Bermejo Lillo,"Natalia Sánchez analiza la trama de Jesús y Begoña en Sueños de libertad: ""No olvidemos que es una relación tóxica""","La actriz explica cómo vive la relación de Begoña Montes, su personaje, con Jesús de la Reina, interpretado por Alain Hernández. ",https://www.antena3.com/series/suenos-de-libertad/natalia-sanchez-analiza-trama-jesus-begona-olvidemos-que-relacion-toxica_202412086755dfd91258380001f7f36a.html,antena3,2024-12-08T18:05:13+00:00
425,Carmen Pardo | Patri Bea,¡Nos colamos en la tahona de Beguinas! Telmo y Lebrín nos desvelan sus secretos,Yon González y Jonás Berami nos enseñan cómo es el lugar en el que pasan sus personajes gran parte del tiempo.,https://www.antena3.com/series/beguinas/nos-colamos-tahona-beguinas-telmo-lebrin-nos-desvelan-sus-secretos_202412086755d0a31258380001f7e708.html,antena3,2024-12-08T17:00:19+00:00
426,lasexta-deportes,"Leclerc, al borde de las lágrimas: su adiós a Sainz por radio pone los pelos de punta: ""Duele mucho...""",El monegasco ha querido mandarle un mensaje a Carlos por radio y al hacerlo se le ha podido ver algo emocionado. ,https://www.lasexta.com/noticias/deportes/motor/formula1/leclerc-borde-lagrimas-adios-sainz-radio-pone-pelos-punta-duele-mucho_202412086755d02085d24c0001d37a5c.html,lasextanoticias,2024-12-08T16:58:08+00:00
427,lasexta-deportes,¡La imagen de la deportividad! El abrazo entre mecánicos de McLaren y Ferrari después de GP de Abu Dhabi,"Nada más terminar la carrera y conocer que McLaren era campeón, los mecánicos de ambos equipos se abrazaron en el 'paddock' dejando una emotiva imagen. ",https://www.lasexta.com/noticias/deportes/motor/formula1/imagen-deportividad-abrazo-mecanicos-mclaren-ferrari-despues-abu-dhabi_202412086755c6b07337f20001b82612.html,lasextanoticias,2024-12-08T16:17:52+00:00
428,antena3com,"Norma Ruiz es Sandra, la hija mayor de Gregorio en Señor, dame paciencia","Sandra, 35 años, está casada con Javi y son la pareja ecológica de la familia.",https://www.antena3.com/series/senor-dame-paciencia/norma-ruiz-sandra-hija-mayor-gregorio_202412086755c47385d24c0001d37195.html,antena3,2024-12-08T16:08:19+00:00
429,Eire García Arbaizar,"“Si llegase el fin del mundo, daría muchísimos besos”: Esther Cañadas nos confiesa sus mayores secretos",La actriz se encontraba bajo Rinoceronte y ha venido a contarnos un poco más sobre ella. ,https://www.antena3.com/programas/mask-singer/llegase-fin-mundo-daria-muchisimos-besos-esther-canadas-nos-confiesa-sus-mayores-secretos_202412086755c2971258380001f7dc74.html,antena3,2024-12-08T16:00:23+00:00
430,victor-cea,"Miedo e incertidumbre entre los mutualistas de Muface: ""Necesito una operación que mi compañía no me la cubre""",[[IntroductionHighlight:¿Por qué es importante?]] Son cuatro millones de personas las que ahora temen quedar en un limbo después de que la mutua y el Gobierno no alcancen un acuerdo para renovar la licitación.,https://www.lasexta.com/noticias/economia/miedo-incertidumbre-mutualistas-muface-necesito-operacion-que-compania-cubre_202412086755bf767337f20001b8215c.html,lasextanoticias,2024-12-08T15:47:02+00:00
431,"Carlos, Guiñales",La ley pionera que prepara España para reconocer los derechos de los grandes simios,"[[IntroductionHighlight:¿Por qué es importante?]] Se calcula que, en nuestro país, hay 140 especies entre chimpancés, gorilas, orangutanes y bonobos. Muchos de ellos están en zoológicos.",https://www.lasexta.com/noticias/sociedad/ley-pionera-que-prepara-espana-reconocer-derechos-grandes-simios_202412086755bf3a85d24c0001d36d85.html,lasextanoticias,2024-12-08T15:46:02+00:00
432,lasexta-deportes,"¡Qué imagen! La emoción de Hamilton en su última carrera con Mercedes: ""De todo corazón...""",El británico ha dejado una imagen impactante tras haber finalizado su última carrera como piloto de la escudería que se lo ha dado todo. ,https://www.lasexta.com/noticias/deportes/motor/formula1/que-imagen-emocion-hamilton-ultima-carrera-mercedes-todo-corazon_202412086755b6c61258380001f7d3e9.html,lasextanoticias,2024-12-08T15:09:58+00:00
433,Patri Bea | Carmen Pardo,Jaime Gutiérrez explica por qué Alonso negó a Beatriz: “A mí se me cae el mundo encima”,El actor que da vida al hombre del que se ha enamorado la hija de Sibila explica una de sus escenas más polémicas.,https://www.antena3.com/series/beguinas/jaime-gutierrez-explica-que-alonso-nego-beatriz-cae-mundo-encima_202412086755b48285d24c0001d36544.html,antena3,2024-12-08T15:00:18+00:00
434,lasexta-deportes,"La emotiva radio de Sainz al terminar su última carrera con Ferrari: ""Ha sido un auténtico placer...""",El español terminó en segunda posición en su última carrera como piloto de la escudería italiana y mandó un mensaje de agradecimiento por radio al cruzar la meta. ,https://www.lasexta.com/noticias/deportes/motor/formula1/emotiva-radio-sainz-terminar-ultima-carrera-ferrari-sido-autentico-placer_202412086755b2b47337f20001b818f0.html,lasextanoticias,2024-12-08T14:52:36+00:00
435,lasexta-deportes,Ferrari hizo todo lo que pudo: La perfecta victoria de Norris que le dio el Mundial a McLaren,El británico supo aguantar la presión que le impusieron los Ferrari durante toda la carrera después de que Piastri se quedara fuera de juego en la primera vuelta. ,https://www.lasexta.com/noticias/deportes/motor/formula1/ferrari-hizo-todo-que-pudo-perfecta-victoria-norris-que-dio-mundial-mclaren_202412086755af5685d24c0001d36116.html,lasextanoticias,2024-12-08T14:38:14+00:00
436,lasextacom,Cae una pareja de estafadores por usar el método del 'hurto mágico' en comercios,"[[IntroductionHighlight:El contexto]] Esta ingeniosa, pero fraudulenta técnica consiste en aprovechar el momento del cambio de dinero para engañar a lo dependientes para que les devolviesen el billete con el que habían pagado el producto.",https://www.lasexta.com/noticias/sociedad/cae-pareja-estafadores-usar-metodo-hurto-magico-comercios_202412086755ad4585d24c0001d35f8d.html,lasextanoticias,2024-12-08T14:29:48+00:00
437,lasextacom,"Así es el turismo en Valencia tras la DANA: ""La ciudad necesita que los turistas sigan viniendo""","[[IntroductionHighlight:¿Por qué es importante?]] A pesar de las adversidades climáticas, poco a poco se aprecia una recuperación gradual de la confianza de los visitantes.",https://www.lasexta.com/noticias/sociedad/asi-turismo-valencia-dana-ciudad-necesita-que-turistas-sigan-viniendo_202412086755a7a61258380001f7c88d.html,lasextanoticias,2024-12-08T14:05:26+00:00
438,lasextacom,Luces y sombras del futuro de Siria: ¿hacia dónde se dirige la revolución de los rebeldes?,"[[IntroductionHighlight:Tres opciones]] El experto Ignacio Álvarez-Ossorio, catedrático de Estudios Árabes e Islámicos, ha explicado que cada grupo rebelde aboga ""por una solución diferente para Siria"".",https://www.lasexta.com/noticias/internacional/luces-sombras-futuro-siria-donde-dirige-revolucion-rebeldes_202412086755a6201258380001f7c79e.html,lasextanoticias,2024-12-08T13:58:56+00:00
439,"Carla, Martín","Félix Bolaños denuncia una estrategia ultraderechista ""para amedrentar a los políticos progresistas""","[[IntroductionHighlight:El detonante]] Según el ministro, Sánchez está ""sufriendo una oposición beligerante y atroz, como muchos otros presidentes socialistas"". ",https://www.lasexta.com/noticias/nacional/felix-bolanos-denuncia-estrategia-ultraderechista-amedrentar-politicos-progresistas_202412086755a30385d24c0001d35755.html,lasextanoticias,2024-12-08T13:45:39+00:00
440,"Álvaro, Navarro Contreras","Nevadas, vientos y un bajón de las temperaturas aceleran la llegada del invierno a España","[[IntroductionHighlight:El frío irá a más]] Una masa de aire ártica atraviesa la Península Ibérica, provocando un bajón de temperaturas y generando múltiples incidencias a lo largo y ancho del país.",https://www.lasexta.com/noticias/el-tiempo/nevadas-vientos-bajon-temperaturas-aceleran-llegada-invierno-espana_202412086755a24a7337f20001b80e11.html,lasextanoticias,2024-12-08T13:42:34+00:00
441,lasexta-deportes,El accidente entre Verstappen y Piastri que da esperanzas a Ferrari en el Mundial de Constructores,"Un toque entre el neerlandés y el australiano ha terminado relegando a Oscar a la última posición. Sainz y Leclerc, al acecho.",https://www.lasexta.com/noticias/deportes/motor/formula1/accidente-verstappen-piastri-que-esperanzas-ferrari-mundial-constructores_2024120867559dd085d24c0001d353cf.html,lasextanoticias,2024-12-08T13:23:28+00:00
442,"Alex, Voytyuk","Quién es Abu Mohammad Al-Golani, el líder rebelde en Siria que ha conseguido derrocar a Al-Assad","El líder rebelde es una figura poco conocida de la que ni siquiera se conoce ni su nombre real ni su edad, pero sí su trayectoria que ha pasado por ser el creador de Al Nusra, filial de Al Qaeda.",https://www.lasexta.com/noticias/internacional/quien-abu-mohammad-algolani-lider-rebelde-siria-que-conseguido-derrocar-alassad_2024120867559ca87337f20001b80b5e.html,lasextanoticias,2024-12-08T13:18:32+00:00
443,Julián López,La curiosa afición que Roberto Leal disfruta desde su adolescencia y no conocías: “Amo esto desde que tenía 14 años”,El presentador de Pasapalabra ha compartido en redes sociales un hobbie que le ha acompañado durante más de 30 años.  ,https://www.antena3.com/programas/pasapalabra/noticias/curiosa-aficion-que-roberto-leal-disfruta-adolescencia-conocias-amo-esto-que-tenia-14-anos_202412086755986085d24c0001d34f92.html,antena3,2024-12-08T13:00:16+00:00
444,Roberto Fernández Ferreira,El vuelo inolvidable de Mosca: los momentos que le han llevado a la Gran Final de Mask Singer,La máscara se dio a conocer en el primer programa de la temporada y desde entonces no ha dejado de ganarse el corazón de los investigadores y la audiencia.,https://www.antena3.com/programas/mask-singer/vuelo-inolvidable-mosca-momentos-que-han-llevado-gran-final_20241208675591557337f20001b8046e.html,antena3,2024-12-08T12:30:13+00:00
445,lasexta-deportes,"El bonito gesto de Charles Leclerc con Carlos Sainz a modo de despedida: ""Gracias por...""",El monegasco ha querido tener una última muestra de cariño con el que ha sido su compañero durante cuatro temporadas. ,https://www.lasexta.com/noticias/deportes/motor/formula1/bonito-gesto-charles-leclerc-carlos-sainz-modo-despedida-gracias_2024120867558f297337f20001b802df.html,lasextanoticias,2024-12-08T12:20:57+00:00
446,"Juan, Pizarro","F1 2024 hoy, en directo: Carrera del Gran Premio de Abu Dhabi de Fórmula 1","Sigue en directo en laSexta.com la última carrera de la temporada 2024 de Fórmula 1, el Gran Premio de Abu Dhabi en el Circuito de Yas Marina.",https://www.lasexta.com/noticias/deportes/motor/formula1/2024-hoy-directo-carrera-gran-premio-abu-dhabi-formula-1_2024120867558a8d1258380001f7b4bc.html,lasextanoticias,2024-12-08T12:01:17+00:00
447,Sara Sanz,Reconstruimos el crimen de Linares a través de los testimonios de la familia,"En Y ahora Sonsoles hemos hablado con varios familiares de Christian, el bebé de dos años asesinado por su padrastro en Linares. La madre y el padre biológico del pequeño han reconstruido un relato verdaderamente aterrador.",https://www.antena3.com/programas/y-ahora-sonsoles/reconstruimos-crimen-linares-traves-testimonios-familia_2024120867558a567337f20001b7ffb2.html,antena3,2024-12-08T12:00:22+00:00
448,Eire García Arbaizar | Ana Bermejo Lillo,"Avance semanal de Sueños de libertad: Andrés se acuesta con María de nuevo, ¿por despecho?",El menor de los De la Reina no soporta la falta de Begoña y ha terminado durmiendo junto a su mujer.,https://www.antena3.com/series/suenos-de-libertad/avances/semanal-andres-acuesta-maria-nuevo-despecho_2024120867558a5085d24c0001d344f9.html,antena3,2024-12-08T12:00:16+00:00
449,lasexta-deportes,"El emotivo abrazo de Fernando Alonso a Gabriel Bortoleto, campeón del mundo de F2",El asturiano felicitó de manera muy efusiva al jovencísimo piloto brasileño que se ha proclamado campeón del mundo de Fórmula 2 después de una carrera final de infarto. ,https://www.lasexta.com/noticias/deportes/motor/formula1/emotivo-abrazo-fernando-alonso-gabriel-bortoleto-campeon-mundo_20241208675587af85d24c0001d3433c.html,lasextanoticias,2024-12-08T11:49:03+00:00
450,lasexta-deportes,"El inteligente rol que quiere asumir Marc Márquez en Ducati: ""Yo no seré...""",El de Cervera analiza cómo se distribuirán las responsabilidades en un 'box' en el que la exigencia va a ser máxima debido a que Ducati es la favorita para llevarse le mundial. ,https://www.lasexta.com/noticias/deportes/motor/inteligente-rol-que-quiere-asumir-marc-marquez-ducati-sere_2024120867557e4c7337f20001b7f81a.html,lasextanoticias,2024-12-08T11:09:00+00:00
451,agencias,El incendio en Andratx (Mallorca) ya ha quemado 50 hectáreas de pinar y carrizo,[[IntroductionHighlight:Complicaciones por el viento]] Las condiciones meteorológicas están condicionando el trabajo de los operativos. El fuerte viento está impidiendo el trabajo de los medios aéreos.,https://www.lasexta.com/noticias/sociedad/incendio-andratx-mallorca-quemado-50-hectareas-pinar-carrizo_2024120867557a841258380001f7a9b9.html,lasextanoticias,2024-12-08T10:52:52+00:00
452,agencias,"Óscar López se compromete a ""recuperar"" Madrid de Ayuso tras ser nombrado secretario general del PSOE-M","[[IntroductionHighlight:Carta a la militancia]] El ministro de Transformación Digital y Función Pública, ahora también secretario general del PSOE-M, se ha comprometido con las bases madrileñas a ""recuperar"" Madrid de la presidenta madrileña Isabel Díaz Ayuso.",https://www.lasexta.com/noticias/nacional/oscar-lopez-compromete-recuperar-madrid-ayuso-ser-nombrado-secretario-general-psoem_2024120867556d6785d24c0001d331df.html,lasextanoticias,2024-12-08T09:56:55+00:00
453,europa-press | lasextacom,Desalojadas 90 personas tras un incendio en un camping de Motril,"[[IntroductionHighlight:El contexto]] Un incendio fue declarado la tarde de este sábado en un paraje de la localidad granadina, lo que provocó el desalojo de casi un centenar de personas por precaución. ",https://www.lasexta.com/noticias/sociedad/desalojadas-90-personas-incendio-camping-motril_20241208675562627337f20001b7e865.html,lasextanoticias,2024-12-08T09:09:54+00:00
454,agencias | lasextacom,"Trump atribuye la huida de Al-Assad a la ""debilidad"" de Rusia e Irán y pide un alto el fuego en Ucrania","[[IntroductionHighlight:¿Por qué es importante?]] El presidente electo de los Estados Unidos, tras hablar con Zelenski en Francia, ha vinculado la caída del régimen sirio a la debilidad de Rusia e Irán.",https://www.lasexta.com/noticias/internacional/trump-atribuye-huida-alassad-debilidad-rusia-iran-pide-alto-fuego-ucrania_202412086755570585d24c0001d3244c.html,lasextanoticias,2024-12-08T08:21:25+00:00
455,lasextacom,"Los españoles gastaremos entre 600 y 1.000 euros estas navidades, un tres por ciento más que en 2023","[[IntroductionHighlight:¿Por qué es importante?]] Las comidas, los regalos, la lotería y los viajes serán los cuatro aspectos en los que más dinero nos dejaremos durante estas fiestas.",https://www.lasexta.com/noticias/economia/espanoles-gastaremos-600-1000-euros-estas-navidades-tres-ciento-mas-que-2023_202412076754c1671258380001f73df2.html,lasextanoticias,2024-12-07T21:43:03+00:00
456,lasexta-deportes,"La razón que no hace que Ferrari pierda la esperanza en el Mundial de Constructores: ""No podemos...""","Frédéric Vasseur, jefe de la escudería italiana, es consciente de lo difícil que es pero asegura que hay varios argumentos que invitan a pensar a que tendrán una posibilidad de luchar con McLaren. ",https://www.lasexta.com/noticias/deportes/motor/razon-que-hace-que-ferrari-pierda-esperanza-mundial-constructores-podemos_202412076754c0c01258380001f73d86.html,lasextanoticias,2024-12-07T21:40:15+00:00
457,lasexta-deportes,"El terrible error de Mercedes que acabó con un bolardo debajo del coche de Hamilton: ""Inexcusable""",El británico vio entorpecido su rendimiento debido a un fallo en la Q1 que no le permitió clasificar en una buena posición de cara a su última carrera como piloto de Mercedes. ,https://www.lasexta.com/noticias/deportes/motor/formula1/terrible-error-mercedes-que-acabo-bolardo-debajo-coche-hamilton-inexcusable_202412076754b7441258380001f736f7.html,lasextanoticias,2024-12-07T20:59:48+00:00
458,"Carla, García-Tizón | europa-press",Hamás publica una nueva prueba de vida con el rehén israelí Matan Zangauker,"[[IntroductionHighlight:El contexto]] En un vídeo publicado por la organización islamista, Matan Zangauker, secuestrado en los atentados de octubre de 2023, culpa a Netanyahu de su situación y pide a los israelíes que se subleven contra el Gobierno.",https://www.lasexta.com/noticias/internacional/hamas-publica-nueva-prueba-vida-rehen-israeli-matan-zangauker_202412076754adf985d24c0001d2c08c.html,lasextanoticias,2024-12-07T20:20:09+00:00
459,carla-alvarez | agencias,Atendidas catorce personas a causa de un incendio en una vivienda en El Puerto de Santa María (Cádiz),"[[IntroductionHighlight:¿Por qué es importante?]] El fuego se originó en el salón de una vivienda, donde quedaron atrapados una pareja y sus dos hijos. La mayoría de los afectados han sufrido inhalación de humo y un hombre de 77 años ha sido atendido con quemaduras.",https://www.lasexta.com/noticias/sociedad/atendidas-catorce-personas-causa-incendio-vivienda-puerto-santa-maria-cadiz_202412076754a5207337f20001b7838b.html,lasextanoticias,2024-12-07T19:42:24+00:00
460,lasexta-deportes,"La impotencia de Sainz tras la clasificación en Abu Dhabi: ""Nunca había empujado tanto""",El madrileño buscaba la 'pole' pero los McLaren ha impuesto su superioridad a una vuelta y Carlos se ha tenido que conformar con el tercer puesto. ,https://www.lasexta.com/noticias/deportes/motor/formula1/impotencia-sainz-clasificacion-abu-dhabi-nunca-habia-empujado-tanto_202412076754a4b77337f20001b78328.html,lasextanoticias,2024-12-07T19:40:39+00:00
461,lasextacom,¿Cómo es posible que la dictadura de Al-Assad se haya derrumbado en solo 10 días?,"[[IntroductionHighlight:¿Qué ha pasado?]] Yago Rodríguez afirma que Rusia e Irán no han acudido al rescate de Al-Assad porque ""no les ha dado tiempo"". ""Tienen tantos frentes abiertos..."", explica.",https://www.lasexta.com/noticias/internacional/como-posible-que-dictadura-alassad-haya-derrumbado-solo-10-dias_202412076754a1501258380001f725f9.html,lasextanoticias,2024-12-07T19:26:08+00:00
462,lasextacom,"La familia Al-Assad, más de 50 años controlando Siria con mano de hierro","[[IntroductionHighlight:El contexto]] Hafez al-Assad se hizo con el poder mediante un golpe de Estado en 1971. Desde ahí dio a sus familiares puestos de mando en el Ejército, el servicio secreto y las fuerzas de seguridad.",https://www.lasexta.com/noticias/internacional/familia-alassad-mas-50-anos-controlando-siria-mano-hierro_2024120767549d3285d24c0001d2b362.html,lasextanoticias,2024-12-07T19:08:34+00:00
463,Julián López,Javier Ambrossi reconoce algo que ha estado haciendo mal en Mask Singer: “Hay que aprender de los errores”,"El investigador ha decidido cambiar drásticamente sus teorías de cara a la Semifinal porque, según él, “la primera intuición suele fallar”. ¿A qué se referirá? ",https://www.antena3.com/programas/mask-singer/javier-ambrossi-reconoce-algo-que-estado-haciendo-mal-hay-que-aprender-errores_2024120767549b3e7337f20001b77c61.html,antena3,2024-12-07T19:00:14+00:00
464,lasextacom | efe,El papa se hace un hematoma en la cara al golpearse con la mesilla,"[[IntroductionHighlight:Los detalles]] El papa Francisco ha aparecido en los actos públicos programados por el Vaticano este sábado con contusiones en el rostro. Su equipo de comunicación confirma que es ""consecuencia de una contusión"".",https://www.lasexta.com/noticias/internacional/papa-hace-hematoma-cara-golpearse-mesilla_20241207675499487337f20001b77b0f.html,lasextanoticias,2024-12-07T18:51:52+00:00
465,lasexta-deportes,"Fernando Alonso se gusta: ""Soy el mejor clasificador del año""",El asturiano dejó clara cual es su opinión a la hora de valorar a los pilotos que más rinden en las sesiones de clasificación. ,https://www.lasexta.com/noticias/deportes/motor/formula1/alonso-gusta-soy-mejor-clasificador-ano_20241207675499391258380001f7206b.html,lasextanoticias,2024-12-07T18:51:37+00:00
466,"Juan, Pizarro","La insólita apuesta entre Fernando Alonso y el jefe de Aston Martin en Abu Dhabi: ""Mike, son 100""","El piloto asturiano se acordó de Mike Krack, jefe de equipo de Aston Martin, tras lograr el pase a la Q3 en Abu Dhabi, dejando caer que tenían una apuesta pendiente.",https://www.lasexta.com/noticias/deportes/motor/formula1/insolita-apuesta-fernando-alonso-jefe-aston-martin-abu-dhabi-mike-son-100_20241207675491777337f20001b77527.html,lasextanoticias,2024-12-07T18:18:31+00:00
467,lasextacom,"Trump afirma que EEUU no debe involucrarse en la batalla por el control de Siria: ""No es nuestra lucha""","[[IntroductionHighlight:Las consecuencias]] El presidente electo de EEUU afirma además que los rebeldes preparan un ""gran movimiento"" para ""eliminar a Al-Assad"".",https://www.lasexta.com/noticias/internacional/trump-afirma-que-eeuu-debe-involucrarse-batalla-control-siria-nuestra-lucha_2024120767548e6c85d24c0001d2a689.html,lasextanoticias,2024-12-07T18:05:32+00:00
468,lasextacom,"Guerra Israel - Hamás, en directo | Al menos seis muertos por bombardeos israelíes en Gaza y Rafah",Al menos seis ciudadanos palestinos han muerto y un número aún por determinar han resultado heridos en la tarde-noche de este viernes como consecuencia de nuevos ataques aéreos del Ejército israelí sobre distintos puntos de la Franja de Gaza.,https://www.lasexta.com/noticias/internacional/guerra-israel-hamas-directo-israel-mata-25-personas-ultimos-ataques-israel-toda-franja-gaza_2024112267405ea3488d690001055544.html,lasextanoticias,2024-12-07T18:02:58+00:00
469,efe,Atrapados dos horas unos 150 pasajeros de un tren al caer un árbol en la vía en Marçà (Tarragona),[[IntroductionHighlight:Las causas]] El fuerte viento ha provocado la caída de un árbol en una zona de difícil acceso por lo que emergencias ha mantenido a los usuarios en el interior del convoy.,https://www.lasexta.com/noticias/sociedad/atrapados-dos-horas-150-pasajeros-tren-caer-arbol-via-marca-tarragona_202412076754892885d24c0001d2a262.html,lasextanoticias,2024-12-07T17:43:04+00:00
470,lasexta-deportes,"El bonito mensaje de Alonso a Aston Martin tras la clasificación en Abu Dhabi: ""Gracias por ...""","El asturiano agradeció el trabajo de los ingenieros sobre el Aston Martin, que parece que de los libres a la clasificación ha mostrado una mejora considerable. ",https://www.lasexta.com/noticias/deportes/motor/formula1/bonito-mensaje-alonso-aston-martin-clasificacion-abu-dhabi-gracias_20241207675488d585d24c0001d2a1f4.html,lasextanoticias,2024-12-07T17:41:41+00:00
471,"Pablo, Amil","La Catedral de Santiago, la Giralda, la Puerta de Alcalá... los otros monumentos que 'renacieron' como Notre Dame","[[IntroductionHighlight:Las causas]] Bien por alguna tragedia o por elementos naturales, e incluso por la contaminación, muchos monumentos necesitan pasar por restauración para recuperar el brillo perdido.",https://www.lasexta.com/noticias/cultura/catedral-santiago-giralda-puerta-alcala-otros-monumentos-que-renacieron-como-notre-dame_202412076754863085d24c0001d29fac.html,lasextanoticias,2024-12-07T17:30:24+00:00
472,"Juan, Pizarro","Fernando Alonso estalla contra la Fórmula 1: ""Están obsesionados conmigo, solo sacan la mierda""","El piloto asturiano ha cargado duramente contra los responsables de la retransmisión de la Fórmula 1 tras hacerse pública una conversación a través de la radio en la que aseguraba que el Aston Martin era ""el peor coche que hemos tenido nunca"".",https://www.lasexta.com/noticias/deportes/motor/formula1/fernando-alonso-estalla-formula-1-estan-obsesionados-conmigo-solo-sacan-mierda_202412076754811b7337f20001b76757.html,lasextanoticias,2024-12-07T17:08:43+00:00
473,lasexta-deportes,"El elogio de Ferrari a Sainz como despedida: ""Es tan profesional y tan comprometido...""","Frédéric Vasseur, jefe de la escudería italiana, ha querido mandar un mensaje al español después de marcar el tercer mejor tiempo en la clasificación del GP de Abu Dhabi. ",https://www.lasexta.com/noticias/deportes/motor/formula1/elogio-ferrari-sainz-como-despedida-tan-profesional-tan-comprometido_2024120767547b7b1258380001f70703.html,lasextanoticias,2024-12-07T16:44:43+00:00
474,"Juan, Pizarro","Fernando Alonso da la clave de su 'milagro' en Abu Dhabi: ""Hemos empezado con el pie cambiado, pero...""","""Estar en los puntos sería maravilloso, pero bueno, hemos hecho el trabajo hoy sábado y vamos a intentar hacerlo el domingo, solo pido disfrutar"", ha dicho el piloto de Aston Martin tras la clasificación.",https://www.lasexta.com/noticias/deportes/motor/formula1/fernando-alonso-clave-milagro-abu-dhabi-hemos-empezado-pie-cambiado-pero_20241207675478c21258380001f704f5.html,lasextanoticias,2024-12-07T16:33:06+00:00
475,lasextacom,"El presidente Yoon sigue en la cuerda floja: su partido busca una ""salida ordenada"" del mandatario",[[IntroductionHighlight:El contexto]] El presidente surcoreano ha salido airoso de una moción para ser destituido tras tratar de aplicar la ley marcial esta semana gracias al boicot a la votación de su partido.,https://www.lasexta.com/noticias/internacional/presidente-yoon-sigue-cuerda-floja-partido-busca-salida-ordenada-mandatario_20241207675477d61258380001f70425.html,lasextanoticias,2024-12-07T16:29:10+00:00
476,lasextacom,"Las mascotas, también víctimas de la tragedia de la DANA en Valencia: ""Lo han pasado bastante mal...""","[[IntroductionHighlight:¿Por qué es importante?]] Desde el principio, varios voluntarios están en al lugar para atender a los animales. Además, se ha abierto una consulta veterinaria improvisada en Paiporta.",https://www.lasexta.com/noticias/sociedad/mascotas-tambien-victimas-tragedia-dana-valencia-han-pasado-bastante-mal_20241207675476911258380001f7033a.html,lasextanoticias,2024-12-07T16:23:45+00:00
477,Eire García Arbaizar,“Son las típicas cosas que pasan una vez en la vida”: Esther Cañadas nos cuenta sus primeras veces en Mask Singer,La modelo nos ha contado como fue el proceso vivido a lo largo del programa. ,https://www.antena3.com/programas/mask-singer/son-tipicas-cosas-que-pasan-vez-vida-esther-canadas-nos-cuenta-sus-primeras-veces-mask-singer_202412076754711285d24c0001d28f0f.html,antena3,2024-12-07T16:00:18+00:00
478,"Estrella, López","Óscar López, nuevo secretario general del PSOE de Madrid tras la marcha de Lobato",[[IntroductionHighlight:El detonante]] Su predecesor dimitió como tal después de salir a la luz que acreditó ante notario los mensajes que recibió desde Moncloa sobre la filtración del fraude a Hacienda del novio de Ayuso.,https://www.lasexta.com/noticias/nacional/oscar-lopez-nuevo-secretario-general-psoe-madrid-marcha-lobato_20241207675470251258380001f6fe0f.html,lasextanoticias,2024-12-07T15:56:21+00:00
479,"Alex, Voytyuk",Los rebeldes siguen conquistando territorios y se acercan a Damasco ante la retirada de las tropas sirias,"El dictador Al-Assad ha concentrado sus tropas en Damasco ante el continuado avance de las tropas rebeldes, que han conquistado Quneitra.",https://www.lasexta.com/noticias/internacional/rebeldes-siguen-conquistando-territorios-acercan-damasco-retirada-tropas-sirias_2024120767546efe1258380001f6fd11.html,lasextanoticias,2024-12-07T15:51:26+00:00
480,lasextacom,"Los hospitales y centros sanitarios de Gaza, objetivos de guerra de Israel: ""No son daños colaterales""","[[IntroductionHighlight:¿Por qué es importante?]] En unos actos contra el derecho humanitario, el ejército de Israel ha convertido en algo normal destruir hospitales, atacar ambulancias y secuestrar y torturar médicos.",https://www.lasexta.com/noticias/internacional/hospitales-centros-sanitarios-gaza-objetivos-guerra-israel-son-danos-colaterales_2024120767546d901258380001f6fbe5.html,lasextanoticias,2024-12-07T15:45:20+00:00
481,lasexta-deportes,¡Tremendo! La vuelta perfecta de Fernando Alonso para meterse en Q3 en la clasificación de Abu Dhabi,El piloto de Aston Martin ha vuelto a ignorar los datos para firmar un tiempo muy bueno que le permitirá salir desde la octava posición en la carrera de este domingo. ,https://www.lasexta.com/noticias/deportes/motor/formula1/tremendo-vuelta-perfecta-fernando-alonso-meterse-clasificacion-abu-dhabi_2024120767546cea1258380001f6fb78.html,lasextanoticias,2024-12-07T15:42:34+00:00
482,"Carlos, Guiñales","Los expertos advierten del peligro del deshielo del Ártico: ""Las DANAS podrían ser mucho más frecuentes""",[[IntroductionHighlight:El contexto]] Un estudio publicado en la revista científica 'Nature Communications' ha desvelado que el océano más septentrional del planeta podría experimentar su primer verano sin hielo marino en 2027.,https://www.lasexta.com/noticias/ciencia-tecnologia/expertos-advierten-peligro-deshielo-artico-danas-podrian-ser-mucho-mas-frecuentes_2024120767546ace85d24c0001d28a6f.html,lasextanoticias,2024-12-07T15:33:34+00:00
483,Patri Bea | Carmen Pardo,"¡Luces, cámara y acción! Así se rodó el octavo capítulo de Beguinas",Descubre cómo se grabaron algunas de las escenas más destacadas de este episodio de la serie.,https://www.antena3.com/series/beguinas/luces-camara-accion-asi-rodo-octavo-capitulo-beguinas_202412076754630285d24c0001d28414.html,antena3,2024-12-07T15:00:18+00:00
484,lasextacom,"Mueren dos personas en un hotel de Medinaceli, en Soria, por una posible intoxicación de gas","[[IntroductionHighlight:¿Qué podemos esperar?]] Aunque no se puede descartar ninguna hipótesis, la causa más probable que manejan los agentes es que el hombre y la mujer, de 47 y de 51 años, hayan puerto por inhalar monóxido de carbono.",https://www.lasexta.com/noticias/sociedad/mueren-dos-personas-hotel-medinaceli-soria-posible-intoxicacion-gas_20241207675458e71258380001f6ecdd.html,lasextanoticias,2024-12-07T14:17:11+00:00
485,lasexta-deportes,"El miembro de Ducati al que se rinde Marc Márquez: ""Él lleva el timón""","El de Cervera no ha dudado en elogiar a los miembros de su equipo, en concreto, al que tuvo una gran parte de culpa de que Ducati le terminara eligiendo a él. ",https://www.lasexta.com/noticias/deportes/motor/miembro-ducati-que-rinde-marc-marquez-lleva-timon_202412076754543a7337f20001b747c3.html,lasextanoticias,2024-12-07T13:57:14+00:00
486,lasextacom,"La Policía investiga la muerte de un hombre que recibió varios disparos en plena calle en Fuengirola, Málaga","Después de recibir el aviso de los vecinos que escucharon detonaciones en el lugar, los agentes se trasladaron allí donde encontraron al hombre, de 30 años, tendido en el suelo. Han encontrado restos de unos diez impactos de bala.",https://www.lasexta.com/noticias/sociedad/policia-investiga-muerte-hombre-que-recibio-varios-disparos-plena-calle-fuengirola-malaga_20241207675453d885d24c0001d277b4.html,lasextanoticias,2024-12-07T13:55:36+00:00
487,"Carla, Martín","El PP carga contra Sánchez por denunciar acoso político, mediático, judicial: ""Eso es democracia""","[[IntroductionHighlight:¿Por qué es importante?]] Los 'populares' llevan tiempo dando por acabada la legislatura del socialista, mientras en el PSOE les piden directamente que dejen de molestar. ",https://www.lasexta.com/noticias/nacional/carga-sanchez-denunciar-acoso-politico-mediatico-judicial-eso-democracia_20241207675451a785d24c0001d27655.html,lasextanoticias,2024-12-07T13:46:15+00:00
488,lasexta-deportes,"La emotiva despedida de Carlos Sainz a Ferrari: ""Han sido cuatro años de momentos inolvidables""",El madrileño ha querido mandar un mensaje a la escudería en su último gran premio juntos para agradecer el trabajo y los resultados de las últimas cuatro temporadas. ,https://www.lasexta.com/noticias/deportes/motor/formula1/emotiva-despedida-carlos-sainz-ferrari-han-sido-cuatro-anos-momentos-inolvidables_202412076754494285d24c0001d270b7.html,lasextanoticias,2024-12-07T13:10:26+00:00
489,Alberto Mendo,Las sensaciones de Manu y Rosa en El Rosco: ¿más cerca que nunca del bote de Pasapalabra?,"Hay datos que animar a pensar que uno de los dos concursantes puede completar las 25 letras incluso antes de que el premio llegue al millón de euros..., y ya queda poco para que eso ocurra.",https://www.antena3.com/programas/pasapalabra/noticias/sensaciones-manu-rosa-rosco-mas-cerca-que-nunca-bote_2024120767520bc085d24c0001d106be.html,antena3,2024-12-07T13:00:20+00:00
490,agencias,El presidente Yoon resiste a la moción de censura tras el boicot de su partido a la votación en la Asamblea,"[[IntroductionHighlight:¿Por qué es importante?]] El presidente surcoreano, tras pedir disculpas por declarar la ley marcial, mantiene por el momento el cargo tras el fracaso de la moción de censura.",https://www.lasexta.com/noticias/internacional/presidente-yoon-resiste-mocion-censura-boicot-partido-votacion-asamblea_20241207675441f71258380001f6dc4b.html,lasextanoticias,2024-12-07T12:39:19+00:00
491,efe | reuters,Manifestación masiva en Seúl para pedir la dimisión del presidente de Corea del Sur tras el autogolpe frustrado,"[[IntroductionHighlight: Mientras tanto]] La Asamblea surcoreana votaba si destituir al presidente Yoon Suk-yeol por haber aplicado la ley marcial. Finalmente, seguirá al frente del país.",https://www.lasexta.com/noticias/internacional/manifestacion-masiva-seul-pedir-dimision-presidente-corea-sur-autogolpe-frustrado_20241207675441b885d24c0001d26b0d.html,lasextanoticias,2024-12-07T12:38:16+00:00
492,"Juan, Pizarro","F1 2024 hoy, en directo: Clasificación del Gran Premio de Abu Dhabi de Fórmula 1",Sigue en directo en laSexta.com la clasificación del Gran Premio de Abu Dhabi de Fórmula 1 en el Circuito de Yas Marina.,https://www.lasexta.com/noticias/deportes/motor/formula1/2024-hoy-directo-clasificacion-gran-premio-abu-dhabi-formula-1_202412076754410d7337f20001b73b94.html,lasextanoticias,2024-12-07T12:35:40+00:00
493,efe | lasextacom,Al menos cuatro heridos por el derrumbe de un edificio de viviendas en La Haya tras una explosión,[[IntroductionHighlight:¿Ahora qué?]] Las autoridades neerlandesas investigan las grabaciones de seguridad para identificar un vehículo que salió rápidamente de la zona tras la explosión. ,https://www.lasexta.com/noticias/sociedad/menos-cuatro-heridos-derrumbe-edificio-viviendas-haya-explosion_2024120767543cd87337f20001b73955.html,lasextanoticias,2024-12-07T12:17:28+00:00
494,"Juan, Pizarro",El mago Alonso brilla en Abu Dhabi: Así fue su increíble maniobra para esquivar a un pájaro a más de 300 km/h,El piloto asturiano protagonizó una de las imágenes del año en la Fórmula 1 al esquivar a un pájaro a toda velocidad en la tercera sesión de libbres del GP de Abu Dhabi.,https://www.lasexta.com/noticias/deportes/motor/formula1/mago-alonso-brilla-abu-dhabi-asi-fue-increible-maniobra-esquivar-pajaro-mas-300-kmh_2024120767543c531258380001f6d8b6.html,lasextanoticias,2024-12-07T12:15:15+00:00
495,lasexta-deportes,"El 'dardo' de un bicampeón del mundo a Valentino Rossi: ""Me convirtieron en villano...""",Casey Stoner ha hablado de sus años en MotoGP recordando la influencia que tenía el italiano sobre la prensa y cómo eso afectaba al resto de pilotos. ,https://www.lasexta.com/noticias/deportes/motor/dardo-bicampeon-mundo-valentino-rossi-convirtieron-villano_2024120767543ad37337f20001b73823.html,lasextanoticias,2024-12-07T12:08:51+00:00
496,Sara Sanz,Emergencias en las cenas navideñas: ¿cómo quitar las manchas al instante?,"Ordenatriz nos cuenta cómo quitar manchas imposibles en terciopelo, ropa blanca o de fiesta. No temas a la comida de Navidad... ¡todo sale en menos de 2 minutos!",https://www.antena3.com/programas/y-ahora-sonsoles/emergencias-cenas-navidenas-como-quitar-manchas-instante_20241207675438d285d24c0001d264fe.html,antena3,2024-12-07T12:00:18+00:00
497,Julia Zapata | Ximena Rodero | Ana Bermejo Lillo,"Isabel Moreno y Pablo Béjar nos cuentan cómo ha evolucionado la relación de #Clauteo: “Nos hemos enamorado de nuestros personajes""",La actriz que interpreta a Claudia y el actor que se mete en la piel de Mateo en Sueños de libertad nos desvelan cómo están viviendo la historia de amor de una de las parejas más bonitas de la colonia.,https://www.antena3.com/series/suenos-de-libertad/isabel-moreno-pablo-bejar-nos-cuentan-como-evolucionado-relacion-clauteo-nos-hemos-enamorado-nuestros-personajes_202412076751a3fa7337f20001b59bf9.html,antena3,2024-12-07T12:00:17+00:00
498,agencias,La Confederación del Ebro prevé un aumento de caudal en afluentes de la margen izquierda del río,[[IntroductionHighlight:Previsión]] La Confederación Hidrográfica del Ebro ha alertado de la posibilidad de las crecidas por las precipitaciones que se esperan este fin de semana por la llegada de una masa de aire de origen ártico.,https://www.lasexta.com/noticias/sociedad/confederacion-ebro-preve-aumento-caudal-afluentes-margen-izquierda-rio_202412076754377e1258380001f6d4eb.html,lasextanoticias,2024-12-07T11:54:38+00:00
499,lasexta-deportes,"El optimista mensaje de Fernando Alonso por radio en Abu Dhabi: ""Creo que hoy...""",El asturiano ha sorprendido con un positivo mensaje por radio después del mal rendimiento del Aston Martin en las primeras sesiones de entrenamientos libres del último gran premio del año. ,https://www.lasexta.com/noticias/deportes/motor/formula1/optimista-mensaje-fernando-alonso-radio-abu-dhabi-creo-que-hoy_2024120767542b7f7337f20001b72dd7.html,lasextanoticias,2024-12-07T11:03:27+00:00
500,Cristina García Chacón,Karlos Arguiñano: siete ideas de aperitivos o entrantes para disfrutar en las reuniones familiares,Las reuniones familiares se prestan siempre a ese momento previo a la comida en el que nos gusta charlar e ir abriendo boca con algún aperitivo.,https://www.antena3.com/programas/karlos-arguinano/recetas/entrantes/siete-ideas-aperitivos-entrantes-disfrutar-reuniones-familiares_202412076751ae6d7337f20001b5a9ad.html,antena3,2024-12-07T11:00:23+00:00
501,agencias | lasextacom,"Primer temporal invernal: alerta roja por nieve en el Pirineo oscense y navarro, y el valle de Arán","Además de la alerta roja en tres provincias, hasta siete comunidades autónomas se encuentran en alerta naranja todo el fin de semana por lluvia, viento y nieve.",https://www.lasexta.com/noticias/el-tiempo/primer-temporal-invernal-alerta-roja-nieve-pirineo-oscense-navarro-valle-aran_2024120767541f0885d24c0001d251a1.html,lasextanoticias,2024-12-07T10:10:16+00:00
502,agencias | lasextacom,"Yoon Suk-yeol pide ""disculpas sinceras"" por la ley marcial y deja su posición en manos de su partido","[[IntroductionHighlight:Contexto]] El presidente de Corea del Sur ha realizado su primera aparición pública desde que declaró la ley marcial este martes y, aunque ha pedido disculpas, ha reiterado que la declaración ""fue realizada desde un sentido de urgencia"".",https://www.lasexta.com/noticias/internacional/yoon-sukyeol-pide-disculpas-sinceras-ley-marcial-deja-posicion-manos-partido_202412076753fe4c1258380001f6ac6b.html,lasextanoticias,2024-12-07T07:50:36+00:00
503,lasextacom,"El Gobierno inicia su contraataque judicial apuntando a Aldama y su ""estrategia de acoso condenada al fracaso""","[[IntroductionHighlight:El contexto]] El Ministerio de Transportes ya está revisando los contratos que según Aldama se adjudicaron a cambio de mordidas, según ha confirmado Óscar Puente a laSexta. El ministro asegura que Aldama le está tomando el pelo al juez.",https://www.lasexta.com/noticias/nacional/gobierno-inicia-contraataque-judicial-apuntando-aldama-estrategia-acoso-condenada-fracaso_202412076753d6627337f20001b6fe4e.html,lasextanoticias,2024-12-07T05:00:18+00:00
504,lasextacom,Las versiones contrapuestas de Puente y el PP sobre los contratos por los que Ábalos habría cobrado mordidas,Víctor de Aldama presentó este miércoles en el Tribunal Supremo una serie de documentos que probarían que Ábalos cobró comisiones a cambio de contratos de obra.,https://www.lasexta.com/noticias/nacional/versiones-contrapuestas-puente-contratos-que-abalos-habria-cobrado-mordidas_20241206675380611258380001f6715c.html,lasextanoticias,2024-12-06T22:53:21+00:00
505,Julián López,"Tú decides en directo a los cuatro finalistas: el próximo viernes, la última semifinal de La Voz en Antena 3","Los ocho semifinalistas están a las puertas de la gran Final de La Voz 2024, pero solo cuatro de ellos conseguirán un hueco en una gala que será emocionante. El próximo viernes, en directo, tú eliges a los cuatro finalistas de La Voz.",https://www.antena3.com/programas/la-voz/decides-directo-cuatro-finalistas-ultima-semifinal_2024120667537c251258380001f66ed6.html,antena3,2024-12-06T22:35:17+00:00
506,lasexta-noche,"Así ha sido el primer puente con el nuevo registro de viajeros: ""Me han pedido la matrícula del coche...""","[[IntroductionHighlight:El contexto]] Sustituye al anterior registro, que data de 1959, y que ahora quiere la recopilación de hasta 42 datos personales a la hora de hacer el 'check-in'.",https://www.lasexta.com/noticias/sociedad/asi-sido-primer-puente-nuevo-registro-viajeros-han-pedido-dni-matricula-coche_202412066753789e1258380001f66c56.html,lasextanoticias,2024-12-06T22:20:14+00:00
507,lasexta-deportes,"La respuesta de Aston Martin a la polémica radio de Alonso: ""No tiene sentido responder mal""",Mike Krack ha hablado del enfado de Fernando por radio en los entrenamientos libres del Gran Premio de Abu Dhabi.,https://www.lasexta.com/noticias/deportes/motor/formula1/respuesta-aston-martin-polemica-radio-alonso-tiene-sentido-responder-mal_2024120667536d3e1258380001f663bf.html,lasextanoticias,2024-12-06T21:31:42+00:00
508,"Isabel, Couso","Más plazas turísticas que vecinos: la masificación transforma Sanxenxo, Barreiros y Portomarín","El fenómeno de las viviendas turísticas ha cambiado el panorama en muchas ciudades españolas. En algunos lugares, la concentración llega al extremo y hay ya más plazas turísticas que vecinos. En Galicia ya hay tres municipios en esta situación: Sanxenxo, Barreiros y Portomarín.",https://www.lasexta.com/noticias/sociedad/mas-plazas-turisticas-que-vecinos-masificacion-transforma-sanxenxo-barreiros-portomarin_20241206675363157337f20001b6c676.html,lasextanoticias,2024-12-06T20:48:21+00:00
509,lasexta-deportes,La sanción a Leclerc que deja a Ferrari prácticamente sin opciones de luchar por el Mundial,El monegasco ha sido penalizado durante los entrenamientos libres del Gran Premio de Abu Dhabi y se complica mucho cualquier opción de que Ferrari opte al título de constructores.,https://www.lasexta.com/noticias/deportes/motor/formula1/sancion-leclerc-que-deja-ferrari-practicamente-opciones-luchar-mundial_2024120667535b5d85d24c0001d1e432.html,lasextanoticias,2024-12-06T20:15:25+00:00
510,lasextacom | efe,"Alepo, Hama y ahora Homs: los rebeldes en Siria acechan la tercera ciudad del país",[[IntroductionHighlight:El contexto]] El grupo islamista Hayat Tahrir al Sham (HTS) -Organismo de Liberación del Levante-inició la semana pasada una ofensiva contra el presidente Bachar al Asad.,https://www.lasexta.com/noticias/internacional/alepo-hama-ahora-homs-rebeldes-siria-acechan-tercera-ciudad-pais_20241206675357a31258380001f6524f.html,lasextanoticias,2024-12-06T19:59:31+00:00
511,"Elia, Gonzalo",La defensa de Juana Rivas teme que su hijo haya declarado coaccionado,"El contexto El hijo mayor, que cuando cumplió los 14 volvió con su madre, aseguró temer por la vida de su hermano pequeño que sigue viviendo en Italia con su padre.",https://www.lasexta.com/noticias/sociedad/defensa-juana-rivas-teme-que-menor-haya-declarado-coaccionado-seguir-viviendo-padre_20241206675352251258380001f64d62.html,lasextanoticias,2024-12-06T19:50:00+00:00
512,lasextacom,La imagen de una mujer agarrando el rifle de un soldado ya es el símbolo de las protestas en Corea del Sur,"[[IntroductionHighlight:El contexto]] Ocurrió el pasado 3 de diciembre, el día en el que el presidente de Corea del Sur, Yoon Suk Yeol, impuso la ley marcial con el objetivo de ""erradicar las fuerzas afines a Corea del Norte"", aunque a las horas reculó tras el rechazo de la Asamblea Nacional.",https://www.lasexta.com/noticias/internacional/imagen-mujer-agarrando-rifle-soldado-simbolo-protestas-corea-sur_202412066753534285d24c0001d1dda9.html,lasextanoticias,2024-12-06T19:40:50+00:00
513,"Alex, Voytyuk","Donald Trump planea nombrar a la tránsfuga Tulsi Gabbard, ""gran amiga"" de Moscú, para dirigir los servicios de Inteligencia","[[IntroductionHighlight:La otra cara]] Muchos veteranos de la CIA han advertido del riesgo de esta decisión por el pasado de Gabbard en una carta que han enviado al Senado, según la NBC.",https://www.lasexta.com/noticias/internacional/donald-trump-planea-nombrar-transfuga-tulsi-gabbard-gran-amiga-moscu-dirigir-servicios-inteligencia_20241206675352be7337f20001b6ba05.html,lasextanoticias,2024-12-06T19:38:38+00:00
514,lasextacom,Las muchas lecturas de la conversación entre Bolaños y Montero que han captado las cámaras en el patio del Congreso,"[[IntroductionHighlight:El contexto]] En una conversación que han podido captar las cámaras de los medios de comunicación en el patio del Congreso, ambos se han mostrado serios y preocupados, incluso en algún momento Montero parece pedirle algo a Bolaños con un gesto.",https://www.lasexta.com/noticias/nacional/muchas-lecturas-conversacion-bolanos-montero-que-han-captado-camaras-patio-congreso_20241206675351cc1258380001f64d00.html,lasextanoticias,2024-12-06T19:34:36+00:00
515,lasexta-deportes,"La clave que podría haber hecho que Márquez compitiera por el Mundial 2024: ""Si solo...""",El de Cervera mostró síntomas de ser capaz de competir contra Bagnaia y Martín pero hubo varios factores que le terminaron sacando de la lucha por el mundial. ,https://www.lasexta.com/noticias/deportes/motor/clave-que-podria-haber-hecho-que-marquez-compitiera-mundial-2024-solo_2024120667534af21258380001f64812.html,lasextanoticias,2024-12-06T19:05:22+00:00
516,lasextacom,Francia y los ganaderos de Europa amenazan el histórico acuerdo UE-Mercosur con vetos y protestas,[[IntroductionHighlight:¿Qué podemos esperar?]] Ahora el texto debe ser ratificado por ambas partes en lo que se presenta un largo y convulso proceso con el foco en la seguridad alimentaria. ,https://www.lasexta.com/noticias/economia/francia-ganaderos-europa-amenazan-historico-acuerdo-uemercosur-vetos-protestas_202412066753435d1258380001f64363.html,lasextanoticias,2024-12-06T18:33:01+00:00
517,lasexta-deportes,"Topuria revela en 'El Cafelito' el inhumano sufrimiento para bajar de peso: ""Darías lo que fuera...""",El campeón del mundo de Peso Pluma lleva a cabo preparaciones muy extremas antes de los combates que le obligan a perder quince 'kilos' en poco menos de veinticuatro horas para cumplir con el peso. ,https://www.lasexta.com/noticias/deportes/otros-deportes/topuria-revela-cafelito-inhumano-sufrimiento-bajar-peso-darias-que-fuera_2024120667533cb585d24c0001d1ccca.html,lasextanoticias,2024-12-06T18:04:37+00:00
518,lasextacom | efe,Claves del acuerdo UE-Mercosur: qué implicaría la aplicación del tratado comercial más amplio de la historia,"[[IntroductionHighlight:Un pacto para 700 millones de personas]] El cierre del acuerdo de libre comercio entre la UE y el Mercosur ha marcado una Cumbre del bloque sudamericano en Montevideo que se ha convertido en histórica. Su implementación, no obstante, está aún en el aire.",https://www.lasexta.com/noticias/internacional/claves-acuerdo-uemercosur-que-implicaria-aplicacion-tratado-comercial-mas-amplio-historia_20241206675338ba1258380001f63b8e.html,lasextanoticias,2024-12-06T17:47:38+00:00
519,lasextacom,Un tribunal federal de Estados Unidos respalda la ley que podría prohibir TikTok en el país,"[[IntroductionHighlight:¿Qué implica?]] De no desvincularse de su empresa matriz en China, la red social tendría que dejar de operar, ""al menos por un tiempo"", el 20 de enero.",https://www.lasexta.com/noticias/sociedad/tribunal-federal-estados-unidos-respalda-ley-que-podria-prohibir-tiktok-pais_202412066753341c1258380001f63823.html,lasextanoticias,2024-12-06T17:27:56+00:00
520,lasexta-deportes,"El título que más ansía Carlos Alcaraz: ""Es un objetivo muy importante para mí""",El murciano ha cerrado un 2024 para enmarcar con la consecución de Roland Garros y Wimbledon pero aún le falta un gran título por ganar. ,https://www.lasexta.com/noticias/deportes/tenis/titulo-que-mas-ansia-carlos-alcaraz-objetivo-muy-importante_2024120667532e9485d24c0001d1c3d8.html,lasextanoticias,2024-12-06T17:04:19+00:00
521,Julián López,"Tres máscaras finalistas y todas serán desveladas: la gran final de Mask Singer, el miércoles en Antena 3","¿Quiénes se esconden bajo Tiburón, Cobra y Mosca? El próximo miércoles, a las 22.45 horas, llega el desenlace en el que descubriremos qué tres celebridades nos han vuelto locos en la gran final de Mask Singer.  ",https://www.antena3.com/programas/mask-singer/tres-mascaras-finalistas-todas-seran-desveladas-gran-final_2024120667532da47337f20001b6a2b6.html,antena3,2024-12-06T17:00:20+00:00
522,Ana Bermejo Lillo,Avance del próximo capítulo de Sueños de libertad: Joaquín y Miriam pasarán una romántica jornada en la capea,"El mayor de los Merino se ha llevado a su secretaria a la aventura en el campo, y su química no hará más que ir en aumento. ",https://www.antena3.com/series/suenos-de-libertad/avances/proximo-capitulo-joaquin-miriam-pasaran-romantica-jornada-capea_2024120667532da17337f20001b6a2a6.html,antena3,2024-12-06T17:00:17+00:00
523,lasextacom | efe,25 años en busca de la mayor zona de libre comercio del mundo: Mercosur y un acuerdo eterno aun sin firma,"[[IntroductionHighlight:Entre el estancamiento y las reactivaciones]] Desde el inicio del milenio, numerosos países han intentado configurar sin éxito las reglas de un tratado que regule un mercado de millones de personas. Ahora puede darse un punto de inflexión.",https://www.lasexta.com/noticias/internacional/25-anos-busca-mayor-zona-libre-comercio-mundo-mercosur-acuerdo-eterno-aun-firma_202412066753259b7337f20001b69dc3.html,lasextanoticias,2024-12-06T16:26:03+00:00
524,lasextacom,Lula da Silva condecora a José Mujica en un acto con cierto sabor a despedida,[[IntroductionHighlight:El contexto]] El expresidente de Uruguay anunció hace unos meses que padece un cáncer de esófago doblemente complejo.,https://www.lasexta.com/noticias/internacional/lula-silva-condecora-jose-mujica-acto-cierto-sabor-despedida_20241206675320bf85d24c0001d1ba01.html,lasextanoticias,2024-12-06T16:05:19+00:00
525,lasexta-deportes,"La petición de Fernando Alonso a Aston Martin para el último gran premio del año: ""Tenemos que...""",El asturiano considera que aún falta algo más que esxigirle al Aston Martin en el gran premio que pondrá fin a una temporada para olvidar de la escudería británica. ,https://www.lasexta.com/noticias/deportes/motor/formula1/peticion-fernando-alonso-aston-martin-ultimo-gran-premio-ano-tenemos-que_2024120667531fe21258380001f62a31.html,lasextanoticias,2024-12-06T16:01:38+00:00
526,lasextacom,"Organizaciones ecologistas tildan de ""sombrío acuerdo"" el tratado de la UE con Mercosur: ""Aumentará la deforestación""","[[IntroductionHighlight:Qué puede suponer]] Según CAN Europe, el Tratado podría acelerar la deforestación en un 25% y conllevaría ""riesgos económicos graves"" para Latinoamérica.",https://www.lasexta.com/noticias/economia/organizaciones-ecologistas-tildan-sombrio-acuerdo-tratado-mercosur-presionara-aumentar-deforestacion_2024120667531f2785d24c0001d1b889.html,lasextanoticias,2024-12-06T15:58:31+00:00
527,lasextacom,Una mujer salva milagrosamente su vida tras caer a un agujero de la calle que se había provocado por un cortocircuito,"La empresa energética lamentó el accidente, pero negó en un comunicado tener cualquier responsabilidad. Sus familiares piden justicia para que los responsables que no tuvieron en cuenta esta explosión sean juzgados.",https://www.lasexta.com/noticias/internacional/mujer-salva-milagrosamente-vida-caer-agujero-calle-que-habia-provocado-cortocircuito_20241206675318e17337f20001b695f3.html,lasextanoticias,2024-12-06T15:31:45+00:00
528,"Pablo, Muñoz",El tirador del Hilton descubrió su rostro al tratar de ligar con la recepcionista del hotel,"[[IntroductionHighlight:El contexto]] El presunto asesino disparó en varias ocasiones a Brian Thompson, CEO de la mayor aseguradora de EEUU, en las puertas del Hilton.",https://www.lasexta.com/noticias/internacional/rostro-tirador-hilton-descubierto-tratar-ligar-recepcionista-hotel_202412066753186f85d24c0001d1b373.html,lasextanoticias,2024-12-06T15:29:51+00:00
529,lasextacom,"Excavadoras, radares y perros: así fue el registro en el chalet del guardia civil detenido por narcotráfico",Los investigadores registraron el pasado miércoles la propiedad en primera línea de playa del capitán Bolaño acusado por narcotráfico. Su alto nivel de vida lo delató.,https://www.lasexta.com/noticias/sociedad/excavadoras-radares-perros-asi-fue-registro-chalet-guardia-civil-detenido-narcotrafico_20241206675316a01258380001f62317.html,lasextanoticias,2024-12-06T15:22:08+00:00
530,lasextacom,"Notre Dame, la catedral renacida: los colores que los siglos habían borrado vuelven tras su reconstrucción","Lo más llamativo de esta nueva Notre Dame es su luminosidad y el regreso de un color que los siglos habían borrado. En el exterior, las gárgolas dañadas por las mangueras que querían detener las llamas ya han sido reparadas.",https://www.lasexta.com/noticias/cultura/notre-dame-catedral-renacida-colores-que-siglos-habian-borrado-vuelven-reconstruccion_20241206675313c285d24c0001d1afbc.html,lasextanoticias,2024-12-06T15:09:54+00:00
531,lasexta-deportes,"La estrategia oculta de Márquez a la hora de competir contra Bagnaia: ""Eso le viene que te ca***""",Se habla mucho de cómo el de Cervera se relacionará con el turinés y con la propia escudería a medida que vaya avanzado el campeonato de 2025 y los intereses de ambos pilotos empiecen a chocar. ,https://www.lasexta.com/noticias/deportes/motor/estrategia-oculta-marquez-hora-competir-bagnaia-eso-viene-que_202412066753138185d24c0001d1af84.html,lasextanoticias,2024-12-06T15:08:49+00:00
532,"Carla, García-Tizón","Sor Colina, la historia de la monja que ejercía de correo para la mafia calabresa","La monja italiana, de 57 años, ha sido arrestada por usar su posición de religiosa para entrar en las cárceles de Milán y Brescia para hacer de intermediaria de la mafia calabresa.",https://www.lasexta.com/noticias/internacional/sor-colina-historia-monja-que-ejercia-correo-mafia-calabresa_202412066753104d7337f20001b69002.html,lasextanoticias,2024-12-06T14:55:09+00:00
533,lasexta-deportes,Red Bull reconoce su error al renovar a 'Checo' Pérez,"Christian Horner, jefe de la escudería austriaca, ha explicado por qué decidieron renovar al mexicano a mitad de temporada. ",https://www.lasexta.com/noticias/deportes/motor/formula1/red-bull-reconoce-error-renovar-checo-perez_20241206675304fe7337f20001b688d8.html,lasextanoticias,2024-12-06T14:06:53+00:00
534,lasextacom | agencias,El Tribunal Constitucional de Rumanía anula la primera vuelta de las presidenciales,"[[IntroductionHighlight:¿Por qué es importante?]] Esta decisión, inédita, obliga a repetir todo el proceso electoral desde el inicio en una fecha todavía por determinar.",https://www.lasexta.com/noticias/internacional/tribunal-constitucional-rumania-anula-primera-vuelta-presidenciales_202412066753009f1258380001f613d8.html,lasextanoticias,2024-12-06T13:48:15+00:00
535,agencias | lasextacom,"Macron se abre a negociaciones ""sin condiciones previas"" con los socialistas",[[IntroductionHighlight:El contexto]] El presidente francés ha comenzado este viernes las negociaciones con varias formaciones políticas después de la moción de censura que acabó con el Gobierno del conservador Michel Barnier. ,https://www.lasexta.com/noticias/internacional/macron-abre-negociaciones-condiciones-previas-socialistas_202412066752fe3d7337f20001b68440.html,lasextanoticias,2024-12-06T13:38:05+00:00
536,lasextacom,"Sánchez denuncia acoso político, mediático y judicial y avisa de que se volverá en contra de los ""acosadores""","[[IntroductionHighlight:El matiz]] En conversación informal con periodistas, el presidente ha hablado de acoso político y mediático, pero también judicial por parte de la derecha. ",https://www.lasexta.com/noticias/nacional/sanchez-denuncia-acoso-politico-mediatico-judicial-avisa-que-volvera-acosadores_202412066752f96485d24c0001d19c1a.html,lasextanoticias,2024-12-06T13:17:24+00:00
537,pedro-gomez,"Ábalos solicita al Supremo aplazar su declaración tras tener ""problemas informáticos"" para conseguir toda la documentación",El exministro estaba citado a declarar el próximo 12 de diciembre e iba a ser el primero de los involucrados en el 'caso Koldo' en hacerlo.,https://www.lasexta.com/noticias/nacional/abalos-solicita-supremo-aplazar-declaracion-tener-problemas-informaticos-conseguir-toda-documentacion_202412066752f8bd7337f20001b68066.html,lasextanoticias,2024-12-06T13:14:37+00:00
538,lasexta-deportes,"Mourinho pasa al ataque contra Guardiola: ""No quiero ganar con 150 demandas""","El entrenador luso ha respondido a las palabras del catalán, que señaló en rueda de prensa que él tenía seis Premiers por las tres del técnico del Fenerbahçe.",https://www.lasexta.com/noticias/deportes/futbol/mourinho-pasa-ataque-guardiola-quiero-ganar-150-demandas_202412066752f8597337f20001b68004.html,lasextanoticias,2024-12-06T13:12:57+00:00
539,maria-llapart,Óscar Puente dice que hay pruebas que desmontarían a Aldama: “Le está tomando el pelo a la Justicia”,"[[IntroductionHighlight:El contexto]] Aldama ha presentado ante el Tribunal Supremo varias ""pruebas"" que apuntarían a José Luis Ábalos. Tras analizar algunos contratos del ministerio, Puente ha asegurado que no cree que José Luis Ábalos ""sea una persona deshonesta"".",https://www.lasexta.com/noticias/nacional/oscar-puente-desvela-que-hay-indicios-pruebas-falsedades-aldama-que-dice-tiene-pies-cabeza_202412066752f0f91258380001f60879.html,lasextanoticias,2024-12-06T12:41:29+00:00
540,Desirée Castillo,"Ferit huye sin mirar atrás, ¿es el final de su vida junto a Seyran?: este domingo, en Una nueva vida","El nuevo capítulo de la ficción turca, que nos tiene enganchados a la historia de #Seyfer, va a regalarnos un beso apasionado entre los protagonistas. ¿Será suficiente para que Ferit se quede al lado de Seyran?",https://www.antena3.com/series/una-nueva-vida/avances/ferit-huye-mirar-atras-final-vida-junto-seyran_202412066752ec5b1258380001f604f6.html,antena3,2024-12-06T12:21:47+00:00
541,lasexta-deportes,"Fernando Alonso explota por radio contra Aston Martin: ""El peor coche de la historia""",El asturiano se ha mostrado muy crítico con la estrategia del equipo en los primeros libres del Gran Premio de Abu Dabi. ,https://www.lasexta.com/noticias/deportes/motor/formula1/fernando-alonso-explota-radio-aston-martin-peor-coche-historia_202412066752e9a885d24c0001d18f4c.html,lasextanoticias,2024-12-06T12:10:16+00:00
542,Sara Sanz,"Alejandro Sanz y Candela Márquez, más unidos que nunca: sus primeras Navidades juntos","El cantante ha presumido en redes de su nueva pareja, poniendo el árbol de Navidad juntos y haciendo pública su complicidad. ",https://www.antena3.com/programas/y-ahora-sonsoles/alejandro-sanz-candela-marquez-mas-unidos-que-nunca-sus-primeras-navidades-juntos_202412066752e74e1258380001f5fffa.html,antena3,2024-12-06T12:00:14+00:00
543,lasextacom,"Armengol reivindica el consenso y urge a ""apartar los discursos negacionistas"": ""Nos va la vida en ello""",[[IntroductionHighlight:¿Qué ha dicho?]] La presidenta del Congreso centra su discurso por el Día de la Constitución en la importancia del consenso. Una intervención con especial recuerdo a las víctimas de la DANA.,https://www.lasexta.com/noticias/nacional/armengol-reivindica-consenso-urge-apartar-discursos-negacionistas-nos-vida-ello_202412066752e1747337f20001b66eed.html,lasextanoticias,2024-12-06T11:35:16+00:00
544,lasextacom,"Sánchez aboga por blindar el derecho al aborto y el matrimonio LGTBI en la Constitución ante el ""avance reaccionario""","[[IntroductionHighlight:¿Por qué es importante?]] El presidente del Gobierno quiere que estos derechos queden consagrados en el texto constitucional ""para que nadie pueda tocarlos en el futuro"". Francia lo ha hecho ya con el aborto.",https://www.lasexta.com/noticias/nacional/sanchez-aboga-blindar-derecho-aborto-matrimonio-lgtbi-constitucion-avance-reaccionario_202412066752e02c1258380001f5f9b0.html,lasextanoticias,2024-12-06T11:29:48+00:00
545,Celia Gil | Guillermo Espeso,"Así son las canciones que han marcado la carrera de Antonio Orozco: ""Todos estamos hechos de pedacitos de alguien""","El coach se ha enfrentado al TAG de la canción, un juego con el que hemos descubierto lo que significan los temas que han marcado su vida.",https://www.antena3.com/programas/la-voz/asi-son-canciones-que-han-marcado-carrera-antonio-orozco-todos-estamos-hechos-pedacitos-alguien_202412066752dd211258380001f5f72d.html,antena3,2024-12-06T11:16:49+00:00
546,Ana Bermejo Lillo,"Alain Hernández se sincera sobre su personaje: ""Jesús adora a su hija, pero tiene miedo a perderla""",El intérprete reflexiona sobre la trama de su personaje con su hija Julia en Sueños de libertad. ¡No te pierdas todo lo que nos ha contado!,https://www.antena3.com/series/suenos-de-libertad/alain-hernandez-sincera-personaje-jesus-adora-hija-pero-tiene-miedo-perderla_202412066751e68e1258380001f555da.html,antena3,2024-12-06T11:00:32+00:00
547,Cristina García Chacón,Los postres más fáciles de Karlos Arguiñano: listos en poco tiempo y con ingredientes sencillos,"Aprovechando que se acercan muchos días festivos, hemos recopilado los postres más fáciles de Karlos Arguiñano para que tengas dónde elegir y puedas ir practicando.",https://www.antena3.com/programas/karlos-arguinano/recetas/postres/postres-mas-faciles-listos-poco-tiempo-ingredientes-sencillos_2024120667519b2b7337f20001b58ef3.html,antena3,2024-12-06T11:00:16+00:00
548,lasextacom,"Azcón descarta un adelanto electoral: ""Creo que en Aragón habrá un presupuesto""","El presidente de Aragón manda un recado a Vox, que ha suspendido las negociacioens para unos presupuestos. ""Sería muy difícil de explicar (...) que ahora una fuerza política no quiera apoyar y empujar a nuestra CCAA"", señala Azcón.",https://www.lasexta.com/noticias/nacional/azcon-descarta-adelanto-electoral-creo-que-aragon-habra-presupuesto_202412066752d8b985d24c0001d180a1.html,lasextanoticias,2024-12-06T10:58:01+00:00
549,lasexta-deportes,"Marc Márquez señala la gran diferencia entre Ducati y Gresini: ""Volví a lo que hacía en Honda""",El octocampeón del mundo ha explicado las diferencias de los test cuando se afrontan desde un equipo de fábrica o desde un satélite. ,https://www.lasexta.com/noticias/deportes/motor/marc-marquez-senala-gran-diferencia-ducati-gresini-volvi-que-honda_202412066752d7a71258380001f5f326.html,lasextanoticias,2024-12-06T10:53:27+00:00
550,Roberto Fernández Ferreira,"""Mi función era hacer que lo pasaran bien"": Esther Cañadas describe su experiencia en Mask Singer","La modelo se ha visto obligada a desvelar su identidad, pero su paso por el programa todavía no ha terminado del todo.",https://www.antena3.com/programas/mask-singer/funcion-era-hacer-que-pasaran-bien-esther-canadas-describe-experiencia_202412066752d29a7337f20001b6639c.html,antena3,2024-12-06T10:31:54+00:00
551,"Vanesa, Sáez Fraile","Cómo sorprender a tus invitados con menús navideños de 20 y 50 euros, sin gluten ni lactosa","Si queremos conseguir los menús navideños más trendy, no hace falta utilizar los componentes de toda la vida. Para acertar con cualquier comensal, sin preguntar, Luis Martín, jefe de Cocina de La Tape, nos sugiere un menú confort, y otro deluxe, aptos para intolerancias. ",https://www.lasexta.com/noticias/sociedad/como-sorprender-tus-invitados-menus-navidenos-20-50-euros-gluten-lactosa_202412066752cd077337f20001b65f9a.html,lasextanoticias,2024-12-06T10:08:07+00:00
552,lasexta-deportes,Ducati quiere fichar a Pedro Acosta,"Tal y como informa 'GPOne', Albert Valera, mánager del murciano, ya ha hablado con el equipo italiano sobre unir caminos en un futuro no muy lejano.",https://www.lasexta.com/noticias/deportes/motor/ducati-quiere-fichar-pedro-acosta_202412066752cb477337f20001b65e10.html,lasextanoticias,2024-12-06T10:00:39+00:00
553,lasextacom | agencias,El PP se enreda en excusas tras seis meses de idas y venidas para bloquear el acuerdo sobre los menores migrantes,"Son seis meses ya de idas y venidas sin llegar a un acuerdo para aliviar, sobre todo a Canarias y a Ceuta y Melilla, que han visto superadas ampliamente su capacidad de acogida de migrantes.",https://www.lasexta.com/noticias/nacional/enreda-excusas-seis-meses-idas-venidas-bloquear-acuerdo-menores-migrantes_202412066752c5137337f20001b65a3d.html,lasextanoticias,2024-12-06T09:34:11+00:00
554,efe | lasextacom,"Ábalos niega las acusaciones de Aldama sobre el piso de la Castellana: ""No recuerdo si llegué a firmar ese contrato""","[[IntroductionHighlight:Qué dice Aldama]] El ""nexo corruptor"" de la trama sostiene que ofreció a Ábalos un piso de lujo de su propiedad como garantía de las comisiones. El exministro dice que ""es todo mentira"".",https://www.lasexta.com/noticias/nacional/abalos-niega-acusaciones-aldama-piso-castellana-recuerdo-llegue-firmar-ese-contrato_202412066752c4a41258380001f5e4bb.html,lasextanoticias,2024-12-06T09:32:20+00:00
555,Patri Bea,"En el último capítulo de Beguinas: un adiós doloroso, decepciones y la pillada de Gabriela y Marie Anne","Telmo se despide de Lucía por presión de Rodrigo, Alonso niega a Beatriz y el padre Gonzalo descubre a su madre besándose con otra mujer.",https://www.antena3.com/series/beguinas/adios-doloroso-decepciones-pillada-gabriela-marie-anne_202412066752c4901258380001f5e4a9.html,antena3,2024-12-06T09:32:00+00:00
556,lasexta-deportes,"Rafa Nadal reaparece tras su retirada para dar un consejo de vida: ""Cuando nos equivocamos...""",El balear ha dado una charla a los alumnos de la Universidad Alfonso X en la que ha hablado sobre el camino y la gestión del éxito. ,https://www.lasexta.com/noticias/deportes/tenis/rafa-nadal-reaparece-retirada-dar-consejo-vida-cuando-nos-equivocamos_202412066752be951258380001f5e09c.html,lasextanoticias,2024-12-06T09:06:29+00:00
557,lasextacom | efe,"Condenada en Almería por insultar, golpear, morder y maltratar a su hija menor","[[IntroductionHighlight:El contexto]] El Juzgado de lo Penal número 5 de Almería ha impuesto una pena de un año y nueve meses de prisión a una mujer que insultó, golpeó, mordió y maltrató a su hija menor de edad desde que ésta era una niña. ",https://www.lasexta.com/noticias/sociedad/condenada-almeria-insultar-golpear-morder-maltratar-hija-menor_202412066752bcc37337f20001b65536.html,lasextanoticias,2024-12-06T08:58:43+00:00
558,lasextacom | europa-press,Un puente y dos estaciones: del viernes primaveral al frío intenso del domingo,"Las lluvias aumentarán su presencia e intensidad el sábado. Se esperan alrededor de 60 l/M2 en 12 horas en la zona del Cantábrico, mientras que podrían llegar a los 70 l/m2 en Pirineos. ",https://www.lasexta.com/noticias/el-tiempo/puente-dos-estaciones-viernes-primaveral-frio-intenso-domingo_202412066752ab6885d24c0001d16155.html,lasextanoticias,2024-12-06T07:44:40+00:00
559,lasextacom | efe,Un Día de la Constitución bajo la sombra de la tormenta judicial,"[[IntroductionHighlight:Tensa celebración]] El Congreso acoge un año más los actos por el aniversario de la Constitución, que en esta ocasión año llegan en medio de un revuelto panorama judicial marcado por el 'caso Koldo'.",https://www.lasexta.com/noticias/nacional/dia-constitucion-sombra-tormenta-judicial_202412066752a57685d24c0001d15e05.html,lasextanoticias,2024-12-06T07:19:18+00:00
560,giorgina-figueras,Qué significa el sello de la rana en los alimentos,¿Has visto un sello con una rana en envases de alimentos y te preguntas qué significa? Descubre la verdadera razón detrás de este distintivo y deshecha falsos rumores.,https://www.lasexta.com/noticias/sociedad/que-significa-sello-rana-alimentos_202412066686b7a0099c890001b484b2.html,lasextanoticias,2024-12-06T05:00:40+00:00
561,Carmen Pardo,¡Pilladas! El padre Gonzalo descubre a su madre besándose con Marie Anne,"La gran dama ha guiado a las beguinas por el túnel secreto para salir del beguinato y proteger sus vidas ante el acto de fe dictado por la Santa Inquisición. Pero Marie Anne ha decidido quedarse dentro del beguinato, una decisión ante la que Gabriela acude para intentar llevársela. ",https://www.antena3.com/series/beguinas/pilladas-padre-gonzalo-descubre-madre-besandose-marie-anne_2024120667523a2c7337f20001b61b13.html,antena3,2024-12-05T23:41:32+00:00
562,Carmen Pardo,Marie Anne convence a las beguinas para esconderse: “Para luchar hay que estar viva”,El padre Lasarte ha reunido al pueblo para buscar pruebas de brujería contra las beguinas y lograr acusarlas como comisario de la Santa Inquisición.,https://www.antena3.com/series/beguinas/marie-anne-convence-esconderse-luchar-hay-que-estar-viva_20241206675239fa1258380001f59de4.html,antena3,2024-12-05T23:40:42+00:00
563,Carmen Pardo,“Quiero casarme con vos”: Alonso acude a las puertas de beguinato a declarar su amor por Beatriz,"El joven escucha las sabias palabras de Telmo y decide luchar por la mujer de la que está enamorado. Sin miedo a su diferencia de clases sociales, Alonso se planta en la puerta del beguinato para gritar delante de toda Segovia su amor por Beatriz.",https://www.antena3.com/series/beguinas/quiero-casarme-vos-alonso-acude-puertas-declarar-amor-beatriz_20241206675233791258380001f59a75.html,antena3,2024-12-05T23:12:57+00:00
564,Carmen Pardo,"Telmo se despide de Lucía: “No puedo seguir, lo único que conseguiremos es que vuestro hermano me de muerte”","Lucía acude a la santa misa junto a Jimena. A la salida del oficio, Telmo escondido entre las sombras la coge para despedirse de ella. ",https://www.antena3.com/series/beguinas/telmo-despide-lucia-puedo-seguir-unico-que-conseguiremos-que-vuestro-hermano-muerte_20241206675232291258380001f599ac.html,antena3,2024-12-05T23:07:21+00:00
565,lasextacom,Las 27 del 77: el homenaje del Congreso a las primeras mujeres que ocuparon un sillón en las Cortes,La Cámara Baja ha destapado una placa en la que se puede leer el nombre de las 21 diputadas y seis senadoras que fueron parte de las Cortes Generales de 1977. ,https://www.lasexta.com/noticias/sociedad/27-77-homenaje-congreso-primeras-mujeres-que-ocuparon-sillon-cortes_20241206675230961258380001f59883.html,lasextanoticias,2024-12-05T23:00:38+00:00
566,Carmen Pardo,El pacto entre Telmo y Rodrigo de Guzmán: “Lucía solo puede ser mi esposa”,El noble acude a los calabozos para hablar con el judío. Rodrigo amenaza a Telmo con hacer daño a Lucía si no abandona Segovia y huye de esas tierras.,https://www.antena3.com/series/beguinas/pacto-telmo-rodrigo-guzman-lucia-solo-puede-ser-esposa_202412066752307d85d24c0001d12344.html,antena3,2024-12-05T23:00:13+00:00
567,alfonso-perez-medina,"La Guardia Civil eleva 8,3 millones los pagos del F.C. Barcelona a Negreira","[[IntroductionHighlight:¿Por qué es importante?]] En un principio la investigación señalaba que la cuantía que habría recibido por parte del Barça el exvicepresidente de los árbitros era de 7,5 millones. ",https://www.lasexta.com/noticias/deportes/futbol/guardia-civil-eleva-83-millones-pagos-barcelona-negreira_20241205675226827337f20001b60fde.html,lasextanoticias,2024-12-05T22:17:38+00:00
568,lasextacom,En busca y captura: así sería el aspecto actual de 'Chuki' 14 años después de asesinar a su novia menor de edad en Leganés (Madrid),"[[IntroductionHighlight:¿Por qué es importante?]] La Europol ha recreado cómo sería el aspecto actual de Cristian Hernán Yong, más conocido como 'Chuki', uno de los criminales más buscados. Mató a su pareja de 16 años, la metió en una maleta y la tiró a un contenedor. ",https://www.lasexta.com/noticias/internacional/busca-captura-asi-seria-aspecto-actual-chuki-14-anos-despues-asesinar-novia-menor-edad-leganes-madrid_20241205675226137337f20001b60f9e.html,lasextanoticias,2024-12-05T22:15:47+00:00
569,lasextacom,El Bitcoin supera por primera vez la barrera de los 100.000 dólares gracias a la victoria de Trump y el nombramiento de Atkins,"La victoria de Trump en las elecciones ha venido acompaña del despegue de las Cryptomonedas, en concreto del bitcoin. En el último mes el activo ha crecido casi un 50% superando los 100.000 dólares.",https://www.lasexta.com/noticias/internacional/bitcoin-supera-primera-vez-barrera-100000-dolares-gracias-victoria-trump-nombramiento-atkins_20241205675225bc7337f20001b60f61.html,lasextanoticias,2024-12-05T22:14:20+00:00
570,lasextacom,La Policía difunde imágenes con el rostro descubierto del sospechoso del asesinato del director de United Healthcare,"[[IntroductionHighlight:¿Por qué es importante?]] La policía ha difundido nuevas imágenes mientras la búsqueda sigue activa y se dan nuevos pasos en la investigación. Las balas utilizadas contenían mensajes escritos: negar, defender y deponer.",https://www.lasexta.com/noticias/internacional/policia-difunde-imagenes-rostro-descubierto-sospechoso-asesinato-director-united-healthcare_202412056752231185d24c0001d11a39.html,lasextanoticias,2024-12-05T22:02:57+00:00
571,lasextacom,Los nuevos cargos del polémico equipo de Trump en la Casa Blanca: de un astronauta a un 'criptofan',"Los nuevos nombramientos de Trump para formar su equipo de la Casa Blanca siguen trayendo polémica. El republicano ha apostado por un astronauta privado, una colaboradora de televisión y un fan de las criptomonedas.",https://www.lasexta.com/noticias/internacional/nuevos-cargos-polemico-equipo-trump-casa-blanca-astronauta-criptofan_20241205675221441258380001f58dc4.html,lasextanoticias,2024-12-05T21:55:16+00:00
572,lasextacom,Un hombre asesinado en un bar de Carballo (A Coruña): dos encapuchados dispararon a bocajarro en lo que podría ser un ajuste de cuentas,"[[IntroductionHighlight:El contexto ]] Por sus antecedentes la Guardia Civil, que investiga el caso, cree que se trataría de un ajuste de cuentas, y que los dos encapuchados serían sicarios con el encargo de matar al hombre y que actuaron a sangre fría.",https://www.lasexta.com/noticias/sociedad/hombre-asesinado-bar-carballo-coruna-dos-encapuchados-dispararon-bocajarro-que-podria-ser-ajuste-cuentas_2024120567521ed37337f20001b60af9.html,lasextanoticias,2024-12-05T21:44:51+00:00
573,"efe | Estrella, López",La cifra que retrata la maldición en la política francesa: cuatro primeros ministros en solo un año,"La crisis de las pensiones y las protestas del campo han dejado un reguero de jefes de Gobierno caídos, solo en el primer ecuador del segundo mandado de Macron.",https://www.lasexta.com/noticias/internacional/cifra-que-retrata-maldicion-politica-francesa-cuatro-primeros-ministros-solo-ano_2024120567521e127337f20001b60a6d.html,lasextanoticias,2024-12-05T21:41:38+00:00
574,lasexta-deportes,"Fernando Alonso señala cuándo ha tenido el mejor coche: ""En 25 años compitiendo...""",El piloto de Aston Martin ha reflexionado sobre cómo mantener la motivación con un calendario tan duro como el de esta temporada en Fórmula 1.,https://www.lasexta.com/noticias/deportes/motor/formula1/fernando-alonso-senala-cuando-tenido-mejor-coche-25-anos-compitiendo_2024120567521db47337f20001b60a13.html,lasextanoticias,2024-12-05T21:40:04+00:00
575,Roberto Fernández Ferreira,"Las dudas Dabiz Muñoz sobre si seguir con DiverXO: ""He tenido una relación super tóxica con él""",El chef ha contado que ser tan perfeccionista hace imposible que su proyecto con DiverXO sea sostenible a largo plazo.,https://www.antena3.com/programas/el-hormiguero/entrevista/dudas-dabiz-munoz-seguir-diverxo-tenido-relacion-super-toxica_2024120567521ad01258380001f58910.html,antena3,2024-12-05T21:27:44+00:00
576,lasexta-deportes,Russell acusa a Verstappen de querer echar a Horner de Red Bull,"El piloto de Mercedes, inmerso en una guerra pública con el neerlandés, ha desvelado que ingenieros de Red Bull llamaron a las puertas de ""Mercedes, McLaren y Aston"".",https://www.lasexta.com/noticias/deportes/motor/formula1/russell-acusa-verstappen-querer-echar-horner-red-bull_20241205675211837337f20001b601cd.html,lasextanoticias,2024-12-05T20:48:03+00:00
577,efe | lasextacom,Detenida una mujer de 69 años por la muerte violenta de su pareja en El Vendrell (Tarragona),"Una dotación de emergencias fue quien dio el aviso a la Unidad de Seguridad Ciudadana de los Mossos, quienes se personaron en el domicilio y observaron indicios compatibles con la muerte violenta de quien supuestamente era su pareja. ",https://www.lasexta.com/noticias/sociedad/detenida-mujer-69-anos-muerte-violenta-pareja-vendrell-tarragona_20241205675210381258380001f57faf.html,lasextanoticias,2024-12-05T20:42:32+00:00
578,lasextacom,"Quién es François Bayrou, el favorito para liderar Francia y superar las crisis que azotan al país","[[IntroductionHighlight:¿Por qué es importante?]] Tras la dimisión Michel Barnier como primer ministro francés, el presidente galo debe nombar un sustituto que convezca al resto de partidos.",https://www.lasexta.com/noticias/internacional/quien-francois-bayrou-favorito-liderar-francia-superar-crisis-que-azotan-pais_2024120567520ed87337f20001b5ff4e.html,lasextanoticias,2024-12-05T20:36:40+00:00
579,"Marina, Tadeo Altolaguirre",La nueva crisis de gobierno sume en el caos a una Francia aun sin primer ministro,"[[IntroductionHighlight:¿Por qué es importante?]] Macron aún no ha anunciado quién será el sustituto de Barnier. Aunque la Constitución francesa no marca tiempos sobre ello, sí que es políticamente incorrecto que un gobierno censurado esté semanas en funciones.",https://www.lasexta.com/noticias/internacional/nueva-crisis-gobierno-sume-caos-francia-aun-primer-ministro_20241205675207a77337f20001b5f908.html,lasextanoticias,2024-12-05T20:05:59+00:00
580,Alberto Mendo,¿Bote a la vista? Manu remonta ante Rosa y pone a todos en tensión en El Rosco,"El concursante madrileño ha aceptado el órdago de 22 aciertos de su rival y lo ha superado, con máximo suspense al verse a sólo dos letras de llevarse 952.000 euros.",https://www.antena3.com/programas/pasapalabra/rosco/bote-vista-manu-remonta-rosa-pone-todos-tension_202412056752074c1258380001f576d6.html,antena3,2024-12-05T20:04:28+00:00
581,guillermo-alvarez,Sorteo Mundial de Clubes 2025: Real Madrid y Atlético ya conocen a sus rivales,"El nuevo formato se disputará en Estados Unidos entre junio y julio del próximo año y contará con 32 equipos, 12 de ellos europeos.",https://www.lasexta.com/noticias/deportes/futbol/sorteo-mundial-clubes-2025-real-madrid-atletico-conocen-sus-rivales_202412056752054185d24c0001d10076.html,lasextanoticias,2024-12-05T19:55:45+00:00
582,Alberto Mendo,"El vacile de José Corbacho a Roberto Leal: “Mi madre es muy fan tuya, Jorge Fernández”",El cómico se ha vengado de inmediato del retrato que el presentador le ha hecho caracterizándole como el señor Patata.,https://www.antena3.com/programas/pasapalabra/mejores-momentos/vacile-jose-corbacho-roberto-leal-madre-muy-fan-tuya-jorge-fernandez_20241205675203f67337f20001b5f589.html,antena3,2024-12-05T19:50:14+00:00
583,Alberto Mendo,"Rosa sorprende al revelar su crush… ¡con Luis Miguel!: “Si me lo pones aquí, me…”",La concursante ha confesado que es fan del cantante desde que tenía 5 años y le ha mandado un mensaje: “Vente cuando puedas”.,https://www.antena3.com/programas/pasapalabra/mejores-momentos/rosa-sorprende-revelar-crush-luis-miguel-pones-aqui_202412056752007285d24c0001d0fbbc.html,antena3,2024-12-05T19:35:14+00:00
584,lasextacom | agencias,"Un terremoto de 6,6 sacude el norte de California y provoca una alerta de tsunami","El sismo se ha sentido en la ciudad de Ferndale, situada en el condado de Humboldt, informa el Servicio Geológico de Estados Unidos. El terremoto se ha producido a diez kilómetros de profundidad. ",https://www.lasexta.com/noticias/internacional/terremoto-66-sacude-norte-california-provoca-alerta-tsunami_202412056751fed57337f20001b5f115.html,lasextanoticias,2024-12-05T19:28:21+00:00
585,Alberto Mendo,La reacción de Manu al reencontrarse con José Corbacho en Pasapalabra: “Estoy contento y triste a la vez”,"El regreso del cómico demuestra la veteranía de Manu, ya que es la primera vez que el concursante vuelve a coincidir con un invitado.",https://www.antena3.com/programas/pasapalabra/mejores-momentos/reaccion-manu-reencontrarse-jose-corbacho-estoy-contento-triste-vez_202412056751fe1a85d24c0001d0f951.html,antena3,2024-12-05T19:25:14+00:00
586,Alberto Mendo,¿Es supersticiosa? La confesión de Rosa al llegar a su programa 13 en Pasapalabra,La concursante ha evitado decir que estaba “cómoda” al haber recuperado el color naranja tras ganar en el pasado Rosco.,https://www.antena3.com/programas/pasapalabra/mejores-momentos/supersticiosa-confesion-rosa-llegar-programa-13_202412056751fcee7337f20001b5ef65.html,antena3,2024-12-05T19:20:14+00:00
587,lasextacom,"Macron evita anunciar al nuevo primer ministro y culpa a un ""frente antirrepublicano"" de ""elegir el desorden"" en Francia",[[IntroductionHighlight:El contexto]] Macron se ha dirigido a la nación 24 horas después de que la moción de censura contra el primer ministro saliera adelante gracias a los votos de la izquierda y la extrema derecha.,https://www.lasexta.com/noticias/internacional/macron-evita-anunciar-nuevo-primer-ministro-acusa-extrema-derecha-izquierda-unirse-elegir-desorden_202412056751fcc17337f20001b5ef3b.html,lasextanoticias,2024-12-05T19:19:29+00:00
588,lasextacom,"El PP hace borrón y cuenta nueva con Mazón y le vuelve a apoyar tras la DANA: ""Carlos, cuentas con el respaldo de todo el PP""","[[IntroductionHighlight:""Apoyo y cariño"" para Mazón]] Una declaración de intenciones con la que confirman que vuelven a respaldar a Carlos Mazón. ""Cuando hay problemas se mide la talla política, hay quienes optan por huir, por gritar y nosotros nos quedamos a escuchar"", ha expresado.",https://www.lasexta.com/noticias/nacional/hace-borron-cuenta-nueva-mazon-vuelve-apoyar-dana-carlos-cuentas-respaldo-todo_202412056751fb5f7337f20001b5ee14.html,lasextanoticias,2024-12-05T19:13:35+00:00
589,lasexta-deportes,"Verstappen llama ""traidor"" a Russell y rompe relaciones: ""He terminado con él""","El piloto de Red Bull ha explotado después de las últimas palabras del británico y le ha llamado ""perdedor"". ",https://www.lasexta.com/noticias/deportes/motor/formula1/verstappen-llama-traidor-russell-rompe-relaciones-terminado_202412056751f9147337f20001b5ec49.html,lasextanoticias,2024-12-05T19:03:48+00:00
590,Roberto Fernández Ferreira,Vuelve a ver la entrevista a Esther Cañadas tras descubrir que era Rinoceronte en Mask Singer,La modelo charló con Arturo Valls sobre cómo fue su experiencia en el programa de principio a fin.,https://www.antena3.com/programas/mask-singer/vuelve-ver-entrevista-esther-canadas-descubrir-que-era-rinoceronte_202412056751f86885d24c0001d0f46c.html,antena3,2024-12-05T19:00:56+00:00
591,Sara Sanz,"El hermano de Azucena Hernández cuenta cómo vivieron su accidente: ""Muchas noches me pedía que la matase""","Cinco años después del fallecimiento de Azucena, recordamos la vida de una de las actrices pioneras del destape. En Y ahora Sonsoles, repasamos junto a su hermano sus momentos más icónicos y el accidente que la dejó postrada en silla de ruedas. ",https://www.antena3.com/programas/y-ahora-sonsoles/hermano-azucena-hernandez-cuenta-como-vivieron-accidente-muchas-noches-pedia-que-matase_202412056751f6e31258380001f56725.html,antena3,2024-12-05T18:54:27+00:00
592,alfonso-perez-medina,"El piso de la Castellana que Aldama ofreció a Ábalos costó 750.000 y no 1,9 millones como aseguró el comisionista","[[IntroductionHighlight:El contexto]] En el documento de alegaciones que Aldama prometió entregar tras su declaración ante la Audiencia Nacional, el presunto comisionista aseguró que le ofreció a Ábalos un piso valorado en 1,9 millones de euros.",https://www.lasexta.com/noticias/nacional/piso-castellana-que-aldama-ofrecio-abalos-costo-750000-19-millones-como-aseguro-comisionista_202412056751f3a485d24c0001d0ef80.html,lasextanoticias,2024-12-05T18:40:36+00:00
593,Sara Sanz,"Hablamos con Alice Campello: ""Sin Álvaro no estaría aquí, nos queremos muchísimo""","La empresaria continúa sanando la herida que le dejó la separación con Álvaro Morata, aunque asegura que, pese a la ruptura, se siguen teniendo el uno al otro como el primer día. ",https://www.antena3.com/programas/y-ahora-sonsoles/hablamos-alice-campello-alvaro-estaria-aqui-nos-queremos-muchisimo_202412056751f3707337f20001b5e715.html,antena3,2024-12-05T18:39:44+00:00
594,lasextacom,"Las imágenes de la detención de Koldo García: ""No entréis a punta de pistola en mi casa, tengo una hija de cuatro años""","[[IntroductionHighlight:El contexto]] Koldo fue uno de los 20 detenidos dentro de la investigación por organización criminal, tráfico de influencias y cohecho bajo el nombre de 'Operación Delorme', en la que se llevaron a cabo 26 registros.",https://www.lasexta.com/noticias/nacional/imagenes-detencion-koldo-garcia-entreis-punta-pistola-casa-tengo-hija-cuatro-anos_202412056751f2f785d24c0001d0eed0.html,lasextanoticias,2024-12-05T18:37:43+00:00
595,Sara Sanz,"Isabel Pantoja, demandada por un amigo al que debe 12.000 euros","Paloma García-Pelayo nos cuenta detalles sobre la última polémica de la tonadillera. Esta ha hablado con Francisco, un amigo que decide acudir a la justicia para reclamar un impago por parte de Isabel.",https://www.antena3.com/programas/y-ahora-sonsoles/isabel-pantoja-demandada-amigo-que-debe-12000-euros_202412056751efcd7337f20001b5e402.html,antena3,2024-12-05T18:24:13+00:00
596,Sara Sanz,"Pilar Vidal, sobre el futbolista al que relacionan con María José Suárez: ""Fue de primera división, pero no es Iker Casillas""","La colaboradora de Y ahora Sonsoles ha dado nueva información sobre la vida amorosa de María José Suárez. Aunque todo apuntaba a un romance con Iker Casillas, es otro futbolista retirado el que parece ilusionar de nuevo a la modelo. ",https://www.antena3.com/programas/y-ahora-sonsoles/pilar-vidal-futbolista-que-relacionan-maria-jose-suarez-fue-primera-division-pero-iker-casillas_202412056751ed251258380001f55cde.html,antena3,2024-12-05T18:12:53+00:00
597,lasexta-deportes,El 'pique' entre Josep Pedrerol y Topuria por Kylian Mbappé en 'El Cafelito',Presentador y peleador han ofrecido sus distintos puntos de vista sobre lo que le ocurre al delantero del Real Madrid.,https://www.lasexta.com/noticias/deportes/otros-deportes/pique-josep-pedrerol-topuria-kylian-mbappe-cafelito_202412056751ec591258380001f55c0a.html,lasextanoticias,2024-12-05T18:09:29+00:00
598,Sara Sanz,"""Nuestro hijo deja de respirar cuando duerme"": así conviven los padres de Álvaro con el síndrome de Odine","Álvaro nació hace dos años y medio, tras un parto lleno de complicaciones. En aquel momento vieron que le bajaba mucho la saturación del oxígeno, hasta que le diagnosticaron el síndrome de Odine, que tan solo padecen 1.200 personas en el mundo. ",https://www.antena3.com/programas/y-ahora-sonsoles/nuestro-hijo-deja-respirar-cuando-duerme-asi-conviven-padres-alvaro-sindrome-odine_202412056751e95685d24c0001d0e4df.html,antena3,2024-12-05T17:56:38+00:00
599,alfonso-perez-medina,El Supremo obliga a Blackstone a vender las viviendas que le adjudicó Ana Botella tras rechazar el recurso del fondo Fidere,[[IntroductionHighlight:¿Por qué es importante?]] El Supremo obliga a la empresa a vender por 68.000 euros cuatro viviendas que había  adquirido al Ayuntamiento de Madrid en 2019 por ese precio.,https://www.lasexta.com/noticias/nacional/supremo-obliga-blackstone-vender-viviendas-que-adjudico-ana-botella-rechazar-recurso-fondo-fidere_202412056751e65d85d24c0001d0e201.html,lasextanoticias,2024-12-05T17:43:57+00:00
600,Sara Sanz,"Consuelo descubre que su asesor le ha robado sus ahorros: ""Le di poderes porque era de confianza""","Consuelo confió en una persona para que le llevara las cuentas, pero ha terminado sin dinero y debe hacer frente a los tratamientos de su hijo con discapacidad.",https://www.antena3.com/programas/y-ahora-sonsoles/consuelo-descubre-que-asesor-robado-sus-ahorros-poderes-porque-era-confianza_202412056751e52585d24c0001d0e0d5.html,antena3,2024-12-05T17:38:45+00:00
601,Sara Sanz,"Los padres de Jana denuncian que los médicos dejaron morir a su hija: ""No le hicieron ni un triaje""","Tamara y Juan Antonio han presentado una querella contra el médico que atendió de urgencia a su hija un día antes de que falleciera. Según dicen, ni si quiera la oscultaron para comprobar lo que le pasaba.",https://www.antena3.com/programas/y-ahora-sonsoles/padres-jana-denuncian-que-medicos-dejaron-morir-hija-hicieron-triaje_202412056751e1651258380001f5507f.html,antena3,2024-12-05T17:22:45+00:00
602,lasexta-deportes,"Ilia Topuria, sobre su próxima pelea: ¿Cuándo será?, ¿contra quién?, ¿en el Bernabéu?",El campeón del mundo de Peso Pluma de la UFC ha estado junto a Josep Pedrerol en 'El Cafelito' y ha respondido a varias cuestiones interesantes sobre su futuro.,https://www.lasexta.com/noticias/deportes/otros-deportes/ilia-topuria-proxima-pelea-cuando-sera-quien-bernabeu_202412056751e0857337f20001b5d619.html,lasextanoticias,2024-12-05T17:19:01+00:00
603,Sara Sanz,"Intentan extorsionar a los padres de Paco a raíz de su desaparición: ""Nos piden dinero diciendo que lo han encontrado""","Paco desapareció hace 9 años y, desde entonces, sus padres han sido perseguidos con informaciones falsas y extorsiones. Muchos aprovechan su vulnerabilidad para estafarles, pero ellos no pierden la esperanza de encontrar a su hijo. ",https://www.antena3.com/programas/y-ahora-sonsoles/intentan-extorsionar-padres-paco-raiz-desaparicion-nos-piden-dinero-diciendo-que-han-encontrado_202412056751de257337f20001b5d3ef.html,antena3,2024-12-05T17:08:53+00:00
604,Sara Sanz,"El hijo de María, en tratamiento por su adicción al móvil: ""Hasta para ducharse se pone videos""","María pidió ayuda al ver que su hijo pasaba 8 horas al día pegado a las pantallas y, si se lo quitaba, se ponía agresivo. Ahora, quiere dar visibilidad a un tema que afecta a muchos jóvenes y que todavía es muy tabú.",https://www.antena3.com/programas/y-ahora-sonsoles/hijo-maria-tratamiento-adiccion-movil-ducharse-pone-videos_202412056751d9d57337f20001b5d02a.html,antena3,2024-12-05T16:50:52+00:00
605,lasextacom,"La defensa de Juana Rivas pide ""medidas de protección"" para que su hijo de 10 años declare sin coacciones","[[IntroductionHighlight:El contexto]] Gabriel, el otro hijo de la pareja, ha afirmado en un escrito a la Fiscalía que su hermano ""Se siente en riesgo de muerte"".",https://www.lasexta.com/noticias/sociedad/defensa-juana-rivas-pide-medidas-proteccion-que-hijo-10-anos-declare-coacciones_202412056751d9111258380001f5493f.html,lasextanoticias,2024-12-05T16:47:13+00:00
606,"Pablo, Muñoz","Milei se corona como el rostro del 'trumpismo' en América Latina y asegura que Sánchez es una ""tortura"" para los españoles","El presidente argentino defendió su visión de un futuro sin socialismo ni ideologías progresistas, proponiendo una alianza"" internacional derechista"" junto a Trump para frenar lo que él considera ""la basura del socialismo"".",https://www.lasexta.com/noticias/internacional/milei-corona-como-rostro-trumpismo-america-latina-asegura-que-sanchez-tortura-espanoles_202412056751d88c1258380001f548ba.html,lasextanoticias,2024-12-05T16:45:00+00:00
607,lasexta-deportes,'Checo' Pérez se aferra a su asiento en Red Bull,El piloto mexicano ha asegurado en la previa de la última carrera que seguirá con los austriacos en 2025.,https://www.lasexta.com/noticias/deportes/motor/formula1/checo-perez-aferra-asiento-red-bull_202412056751d6b485d24c0001d0d2be.html,lasextanoticias,2024-12-05T16:37:08+00:00
608,lasextacom | agencias,"Así funciona la nave 'Proba-3' de la ESA, capaz de crear eclipses artificiales","[[IntroductionHighlight:¿Por qué es importante?]] Esto permitirá a los científicos estudiar la corona del Sol sin interferencias de su disco brillante, proporcionando información valiosa sobre la actividad solar y su impacto en el clima espacial.",https://www.lasexta.com/noticias/ciencia-tecnologia/asi-funciona-nave-proba3-esa-capaz-crear-eclipses-artificiales_202412056751d65185d24c0001d0d25b.html,lasextanoticias,2024-12-05T16:36:27+00:00
609,Sara Sanz,"Manu Tenorio defiende a Lucas de las críticas a su físico: ""La música se escucha con los oídos, no con los ojos""","El artista ha salido en defensa de la mitad de Andy y Lucas. Aunque son muchos los que aseguran que Lucas se ha operado la cara, Manu Tenorio ha elegido quedarse con su música, sin importar su imagen, ya que es algo que a él también le ha tocado de cerca. ",https://www.antena3.com/programas/y-ahora-sonsoles/manu-tenorio-defiende-lucas-criticas-fisico-musica-escucha-oidos-ojos_202412056751d4781258380001f54499.html,antena3,2024-12-05T16:27:36+00:00
610,"Carlos, Martín",La Policía libera a una mujer que había sido secuestrada por su casera en Valencia,"Presuntamente, la víctima debía dinero del alquiler y tanto una de las inquilinas del piso, como la dueña del mismo, la impedían abandonar el inmueble hasta que no lo abonase. La mujer quería marcharse por las humillaciones y vejaciones que sufría.",https://www.lasexta.com/noticias/sociedad/policia-libera-mujer-que-habia-sido-secuestrada-casera-valencia_202412056751d3591258380001f54358.html,lasextanoticias,2024-12-05T16:22:49+00:00
611,lasextacom,El Supremo aprecia indicios de delito en la filtración del informe de la UCO en el que se detallaban los whatsapps de la fiscal de Madrid,"[[IntroductionHighlight:¿Por qué es importante?]] En la misma providencia, acuerda que se envíe además su auto de 25 de noviembre con las advertencias que el mismo contiene sobre el secreto de las actuaciones.",https://www.lasexta.com/noticias/nacional/supremo-aprecia-indicios-delito-filtracion-informe-uco-que-detallaban-whatsapps-fiscal-madrid_202412056751d2db1258380001f542e7.html,lasextanoticias,2024-12-05T16:20:43+00:00
612,"Cristina, Moure",Investigadores españoles descubren cómo una alteración neuronal podría ser clave en el origen del autismo,"Científicos de Barcelona identifican cómo la pérdida de un pequeño fragmento de ADN en la proteína CPEB4 altera la regulación de genes esenciales para el desarrollo neuronal, ofreciendo nuevas pistas sobre el origen del autismo y sentando las bases para posibles terapias futuras.",https://www.lasexta.com/noticias/ciencia-tecnologia/investigadores-espanoles-descubren-como-alteracion-neuronal-podria-ser-clave-origen-autismo_202412056751d2311258380001f54238.html,lasextanoticias,2024-12-05T16:17:53+00:00
613,Sara Sanz,"Grave incendio en un parque acuático de Torremolinos: ""No he visto tanto humo nunca""","Las llamas han surgido a raíz de unas obras de reconstrucción. Por suerte, se ha podido evacuar a todos los trabajadores y clientes a tiempo, aunque por el momento no se sabe el alcance de los daños. ",https://www.antena3.com/programas/y-ahora-sonsoles/grave-incendio-parque-acuatico-torremolinos-visto-tanto-humo-nunca_202412056751d08c1258380001f54085.html,antena3,2024-12-05T16:10:52+00:00
614,Ana Bermejo Lillo,Capítulo 199 de Sueños de libertad; 5 de diciembre: Los Merino se enteran de que entre Jesús y Patricia hubo algo,Joaquín ha averiguado que su primo tuvo un pequeño romance con la empresaria. ¡Van a utilizar esa información!,https://www.antena3.com/series/suenos-de-libertad/199-5-diciembre-merino-enteran-que-jesus-patricia-hubo-algo_202412056751cf8885d24c0001d0cbc2.html,antena3,2024-12-05T16:06:32+00:00
615,lasextacom,"Begoña Gómez pide al juez Peinado que aclare la ""información errónea"" de que tiene 40,25 euros en sus cuentas","[[IntroductionHighlight:El contexto ]] El Punto Neutro Judicial informó el pasado 3 de diciembre al juez Peinado que Begoña Gómez tiene un total de 40,25 euros en las once cuentas en las que aparece como titular, autorizado o representante. ",https://www.lasexta.com/noticias/nacional/begona-gomez-pide-juez-peinado-que-aclare-informacion-erronea-que-tiene-4025-euros-sus-cuentas_202412056751cf491258380001f53f0b.html,lasextanoticias,2024-12-05T16:05:29+00:00
616,Ana Bermejo Lillo,"Jesús le hace una oferta a Patricia Lambert, pero ella no acepta y le pide más; ¿lo conseguirá?","La empresaria le pide un 8% de las acciones para seguir trabajando con ellos, tiene 24h para aceptar o ella se irá de Toledo. ",https://www.antena3.com/series/suenos-de-libertad/jesus-hace-oferta-patricia-lambert-pero-ella-acepta-pide-mas-conseguira_202412056751cbb685d24c0001d0c8a9.html,antena3,2024-12-05T15:50:14+00:00
617,jugones,Roberto Mehri señala la sorpresa que se ha llevado Ferrari con Carlos Sainz,"El expiloto de Fórmula 1 e íntimo amigo del madrileño ha destacado los ""problemas"" que le ha puesto Sainz a Leclerc desde su llegada a Maranello hace cuatro años.",https://www.lasexta.com/noticias/deportes/motor/formula1/roberto-mehri-senala-sorpresa-que-llevado-ferrari-carlos-sainz_202412056751cb2c1258380001f53b82.html,lasextanoticias,2024-12-05T15:47:56+00:00
618,Ana Bermejo Lillo,Begoña le pide a Digna que le ayude a ganarse a Julia de nuevo,"La matriarca ha aleccionado a Begoña, pero también cree que todo el mundo tiene derecho a equivocarse. ",https://www.antena3.com/series/suenos-de-libertad/begona-pide-digna-que-ayude-ganarse-julia-nuevo_202412056751c7081258380001f537ce.html,antena3,2024-12-05T15:30:16+00:00
619,Ana Bermejo Lillo,"Damián apoya a Marta en mitad de su angustia: “Si le pasa algo a Fina, yo no podría”",La joven de la Reina se rompe en pedazos por no conseguir sacar a Fina de la cárcel antes del juicio.  ,https://www.antena3.com/series/suenos-de-libertad/damian-apoya-marta-mitad-angustia-pasa-algo-fina-podria_202412056751c7061258380001f537c8.html,antena3,2024-12-05T15:30:14+00:00
620,Ana Bermejo Lillo,Gema se sincera con Digna: le rompe el corazón que Joaquín no quiera tener hijos,"El mayor de los Merino ha rechazado la idea de tener hijos, y Gema está desconsolada... ¡quiere formar una familia! ",https://www.antena3.com/series/suenos-de-libertad/gema-sincera-digna-rompe-corazon-que-joaquin-quiera-tener-hijos_202412056751c4ae1258380001f53593.html,antena3,2024-12-05T15:20:14+00:00
621,"Elia, Gonzalo",Detenido el jefe de la Guardia Civil del puerto de Valencia por tráfico de drogas,"Jesús Fernández Bolaño, jefe durante más de una década en el puerto valenciano, lideraba una trama vinculada al 'cártel de los Balcanes', según la investigación conjunta de la Guardia Civil y la Policía Nacional.",https://www.lasexta.com/noticias/sociedad/detenido-jefe-guardia-civil-puerto-valencia-trafico-drogas_202412056751b9c91258380001f52bfa.html,lasextanoticias,2024-12-05T14:33:45+00:00
622,lasextacom,"Termina sin acuerdo la reunión sobre la acogida de menores migrantes entre Gobierno, PP, Canarias y Ceuta","[[IntroductionHighlight:El contexto]] Este jueves, Gobierno, Partido Popular, y los líderes de Canarias y Ceuta se han reunido en Madrid para llegar a un acuerdo para la acogida de los menores migrantes.",https://www.lasexta.com/noticias/nacional/termina-acuerdo-reunion-acogida-menores-migrantes-gobierno-canarias-ceuta_202412056751b9781258380001f52ba5.html,lasextanoticias,2024-12-05T14:32:24+00:00
623,jugones,Josep Pedrerol señala al culpable de la mala racha del Real Madrid,"En su editorial en 'Jugones', el presentador del programa ha tratado la situación de conjunto blanco centrándose en dos hombres: Kylian Mbappé y Carlo Ancelotti.",https://www.lasexta.com/noticias/deportes/futbol/josep-pedrerol-senala-culpable-mala-racha-real-madrid_202412056751b96685d24c0001d0b7d2.html,lasextanoticias,2024-12-05T14:32:06+00:00
624,alfonso-perez-medina,Casi 500 personas tuvieron acceso al expediente de la Fiscalía contra el novio de Ayuso,"[[IntroductionHighlight:El contexto]] El expediente tributario por el que se investigaba a Alberto González Amador debía ser confidencial, pero un informe de la Fiscalía madrileña advierte de que estaba al alcance de casi 500 personas. ",https://www.lasexta.com/noticias/nacional/casi-500-personas-tuvieron-acceso-expediente-fiscalia-novio-ayuso_202412056751b7c57337f20001b5b37c.html,lasextanoticias,2024-12-05T14:25:09+00:00
625,lasextacom,Vox mantiene su amenaza al PP a cuenta de los migrantes: no negociarán los presupuestos en los territorios en los que gobiernan,"Aunque Santiago Abascal niega que sea un chantaje, el líder de Vox ha vuelto a confirmar que el partido de extrema derecha ""ni siquiera"" se sentará a negociar presupuestos si el PP continúa con su postura sobre los migrantes.",https://www.lasexta.com/noticias/nacional/vox-mantiene-amenaza-cuenta-migrantes-negociaran-presupuestos-territorios-que-gobiernan_202412056751b78a7337f20001b5b31a.html,lasextanoticias,2024-12-05T14:24:10+00:00
626,"Ana, Alcaide","Juan Lobato, ex líder del PSOE de Madrid, visita Espejo Público: ¿Qué le preguntarían los colaboradores?","Uno de los políticos más buscados en las últimas semanas visita Espejo Público. Juan Lobato será entrevistado en exclusiva el lunes 9 de noviembre en Espejo Público. Tras su dimisión como secretario general de los socialistas madrileños, dará respuesta a las dudas sobre su papel en las filtraciones de documentación del novio de la presidenta de la Comunidad de Madrid, Isabel Díaz Ayuso.",https://www.antena3.com/programas/espejo-publico/juan-lobato-lider-psoe-madrid-visita-espejo-publico-que-preguntarian-colaboradores_202412056751b47485d24c0001d0b2b6.html,antena3,2024-12-05T14:11:00+00:00
627,lasextacom,Aldama sigue disparando y afirma que el contrato de alquiler que firmó Ábalos era un aval para el exministro,Víctor de Aldama ha presentado ante el Tribunal Supremo un escrito con documentación en el que asegura que ofreció un piso en la Castellana a Ábalos como aval por si el exministro no cobraba por otras vías las comisiones.,https://www.lasexta.com/noticias/nacional/aldama-sigue-disparando-afirma-que-contrato-alquiler-que-firmo-abalos-era-aval-exministro_202412056751b39485d24c0001d0b144.html,lasextanoticias,2024-12-05T14:07:16+00:00
628,lasextacom | alfonso-perez-medina,"Aldama dice tener pruebas de todo en un móvil requisado y sin analizar: ""Tengo mensajes de todos menos de Santos Cerdán""","[[IntroductionHighlight:¿Qué pretende?]] El supuesto conseguidor del 'caso Koldo' ha pedido a todos que cuenten ""la verdad"", incidiendo en que ""espera"" que la Unidad Central Operativa ""entregue su terminal y se vean todos los wasaps"".",https://www.lasexta.com/noticias/nacional/aldama-dice-tener-pruebas-todo-movil-requisado-analizar-tengo-mensajes-todos-menos-santos-cerdan_202412056751b3157337f20001b5ae78.html,lasextanoticias,2024-12-05T14:05:09+00:00
629,alfonso-perez-medina,El Supremo rechaza de momento pedir el volcado del móvil que Aldama señala como prueba clave,"Según Aldama, las pruebas que sustentan sus acusaciones se encuentran precisamente en un móvil que incautó el juez Pedraz en la Audiencia Nacional.",https://www.lasexta.com/noticias/nacional/supremo-rechaza-momento-pedir-volcado-movil-que-aldama-senala-como-prueba-clave_202412056751aeaa1258380001f51ec9.html,lasextanoticias,2024-12-05T13:46:18+00:00
630,lasexta-deportes,"Fernando Alonso se mofa del ranking de la F1: ""Es inútil...""","El piloto español no está entre los diez mejores en el global de la temporada: ""Cuando lo ves, no prestas atención"".",https://www.lasexta.com/noticias/deportes/motor/formula1/fernando-alonso-mofa-ranking-inutil_202412056751a7e985d24c0001d0a276.html,lasextanoticias,2024-12-05T13:17:29+00:00
631,"Raúl, García García",“A mi vecino le han multado cinco veces en un mes”: los radares de tráfico que más denuncian de España,"80.000 multas al año, 220 diarias, el más “insaciable” está en la provincia de Cádiz. ¿Prevenir o “recaudar”? Algunos radares son destrozados antes de que empiecen a funcionar, víctimas de la disconformidad ciudadana.",https://www.antena3.com/programas/espejo-publico/noticias/vecino-han-multado-cinco-veces-mes-radares-trafico-que-mas-denuncian-espana_202412056751a6c185d24c0001d0a0e0.html,antena3,2024-12-05T13:12:33+00:00
632,Cristina García Chacón,"Receta de lenguado meunière con patatitas, de Karlos Arguiñano: ""Aquí tienes un recetón para estas navidades""","Karlos Arguiñano ha elaborado una receta sensacional, muy fácil de preparar y tan rica como para hacerla en navidades, para una ocasión especial.",https://www.antena3.com/programas/karlos-arguinano/recetas/pescado/lenguado-meuniere-patatitas_20241205675186857337f20001b576ff.html,antena3,2024-12-05T13:00:25+00:00
633,"Carina, Verdú",Del parecido de Óscar López con Herrero de Miñón a la broma norcoreana de Díaz Ayuso: otra mirada de la política española,'El Apunte' analiza los principales temas políticos de la semana desde otro punto de vista.,https://www.antena3.com/programas/espejo-publico/noticias/parecido-oscar-lopez-herrero-minon-broma-norcoreana-diaz-ayuso-otra-mirada-politica-espanola_202412056751a1e17337f20001b59859.html,antena3,2024-12-05T12:51:45+00:00
634,Cristina García Chacón,"Karlos Arguiñano prepara una receta de rollitos de verdura, soja y pollo en 8 minutos de horno","Una bocado delicioso, casero y muy barato, así es esta receta de rollitos de verdura, soja y pollo. La puedes presentar como primer plato del menú del día, o como entrante.",https://www.antena3.com/programas/karlos-arguinano/recetas/entrantes/rollitos-verdura-soja-pollo_2024120567516f6585d24c0001d05adc.html,antena3,2024-12-05T12:45:14+00:00
635,lasexta-deportes,"Russell denuncia las amenazas de Verstappen: ""Me dijo que me iba a poner la p*** cabeza contra la pared""","El piloto de Mercedes dice que el sábado por la noche, después de la clasificación de Qatar, Max Verstappen le amenazó: ""Dijo que iba a salirse del camino..."".",https://www.lasexta.com/noticias/deportes/motor/formula1/russell-denuncia-amenazas-verstappen-dijo-que-iba-poner-cabeza-pared_2024120567519b331258380001f502d4.html,lasextanoticias,2024-12-05T12:23:15+00:00
636,lasextacom,"Torres tacha de ""falsedad vil"" las nuevas insinuaciones de Aldama y ampliará la querella contra él","[[IntroductionHighlight:Acusaciones sin pruebas]] El empresario, que ya acusó a Torres de haber pedido un pago de 50.000 euros, asegura ahora que le cedió inmuebles ""para encuentros de diversa naturaleza"". El ministro lo niega tajantemente.",https://www.lasexta.com/noticias/nacional/torres-tacha-falsedad-vil-nuevas-insinuaciones-aldama-ampliara-querella_2024120567519b261258380001f502bb.html,lasextanoticias,2024-12-05T12:23:02+00:00
637,"Andrés, Pantoja","Soto Ivars niega el número oficial de denuncias falsas en casos de malos tratos: ""El 0.01 es un bulo que tendríamos que no repetir más""",Recientemente han salido a la luz varias informaciones a cerca de denuncias falsas contra padres de menores a los que la que la justicia había declarado culpables. El periodista Juan Soto Ivars hacía unas controvertidas afirmaciones al respecto.,https://www.antena3.com/programas/espejo-publico/noticias/soto-ivars-niega-numero-oficial-denuncias-falsas-casos-malos-tratos-001-bulo-que-tendriamos-que-repetir-mas_2024120567519a721258380001f50200.html,antena3,2024-12-05T12:20:02+00:00
638,espejo-publico,¿Dónde está el cuadro de Pedro Sánchez? El retrato 'desaparece' antes de la comparecencia de Óscar López,Retiran el cuadro de Pedro Sánchez antes de Óscar López comparezca tras presentar su candidatura al PSOE-M.,https://www.antena3.com/programas/espejo-publico/noticias/donde-esta-cuadro-pedro-sanchez-retrato-desaparece-antes-comparecencia-oscar-lopez_20241205675197a11258380001f4fe5b.html,antena3,2024-12-05T12:08:01+00:00
639,lasexta-deportes,Gran Premio de Abu Dabi F1 2024: horario y dónde ver en TV los entrenamientos libres del viernes,Es la última carrera de la temporada de la Fórmula 1 y todavía queda un título en juego: el mundial de constructores entre McLaren y Ferrari.,https://www.lasexta.com/noticias/deportes/motor/formula1/gran-premio-abu-dabi-2024-horario-donde-ver-entrenamientos-libres-viernes_202412056751970885d24c0001d08aa7.html,lasextanoticias,2024-12-05T12:05:28+00:00
640,espejo-publico,"Carla Antonelli, sobre la polémica con las siglas LGTBIQ+: ""Señalar y estigmatizar a las personas no binarias es peligroso""","La senadora por Sumar aborda las tensiones en torno a los derechos del colectivo LGTBIQ+, reflexiona sobre la crisis del PSOE en Madrid y rechaza cualquier duda sobre el compromiso contra la violencia machista.",https://www.antena3.com/programas/espejo-publico/noticias/carla-antonelli-polemica-siglas-lgtbiq-senalar-estigmatizar-personas-binarias-peligroso_20241205675194341258380001f4f985.html,antena3,2024-12-05T11:53:24+00:00
641,alfonso-perez-medina,"Anticorrupción valora ""positivamente"" los papeles de Aldama y cotejará el listado de obras para apuntalar la imputación de Ábalos",El presunto conseguidor de la trama Koldo presentó este miércoles un escrito ante el Tribunal Supremo en el que aporta un listado de obras que supuestamente fueron adjudicados antes de que salieran a licitación.,https://www.lasexta.com/noticias/nacional/anticorrupcion-valora-positivamente-papeles-aldama-cotejara-listado-obras-apuntalar-imputacion-abalos_20241205675193a185d24c0001d08601.html,lasextanoticias,2024-12-05T11:50:57+00:00
642,lasexta-deportes,"Férrea defensa de Alonso a George Russell: ""No creo que tenga una doble cara""","""No creo que esté mostrando caras diferentes aquí y allá"", dice el piloto español sobre Russell, que ha sido duramente criticado por Max Verstappen.",https://www.lasexta.com/noticias/deportes/motor/formula1/ferrea-defensa-alonso-george-russell-creo-que-tenga-doble-cara_20241205675190061258380001f4f36f.html,lasextanoticias,2024-12-05T11:35:34+00:00
643,lasextacom,"El puente de diciembre abre la puerta al frío: las bajas temperaturas, las lluvias y la nieve serán las protagonistas","Con el paso de los días del puente de diciembre irán bajando progresivamente las temperaturas, con la aparición de la nieve y lluvias tanto el sábado como el domingo.",https://www.lasexta.com/noticias/el-tiempo/puente-diciembre-abre-puerta-frio-bajas-temperaturas-lluvias-nieve-seran-protagonistas_2024120567518bb31258380001f4eece.html,lasextanoticias,2024-12-05T11:17:07+00:00
644,Roberto Fernández Ferreira,"Esther Cañadas, sobre su experiencia en Mask Singer: ""Yo solo quería que nos parara la policía""",La modelo y actriz española sorprendió a todos menos a Ana Milán al deshacerse de su máscara en la Semifinal.,https://www.antena3.com/programas/mask-singer/esther-canadas-experiencia-solo-queria-que-nos-parara-policia_20241205675187c21258380001f4eac7.html,antena3,2024-12-05T11:00:18+00:00
645,lasextacom,¿Y ahora qué? El incierto panorama que se abre en Francia el día después de la moción,"[[IntroductionHighlight:¿Qué podemos esperar?]] El país galo tendrá un Gobierno provisional, pero no se sabe cuánto durará ya que la Constitución francesa no establece plazos para escoger un sustituto al primer ministro.",https://www.lasexta.com/noticias/internacional/ahora-que-incierto-panorama-que-abre-francia-dia-despues-mocion_202412056751871b1258380001f4e9ff.html,lasextanoticias,2024-12-05T10:57:31+00:00
646,lasextacom | efe,"Desconvocada la huelga de autobuses hoy, pero siguen en pie dos fechas más","Inicialmente la huelga en el sector fue convocada conjuntamente por CCOO y UGT, pero después UGT se desmarcó tras el acuerdo con la patronal para aplicar esos coeficientes reductores al transporte de mercancías, las grúas autopropulsadas y el transporte sanitario. ",https://www.lasexta.com/noticias/economia/desconvocada-huelga-autobuses-hoy-pero-siguen-pie-dos-fechas-mas_20241205675186f91258380001f4e9c1.html,lasextanoticias,2024-12-05T10:56:57+00:00
647,lasexta-deportes,La brutal indemnización que Red Bull deberá pagar a Sergio Pérez si quiere despedirle,El mexicano podría disputar su última carrera en el Gran Premio de Abu Dabi si Red Bull decide finalmente bajarle de su asiento.,https://www.lasexta.com/noticias/deportes/motor/formula1/brutal-indemnizacion-que-red-bull-debera-pagar-sergio-perez-quiere-despedirle_20241205675186a47337f20001b5771e.html,lasextanoticias,2024-12-05T10:55:32+00:00
648,Sara Sanz,"Así vive una hipocondríaca: ""Si me duele la cabeza, pienso que tengo un tumor cerebral""","Paula tiene una enfermedad que padecen el 20% de los españoles. Desde hace 6 años, le diagnosticaron hipocondría y ha pasado más tiempo con médicos que con sus amigos. ",https://www.antena3.com/programas/y-ahora-sonsoles/asi-vive-hipocondriaca-duele-cabeza-pienso-que-tengo-tumor-cerebral_20241205675185a51258380001f4e82d.html,antena3,2024-12-05T10:51:17+00:00
649,agencias | lasextacom,Barnier dimite tras la moción y deja a Macron la gestión de la crisis política en Francia,[[IntroductionHighlight:¿Qué implica?]] El presidente de la República afronta una situación compleja: tendrá que buscar un primer ministro que sustituya al conservador mientras la oposición pide su dimisión. ,https://www.lasexta.com/noticias/internacional/barnier-dimite-mocion-deja-macron-gestion-crisis-politica-francia_20241205675183eb7337f20001b57408.html,lasextanoticias,2024-12-05T10:43:55+00:00
650,"Andrés, Pantoja","Consuelo Ordóñez, sobre la división en las víctimas del terrorismo por ""dinero manchado de sangre"": ""Fuimos la 'bestia parda' de EH-Bildu""","La presidenta del Colectivo de Víctimas del Terrorismo (COVITE) abordaba en Espejo Público la polémica por aceptar o no el dinero de una subvención asignada por Bildu, por estar ""manchado de sangre""",https://www.antena3.com/programas/espejo-publico/noticias/consuelo-ordonez-division-victimas-terrorismo-dinero-manchado-sangre-fuimos-bestia-parda-ehbildu_20241205675183931258380001f4e5c8.html,antena3,2024-12-05T10:42:27+00:00
651,Celia Gil,Rocío Torío y la actuación con la que marcó un antes y un después en la historia de La Voz,"La talent consiguió un pleno en las Audiciones a ciegas y se fue directa al equipo de Luis Fonsi. Tras un Asalto Final con el que nos emocionó, llegará a la segunda Semifinal gracias al apoyo del público. ",https://www.antena3.com/programas/la-voz/rocio-torio-actuacion-que-marco-antes-despues-historia_20241205675182251258380001f4e436.html,antena3,2024-12-05T10:36:21+00:00
652,lasexta-deportes,"La viral despedida entre Sainz y Leclerc: ""No estoy llorando""",Los dos pilotos de Ferrari protagonizaron un divertido momento en el que se despidieron como compañeros antes de la carrera de Abu Dabi.,https://www.lasexta.com/noticias/deportes/motor/formula1/viral-despedida-sainz-leclerc-estoy-llorando_2024120567517c9d85d24c0001d06abc.html,lasextanoticias,2024-12-05T10:12:45+00:00
653,lasextacom,"Óscar López oficializa su candidatura a liderar el PSOE-M para derrotar a la ""fachosfera"" de Madrid","El todavía ministro hace oficial su candidatura a secretario general del PSOE madrileño para hacer frente a ""la política del bulo"" de Isabel Díaz Ayuso. ""Una decisión personal"", dice, que es a su vez ""una causa colectiva"".",https://www.lasexta.com/noticias/nacional/oscar-lopez-oficializa-candidatura-liderar-psoem-derrotar-fachosfera-madrid_2024120567517a4b7337f20001b5692c.html,lasextanoticias,2024-12-05T10:02:51+00:00
654,efe,Investigan el hallazgo del cadáver calcinado de un hombre dentro de un coche que ardió en Burgos,"[[IntroductionHighlight:Qué ha pasado]] Los vecinos alertaron de que había un coche ardiendo junto al parque eólico de Villaquirán. Tras extinguir las llamas, los bomberos advirtieron un cráneo y huesos en el interior.",https://www.lasexta.com/noticias/sociedad/investigan-hallazgo-cadaver-calcinado-hombre-dentro-coche-que-ardio-burgos_202412056751751d1258380001f4d413.html,lasextanoticias,2024-12-05T09:40:45+00:00
655,lasexta-deportes,"La dura reflexión de Martín sobre marcharse a Aprilia: ""Es duro cambiar un proyecto ganador por otro que no lo es""","El ya expiloto Ducati reconoce que va a ser un 2025 muy difícil para él: ""No es un proyecto ganador, para nada, en estos momentos"".",https://www.lasexta.com/noticias/deportes/motor/dura-reflexion-martin-marcharse-aprilia-duro-cambiar-proyecto-ganador-otro-que_202412056751723a85d24c0001d05d73.html,lasextanoticias,2024-12-05T09:28:26+00:00
656,agencias | lasextacom,La Policía de Nueva York pide ayuda para detener al hombre que mató al CEO de la principal aseguradora de Estados Unidos,[[IntroductionHighlight:Ayuda ciudadana]] Las últimas imágenes del sospechoso lo muestran entrando en Central Park en una bicicleta eléctrica del sistema público y la Policía ha pedido ayuda para averiguar su paradero.,https://www.lasexta.com/noticias/sociedad/policia-nueva-york-pide-ayuda-detener-hombre-que-mato-ceo-principal-aseguradora-estados-unidos_2024120567516f5f1258380001f4cdec.html,lasextanoticias,2024-12-05T09:16:15+00:00
657,Roberto Fernández Ferreira,Vuelve a ver la entrevista a Esther Cañadas tras descubrir que era Rinoceronte en Mask Singer,La modelo charló con Arturo Valls sobre cómo fue su experiencia en el programa de principio a fin.,https://www.antena3.com/programas/mask-singer/vuelve-ver-entrevista-esther-canadas-descubrir-que-era-rinoceronte-mask-singer_2024120567516ba27337f20001b55a42.html,antena3,2024-12-05T09:00:18+00:00
658,efe | lasextacom,"Mueren una mujer y su hija de 15 años en un incendio en Villaverde (Sevilla): el padre, herido grave","[[IntroductionHighlight:Qué sabemos]] Las dos víctimas mortales del incendio declarado en una vivienda son madre e hija. El padre está herido grave, mientras que otro hijo ha resultado ileso.",https://www.lasexta.com/noticias/sociedad/mueren-mujer-hija-15-anos-incendio-villaverde-sevilla-padre-herido-grave_2024120567516acb85d24c0001d0561e.html,lasextanoticias,2024-12-05T08:56:43+00:00
659,lasextacom,Las maniobras imposibles de Barnier que le llevaron hasta la puerta de salida,"[[IntroductionHighlight:Equilibrios imposibles]] El primer ministro francés ha intentado estos tres meses negociar con derecha e izquierda, pero la Asamblea Nacional está fuertemente fragmentada e irreconciliable. ",https://www.lasexta.com/noticias/internacional/maniobras-imposibles-barnier-que-llevaron-puerta-salida_20241205675166f31258380001f4c633.html,lasextanoticias,2024-12-05T08:40:19+00:00
660,lasexta-deportes,"Red Bull compara a Max Verstappen con una de las mayores leyendas de la F1: ""Me recuerda a...""","Helmut Marko, asesor de la escudería Red Bull, dice que Max le recuerda a Ayrton Senna, una de las grandes leyendas de la Fórmula 1.",https://www.lasexta.com/noticias/deportes/motor/formula1/red-bull-compara-max-verstappen-mayores-leyendas-recuerda_20241205675162627337f20001b55318.html,lasextanoticias,2024-12-05T08:20:50+00:00
661,lasextacom,"Ayuso desdeña la llegada de Óscar López a la política madrileña: ""No va a ser candidato ni de broma""","[[IntroductionHighlight:El dardo]] La presidenta madrileña sostiene que López, candidato a liderar el PSOE de Madrid, ""sabe que no es ni candidato"" de cara a las siguientes elecciones autonómicas: ""Está ahí a hacerle al jefe el trabajo sucio"".",https://www.lasexta.com/noticias/nacional/ayuso-desdena-llegada-oscar-lopez-politica-madrilena-ser-candidato-broma_2024120567515d137337f20001b54f02.html,lasextanoticias,2024-12-05T07:58:11+00:00
662,efe | lasextacom,La Policía surcoreana abre una investigación contra Yoon Suk-yeol por posible traición,[[IntroductionHighlight:¿Por qué?]] Se ha abierto una investigación contra el presidente surcoreano y otras tres personas por las denuncias presentadas en su contra tras haber cometido supuestamente traición al declarar el martes la ley marcial.,https://www.lasexta.com/noticias/internacional/policia-surcoreana-abre-investigacion-yoon-sukyeol-posible-traicion_20241205675159041258380001f4baca.html,lasextanoticias,2024-12-05T07:40:52+00:00
663,lasexta-deportes,"El mensaje de Mbappé tras un nuevo penalti fallado: ""Es el momento de demostrar quién soy""",El delantero francés del Real Madrid se pronunció en redes sociales después de otro mal partido: el Real Madrid salió derrotado en Bilbao.,https://www.lasexta.com/noticias/deportes/futbol/mensaje-mbappe-nuevo-penalti-fallado-momento-demostrar-quien-soy_20241205675151647337f20001b546c5.html,lasextanoticias,2024-12-05T07:08:19+00:00
664,Roberto Fernández Ferreira,"Cobra, Mosca y Tiburón se disputarán la máscara de oro en la Gran Final de Mask Singer",La Gran Final de Mask Singer está a la vuelta de la esquina y ya tan solo quedan tres máscaras que se la jugarán por hacerse con el premio.,https://www.antena3.com/programas/mask-singer/cobra-mosca-tiburon-disputaran-mascara-oro-gran-final_202412056750ec7d7337f20001b51460.html,antena3,2024-12-04T23:57:49+00:00
665,Roberto Fernández Ferreira,Punto para Ana Milán: Esther Cañadas era Rinoceronte,La investigadora ha conseguido acertar la verdadera identidad de Rinoceronte desvelando así una de las sorpresas de la temporada.,https://www.antena3.com/programas/mask-singer/esther-canadas-rinoceronte_202412056750ec387337f20001b5142d.html,antena3,2024-12-04T23:56:40+00:00
666,Eire García Arbaizar,“Es un showman”: Álvaro Soler se queda perplejo ante su actuación con Tiburón,El cantante tiene claro quién es el enmascarado y ha arrojado luz sobre los investigadores.,https://www.antena3.com/programas/mask-singer/showman-alvaro-soler-queda-perplejo-actuacion-tiburon_202412056750e8ce85d24c0001d00705.html,antena3,2024-12-04T23:42:06+00:00
667,Eire García Arbaizar,¡Prendiendo fuego! Tiburón y Álvaro Soler se unen al ritmo de ‘Oxígeno’,El temido animal y el cantante catalán han dejado sin aliento con una de las últimas canciones del artista.,https://www.antena3.com/programas/mask-singer/prendiendo-fuego-tiburon-alvaro-soler-unen-ritmo-oxigeno_202412056750e74b85d24c0001d0062f.html,antena3,2024-12-04T23:35:39+00:00
668,Eire García Arbaizar,Canicas y tamales: estas son las nuevas pistas de Tiburón,El temido animal nos ha echado una mano para descubrir su identidad.,https://www.antena3.com/programas/mask-singer/canicas-tamales-nuevas-pistas-tiburon_202412056750e6c27337f20001b51165.html,antena3,2024-12-04T23:33:22+00:00
669,Patri Bea,¿Abraham Mateo o Marc Márquez? La relación de Mosca con Bustamante despista a los investigadores,Javier Ambrossi ha lanzado una nueva teoría sobre esta máscara mientras Ana Milán sigue apostando por el piloto de MotoGP.,https://www.antena3.com/programas/mask-singer/abraham-mateo-marc-marquez-relacion-mosca-bustamante-despista-investigadores_202412056750e2551258380001f476fb.html,antena3,2024-12-04T23:14:29+00:00
670,Patri Bea,¡Magia sobre el escenario! Mosca y Bustamante sacan su lado más romántico con ‘Dos hombres y un destino’,El cantante ha acompañado a una de las máscaras más misteriosas de la edición con uno de sus temas más románticos e inolvidables.,https://www.antena3.com/programas/mask-singer/magia-escenario-mosca-bustamante-sacan-lado-mas-romantico-dos-hombres-destino_202412056750e0c61258380001f4760e.html,antena3,2024-12-04T23:07:50+00:00
671,Patri Bea,¿Ha ganado alguna competición? Las nuevas pistas de Mosca refuerzan algunas teorías de los investigadores,Una de las máscaras más cañeras de esta edición nos ha dado nuevos datos que podrían acercarnos a su verdadera identidad.,https://www.antena3.com/programas/mask-singer/ganado-alguna-competicion-nuevas-pistas-mosca-refuerzan-algunas-teorias-investigadores_202412056750e04c1258380001f475c1.html,antena3,2024-12-04T23:05:48+00:00
672,Patri Bea,Chenoa o Lola Índigo: la posible identidad de Cobra divide a los investigadores en dos bandos,"Los Javis creen que debajo de esta máscara se encuentra Mimi Doblas, mientras que Alaska y Ana Milán apuestan por la participante de la primera edición de Operación Triunfo. ",https://www.antena3.com/programas/mask-singer/chenoa-lola-indigo-posible-identidad-cobra-divide-investigadores-dos-bandos_202412056750df4e1258380001f474fc.html,antena3,2024-12-04T23:01:34+00:00
673,"Rocío, Arjonilla | carlos-alvarez",La UNESCO reconoce la cultura sidrera como Patrimonio Inmaterial de la Humanidad,"Esta medida protege el escanciado, las pumaradas, el chigre, los llagares y su singular forma de beberla. Desde el Principado de Asturias llevaban años reclamándola. ",https://www.lasexta.com/noticias/sociedad/unesco-reconoce-cultura-sidrera-como-patrimonio-inmaterial-humanidad_202412046750dbe885d24c0001cfff1d.html,lasextanoticias,2024-12-04T22:47:04+00:00
674,Patri Bea,¡Dos vozarrones sobre el escenario! Cobra y Ruth Lorenzo se meten al público en el bolsillo con ‘Good girls don’t lie’,La máscara más hipnótica de la edición nos ha regalado un dueto brillante junto a una de las mejores voces de nuestro país. ,https://www.antena3.com/programas/mask-singer/dos-vozarrones-escenario-cobra-ruth-lorenzo-meten-publico-bolsillo-good-girls-dont-lie_202412046750da4185d24c0001cffd91.html,antena3,2024-12-04T22:40:01+00:00
675,Eire García Arbaizar,“Vais a besar el escenario por el que repto”: Cobra reaparece con nuevas pistas,La reptil con más ritmo de la temporada ha descolocado a los investigadores con sus nuevas pistas. ,https://www.antena3.com/programas/mask-singer/vais-besar-escenario-que-repto-cobra-reaparece-nuevas-pistas_202412046750d9c57337f20001b509e3.html,antena3,2024-12-04T22:37:57+00:00
676,Eire García Arbaizar,"“Cuando tú vas, yo vuelvo”: Ana Milán confía en la pista de Rinoceronte y mantiene su apuesta",La máscara más cañera ha dejado sin palabras una vez más a nuestros jurados.  ,https://www.antena3.com/programas/mask-singer/cuando-vas-vuelvo-ana-milan-confia-pista-rinoceronte-mantiene-apuesta_202412046750d90485d24c0001cffc76.html,antena3,2024-12-04T22:34:44+00:00
677,Eire García Arbaizar,¡Dúo espectacular! Chenoa se une a Rinoceronte para cantar ‘Bailar contigo’,La cantante argentina y el animal de la sabana han dejado al público sin palabras.  ,https://www.antena3.com/programas/mask-singer/duo-espectacular-chenoa-une-rinoceronte-cantar-bailar-contigo_202412046750d6fb1258380001f46ed2.html,antena3,2024-12-04T22:26:03+00:00
678,Eire García Arbaizar,“Lo que más me mola es sentir la adrenalina de una carrera de coches”: estas son las nuevas pistas de Rinoceronte,El salvaje animal ha vuelto con pistas frescas para los investigadores. ,https://www.antena3.com/programas/mask-singer/sentir-adrenalina-carrera-coches-nuevas-pistas-rinoceronte_202412046750d66085d24c0001cffa58.html,antena3,2024-12-04T22:23:28+00:00
679,lasextacom | agencias,A prisión por blanqueo tres de los seis últimos detenidos relacionados con la trama del jefe de la UDEF en Madrid,"[[IntroductionHighlight:¿Por qué es importante?]] Los últimos seis arrestos han sido realizados en Barcelona, Madrid y Murcia, sumándose a otros 15 realizados cuando fueron detenidos el jefe de la UDEF Óscar Sánchez y su mujer, que también es agente de la Policía Nacional.",https://www.lasexta.com/noticias/sociedad/prision-blanqueo-tres-seis-ultimos-detenidos-relacionados-trama-jefe-udef-madrid_202412046750cf3e7337f20001b501ce.html,lasextanoticias,2024-12-04T21:53:02+00:00
680,"Raquel, Berenguer","Asesinado el CEO de United Healthcare, la principal aseguradora de Estados Unidos","El homicidio se ha producido a las puertas del hotel Hilton de Manhattan, en el corazón de Nueva York. Las autoridades afirman que ha sido premeditado y planeado por un profesional. Reclaman colaboración ciudadana para detenerlo. ",https://www.lasexta.com/noticias/internacional/asesinado-ceo-united-healthcare-principal-aseguradora-estados-unidos_202412046750ce7e7337f20001b50137.html,lasextanoticias,2024-12-04T21:49:50+00:00
681,lasextacom,"Un grupo de Vigo pega palizas a niños en plena calle: ""Le golpearon por todos lados, le hicieron seis puntos y pensaba que lo iban a matar""","[[IntroductionHighlight:¿Por qué es importante?]] Los padres denuncian que son varios los niños afectados, pero en los últimos meses los agresores se han ensañado con una de sus víctimas de tan solo 14 años, por plantarles cara.",https://www.lasexta.com/noticias/sociedad/grupo-vigo-pega-palizas-ninos-plena-calle-golpearon-todos-lados-hicieron-seis-puntos-pensaba-que-iban-matar_202412046750ca667337f20001b4fe31.html,lasextanoticias,2024-12-04T21:32:21+00:00
682,borja-g-collado,La incertidumbre y el bloqueo político vuelven a Francia tras tres meses de cierta estabilidad: ¿cómo hemos llegado hasta aquí?,[[IntroductionHighlight:El contexto]] Este miércoles la izquierda y la ultraderecha han tumbado al Ejecutivo tras votar a favor de la moción de censura contra el primer ministro Michael Barnier.,https://www.lasexta.com/noticias/internacional/incertidumbre-bloqueo-politico-vuelven-francia-tres-meses-cierta-estabilidad-como-hemos-llegado-aqui_202412046750c7f71258380001f461a3.html,lasextanoticias,2024-12-04T21:21:59+00:00
683,lasextacom,"La Policía italiana desmantela un grupo neonazi y supremacista cuyo plan era ""instaurar un nuevo régimen de raza aria""","[[IntroductionHighlight:El contexto]] El Tribunal de Bolonia (norte) ha emitido las medidas cautelares de prisión por los delitos de asociación con fines terroristas, propaganda e incitación a cometer actos de discriminación racial, étnica y religiosa y tenencia ilícita de armas de fuego.",https://www.lasexta.com/noticias/internacional/policia-italiana-desmantela-grupo-neonazi-supremacista-cuyo-plan-era-instaurar-nuevo-regimen-raza-aria_202412046750c48185d24c0001cfea37.html,lasextanoticias,2024-12-04T21:07:13+00:00
684,lasextacom,"Cárcel, suicido y hasta asesinatos: el historial de dimisiones que marca la política surcoreana desde hace décadas","[[IntroductionHighlight:¿Por qué es importante?]] La inmensa mayoría de sus líderes han estado envueltos en escándalos relacionados con corrupción, directa o indirectamente. Toda una serie de casos de la 'maldición' de los presidentes surcoreanos.",https://www.lasexta.com/noticias/internacional/carcel-suicido-asesinatos-historial-dimisiones-que-marca-politica-surcoreana-hace-decadas_202412046750c08985d24c0001cfe689.html,lasextanoticias,2024-12-04T20:50:17+00:00
685,Alberto Mendo,La ‘venganza’ de Rosa contra Manu en El Rosco: sprint final… ¡y a dos letras del bote!,La concursante coruñesa se ha rozado el premio de 946.000 euros tras protagonizar una trepidante remontada… gracias a la estrategia de su rival.,https://www.antena3.com/programas/pasapalabra/rosco/venganza-rosa-manu-sprint-final-dos-letras-bote_202412046750b5ec7337f20001b4ec52.html,antena3,2024-12-04T20:05:00+00:00
686,"thais-munoz | alfonso-perez-medina | Juan, V. Rivero",Aldama vuelve a la carga con una ristra de acusaciones y ni una sola prueba que lo sustente,"[[IntroductionHighlight:¿Por qué es importante?]] Dos semanas después de su declaración, Víctor de Aldama vuelve a ahondar en algunas acusaciones que ya hizo ante el juez para justificar el supuesto pago de comisiones del que hablaba. De Aldama ha presentado un listado de obras que aparece en los Presupuestos Generales de 2021. ",https://www.lasexta.com/noticias/nacional/aldama-vuelve-carga-ristra-acusaciones-sola-prueba-que-sustente_202412046750b5b985d24c0001cfdb5b.html,lasextanoticias,2024-12-04T20:04:09+00:00
687,lasextacom,"Feijóo asegura que no se someterá a ""chantajes"" después de que Vox ponga en jaque el poder autonómico del PP","[[IntroductionHighlight:¿Por qué es importante?]] 12 millones de españoles viven en las seis regiones cuyos presupuestos acaba de poner Vox en serio peligro, donde 75.000 millones de euros estén en juego. ",https://www.lasexta.com/noticias/nacional/feijoo-asegura-que-sometera-chantajes-despues-que-vox-ponga-jaque-poder-autonomico_202412046750b4b285d24c0001cfda52.html,lasextanoticias,2024-12-04T19:59:46+00:00
688,Alberto Mendo,La broma de Rosa a Roberto Leal tras llegar a El Rosco con récord de segundos: “La costumbre…”,"La concursante ha conseguido su mejor marca de tiempo acumulado durante las pruebas, lo que le ha permitido comenzar a jugar antes que Manu.",https://www.antena3.com/programas/pasapalabra/mejores-momentos/broma-rosa-roberto-leal-llegar-rosco-record-segundos-costumbre_202412046750b3a485d24c0001cfd962.html,antena3,2024-12-04T19:55:16+00:00
689,Alberto Mendo,Manu borda su nuevo poema de despedida y los invitados se rinden a su ingenio: “¡Impresionante!”,"El concursante ha dedicado a Miguel Lago, Antonia San Juan, María Morales y el mago Yunke sus clásicos versos jugando con sus nombres y apellidos.",https://www.antena3.com/programas/pasapalabra/mejores-momentos/manu-borda-nuevo-poema-despedida-invitados-rinden-ingenio-impresionante_202412046750b27785d24c0001cfd87e.html,antena3,2024-12-04T19:50:15+00:00
690,"Noelia, Chaves | lluis-vila",Barcelona contará con cinco nuevos juzgados para combatir la delincuencia multirreincidente,"Lo ha anunciado el ministro de Justicia, Félix Bolaños, tras una reunión con la Generalitat y el Ayuntamiento. Se pretende desatascar el colapso de la justicia y acabar con la percepción de impunidad de los delincuentes.",https://www.lasexta.com/noticias/sociedad/barcelona-contara-cinco-nuevos-juzgados-combatir-delincuencia-multirreincidente_202412046750affd7337f20001b4e7be.html,lasextanoticias,2024-12-04T19:39:41+00:00
691,Alberto Mendo,El generoso gesto de Miguel Lago con María Morales: ¿le regala la victoria en la Pista?,El cómico ha asegurado que se sabía la canción pero que ha pactado con Rosa cederle este triunfo a la actriz.,https://www.antena3.com/programas/pasapalabra/mejores-momentos/generoso-gesto-miguel-lago-maria-morales-regala-victoria-pista_202412046750aef285d24c0001cfd4f1.html,antena3,2024-12-04T19:35:14+00:00
692,lasexta-deportes,La opinión de Carlos Alcaraz sobre la dupla Djokovic - Murray,El murciano ha hablado sobre el fichaje del extenista como nuevo entrenador del serbio a partir de la próxima temporada. ,https://www.lasexta.com/noticias/deportes/tenis/opinion-carlos-alcaraz-dupla-djokovic-murray_202412046750aed585d24c0001cfd4cc.html,lasextanoticias,2024-12-04T19:34:45+00:00
693,lasextacom,La izquierda y Le Pen tumban el Gobierno más efímero de Francia en una moción de censura histórica,[[IntroductionHighlight:Francia vuelve a la incertidumbre]] Emmanuel Macron no escuchó a las urnas y la extrema derecha de Marine Le Pen y la izquierda han unido fuerzas para tumbar al Ejecutivo tres meses después de ser investido primer ministro Michael Barnier. ,https://www.lasexta.com/noticias/internacional/izquierda-pen-tumban-gobierno-mas-efimero-francia-mocion-censura-historica_202412046750ad5485d24c0001cfd339.html,lasextanoticias,2024-12-04T19:28:20+00:00
694,Alberto Mendo,La arriesgada apuesta de Manu con Roberto Leal: ¡podría perder todo su dinero en Pasapalabra!,El presentador ha puesto a prueba a Manu con un reto muy comprometido: están en juego los 80.400 euros acumulados en sus 142 programas.,https://www.antena3.com/programas/pasapalabra/mejores-momentos/arriesgada-apuesta-manu-roberto-leal-podria-perder-todo-dinero_202412046750ab6e1258380001f446d8.html,antena3,2024-12-04T19:20:14+00:00
695,Sara Sanz,"Víctor Elías recuerda su boda con Ana Guerra: ""Era un poco hipócrita por mi parte que hubiera barra libre""","El actor se daba el ""sí quiero"" con Ana Guerra hace un mes. Ninguno se esperaba que se casarían cuando se conocieron, pero se han convertido en el amor de la vida del otro.",https://www.antena3.com/programas/y-ahora-sonsoles/victor-elias-recuerda-boda-ana-guerra-era-poco-hipocrita-parte-que-hubiera-barra-libre_202412046750a73c7337f20001b4e099.html,antena3,2024-12-04T19:02:20+00:00
696,Sara Sanz,"Víctor Elías confiesa cómo se volvió adicto a las drogas: ""Un compañero me dijo ""por una vez que lo hagas no pasa nada""""","A sus 12 años, se catapultó a la fama, pero todo se oscureció hasta sumirle en un pozo oscuro de adicciones. Siguiendo la estela de una familia desestructurada y una madre alcohólica, Víctor cayó en las drogas hasta que fue la música la que le salvó de caer en las profundidades.  ",https://www.antena3.com/programas/y-ahora-sonsoles/victor-elias-confiesa-como-volvio-adicto-drogas-companero-dijo-vez-que-hagas-pasa-nada_202412046750a3ad85d24c0001cfcb5f.html,antena3,2024-12-04T18:47:09+00:00
697,lasexta-deportes,Un exjefe de Fernando Alonso analiza su 'regañina' a Aston Martin por radio,Giancarlo Minardi ha hablado sobre el toque de atención que le dio el bicampeón del mundo de Fórmula 1 a su equipo por la falta de velocidad punta en rectas.,https://www.lasexta.com/noticias/deportes/motor/formula1/exjefe-fernando-alonso-analiza-reganina-aston-martin-radio_202412046750a0ff85d24c0001cfc90e.html,lasextanoticias,2024-12-04T18:35:43+00:00
698,Sara Sanz,La reacción de Eva González a las fotografías de Iker Casillas con María José Suárez,La presentadora es gran amiga de María José y expareja de Iker. ¿Qué opina sobre los rumores de su posible relación?,https://www.antena3.com/programas/y-ahora-sonsoles/reaccion-eva-gonzalez-fotografias-iker-casillas-maria-jose-suarez_202412046750a02b1258380001f43d04.html,antena3,2024-12-04T18:32:11+00:00
699,Sara Sanz,"María José Suárez aclara los rumores de su relación con Iker Casillas: ""Nos veréis muchas más veces juntos""","Ambos han salido juntos en l aportada de la revista Semana y, aunque aseguran que son amigos desde hace 20 años, les vemos con mucha complicidad. ¿Qué tiene que decir la modelo al respecto?",https://www.antena3.com/programas/y-ahora-sonsoles/maria-jose-suarez-aclara-rumores-relacion-iker-casillas-nos-vereis-muchas-mas-veces-juntos_2024120467509d5c1258380001f43a8f.html,antena3,2024-12-04T18:20:12+00:00
700,Sara Sanz,"""La que empezó a insultar fue Yolanda"": la versión del camarero sobre la pelea del restaurante",Yolanda visitaba hace días el programa para denunciar que la habían condenado a dos años de cárcel por una pelea que no empezó. En Y ahora Sonsoles hablamos con alguien que lo vivió todo desde dentro: el camarero.,https://www.antena3.com/programas/y-ahora-sonsoles/que-empezo-insultar-fue-yolanda-version-camarero-pelea-restaurante_20241204675097e51258380001f43588.html,antena3,2024-12-04T17:56:53+00:00
701,Sara Sanz,"El padre biológico de los gemelos de Linares: ""'El Pakillo' me decía que me quería matar""","El asesinato de un bebé de 2 años a manos de su padrastro en Linares tiene a todo el pueblo conmocionado, en especial a su familia. En Y ahora Sonsoles hablamos con el padre biológico, que estaba amenazado por el detenido, pero nunca imaginó que llegaría tan lejos.",https://www.antena3.com/programas/y-ahora-sonsoles/padre-biologico-gemelos-linares-pakillo-decia-que-queria-matar_202412046750948b85d24c0001cfbe5d.html,antena3,2024-12-04T17:42:35+00:00
702,lasexta-deportes,El vacile de Marc Márquez a Jorge Martín en la fiesta de Ducati,Ambos coincidieron en el evento 'Campioni in Festa' y el ilerdense no dudó en poner nervioso al campeón y futuro piloto de Aprilia. ,https://www.lasexta.com/noticias/deportes/motor/vacile-marc-marquez-jorge-martin-fiesta-ducati_20241204675094781258380001f432d3.html,lasextanoticias,2024-12-04T17:42:16+00:00
703,"José, Soto","'Emilia Pérez', la película que ha encumbrado a la actriz española Karla Sofía Gascón y que representará a Francia en los Óscar",Es un largometraje musical que narra la historia de una narcotraficante transexual mexicana. Está completamente cantada y hablada en castellano. Gascón ya ha sido nombrada mejor actriz en Cannes.,https://www.lasexta.com/noticias/cultura/emilia-perez-pelicula-que-encumbrado-actriz-espanola-karla-sofia-gascon-que-representara-francia-oscar_20241204675094761258380001f432c7.html,lasextanoticias,2024-12-04T17:42:14+00:00
704,lasextacom | agencias,"La Policía golpea, deja inconsciente y detiene al líder del partido opositor en Georgia","[[IntroductionHighlight:El contexto]] Este incidente ocurre en medio de una creciente ola de protestas contra el gobierno prorruso, que ha sido acusado de desviar al país de su camino hacia la integración europea tras unas elecciones legislativas que muchos consideran fraudulentas.",https://www.lasexta.com/noticias/internacional/policia-golpea-deja-inconsciente-detiene-lider-partido-opositor-georgia_202412046750904285d24c0001cfba8d.html,lasextanoticias,2024-12-04T17:24:18+00:00
705,Sara Sanz,"Un millón de euros de multa por aparcar mal: ""Es imposible, aparco ahí todos los días""","Teresa dejó su coche mal aparcado y, cuando vio que la habían multado, se quedó pálida al ver la cantidad: 905.213,05 euros. ",https://www.antena3.com/programas/y-ahora-sonsoles/millon-euros-multa-aparcar-mal-imposible-aparco-ahi-todos-dias_2024120467508aa61258380001f42ae5.html,antena3,2024-12-04T17:00:22+00:00
706,"alfonso-perez-medina | Alejandro, López de Asiaín","Aldama afirma que facilitó al ministro Torres un piso en calle Atocha ""para encuentros de diversa naturaleza""","Declaraciones escritas de Aldama El empresario ha asegurado que habría realizado gestiones para facilitar ""los inmuebles para encuentros de diversa naturaleza en los que participaba junto a otras personas el sr. Torres"".",https://www.lasexta.com/noticias/nacional/aldama-afirma-que-facilito-ministro-torres-piso-calle-atocha-encuentros-diversa-naturaleza_20241204675086e57337f20001b4c7d5.html,lasextanoticias,2024-12-04T16:44:21+00:00
707,lasextacom,Así ha sido el caso Juana Rivas: más de ocho años tratando de librar a sus hijos de su padre,"[[IntroductionHighlight:¿Qué pasó?]] Juana Rivas trajo a España a sus hijos en 2016 y denunció a Francesco Arcuri, el padre, por violencia machista. Él también denunció por sustracción de menores. La justicia le obligó a entregar a los niños, y fue condenada.",https://www.lasexta.com/noticias/sociedad/asi-sido-caso-juana-rivas-mas-ocho-anos-tratando-librar-sus-hijos-padre_202412046750857585d24c0001cfb042.html,lasextanoticias,2024-12-04T16:38:13+00:00
708,lasexta-deportes,"Carlos Sainz recuerda su ""enfado"" al enterarse del fichaje de Hamilton por Ferrari","El '55', que afronta su última carrera de rojo este fin de semana, ha hablado sobre la decisión que tomó la escudería de prescindir de él para fichar al heptacampeón. ",https://www.lasexta.com/noticias/deportes/motor/formula1/carlos-sainz-recuerda-enfado-enterarse-fichaje-hamilton-ferrari_20241204675083f87337f20001b4c4f6.html,lasextanoticias,2024-12-04T16:31:52+00:00
709,Sara Sanz,"Malu Salgado rompe con la etiqueta de 'hija de': ""Soy hija de mi padre, pero quiero abrirme paso en la música por mí""","Malu Salgado es hija del exfutbolista madridista Míchel Salgado y nieta de Lorenzo Sanz, expresidente del Real Madrid. Sin embargo, antes que todo eso es artista.",https://www.antena3.com/programas/y-ahora-sonsoles/malu-salgado-rompe-etiqueta-hija-soy-hija-padre-pero-quiero-abrirme-paso-musica_20241204675083951258380001f423cc.html,antena3,2024-12-04T16:30:13+00:00
710,Sara Sanz,"Un hombre pasa 5 años en la cárcel por la denuncia falsa de su hija: ""Me inventé que me manoseó""",Su hija lo acusó de haber abusado sexualmente de ella cuando era una niña y ahora pide que lo liberen tras admitir que la denuncia era falsa. ,https://www.antena3.com/programas/y-ahora-sonsoles/hombre-pasa-5-anos-carcel-denuncia-falsa-hija-invente-que-manoseo_20241204675081b87337f20001b4c2bf.html,antena3,2024-12-04T16:22:16+00:00
711,lasextacom,"Spotify Wrapped 2024 muestra el top 10 de artistas más escuchados en España, con solo una mujer entre ellos","A pesar del dominio de artistas masculinos, Karol G se destaca como la única mujer en el ranking, mientras que Saiko lidera entre los artistas nacionales y el reggaetón y trap siguen siendo los géneros más escuchados del año.",https://www.lasexta.com/noticias/cultura/spotify-wrapped-2024-muestra-top-10-artistas-mas-escuchados-espana-solo-mujer-ellos_202412046750804c85d24c0001cfab03.html,lasextanoticias,2024-12-04T16:16:12+00:00
712,Sara Sanz,"Noemí y Luis dan a luz al bebé más pequeño de España: ""Era de la medida de un lápiz""","Tuvieron a su hijo cuatro meses antes de lo previsto y les cabía en la palma de una mano. Más de cinco meses después, pueden presentarlo a la familia con la garantía de que es un bebé sano.",https://www.antena3.com/programas/y-ahora-sonsoles/noemi-luis-dan-luz-bebe-mas-pequeno-espana-era-medida-lapiz_2024120467507eb285d24c0001cfa95f.html,antena3,2024-12-04T16:09:22+00:00
713,alfonso-perez-medina,Aldama apunta al hijo de Ábalos: contactó con él para la transmisión del piso en la Castellana para Ábalos,"[[IntroductionHighlight:El contexto]] Tras la declaración en la Audiencia Nacional que le valió su salida de prisión, Aldama ha cumplido su promesa y ha presentado pruebas sobre sus acusaciones.",https://www.lasexta.com/noticias/nacional/aldama-apunta-hijo-abalos-contacto-transmision-piso-castellana-abalos_2024120467507ddb1258380001f41e28.html,lasextanoticias,2024-12-04T16:05:47+00:00
714,Julia Zapata,"Avance del próximo capítulo de Sueños de libertad: Joaquín, cada vez más cerca de Miriam en medio de su crisis con Gema",Joaquín le pide a Miriam que le acompañe a una reunión de trabajo y ella aceptará encantada.,https://www.antena3.com/series/suenos-de-libertad/avances/proximo-capitulo-joaquin-cada-vez-mas-cerca-miriam-medio-crisis-gema_202412046750561185d24c0001cf7aac.html,antena3,2024-12-04T16:03:26+00:00
715,Julia Zapata,Capítulo 198 de Sueños de libertad; 4 de diciembre: María se gana la confianza de Julia para darle a Begoña donde más le duele,La joven se acerca a la pequeña para hacer daño a Begoña que sigue sufriendo por el distanciamiento con su hija. ,https://www.antena3.com/series/suenos-de-libertad/capitulo-198-4-diciembre-maria-gana-confianza-julia-darle-begona-donde-mas-duele_20241204675066397337f20001b4ac58.html,antena3,2024-12-04T16:00:14+00:00
716,Julia Zapata,"Andrés le da una gran noticia a Marta, ¡uno de los mejores abogados de Toledo está dispuesto a defender a Fina!",Marta está desesperada al ver que Fina sigue en la cárcel y que no puede hacer nada por liberarla.,https://www.antena3.com/series/suenos-de-libertad/andres-gran-noticia-marta-uno-mejores-abogados-toledo-esta-dispuesto-defender-fina_2024120467507a367337f20001b4bc7f.html,antena3,2024-12-04T15:50:14+00:00
717,Julia Zapata,"Gema, decepcionada con Joaquín ante su negativa de tener un hijo con ella: “No me veo cuidando de una familia”","Gema quiere tener un hijo, pero Joaquín rechaza la idea y provoca que ella vuelva a sospechar que a su marido le pasa algo.",https://www.antena3.com/series/suenos-de-libertad/gema-decepcionada-joaquin-negativa-tener-hijo-ella-veo-cuidando-familia_2024120467504a577337f20001b484a0.html,antena3,2024-12-04T15:40:14+00:00
718,lasexta-deportes,"Bagnaia, sobre el número 1 en Ducati: ¿Marc Márquez o él?",El piloto italiano ha reflexionado sobre el papel que tendrán cada uno en el inicio de la temporada y conforme esta avance. ,https://www.lasexta.com/noticias/deportes/motor/bagnaia-numero-1-ducati-marc-marquez_20241204675077081258380001f417e9.html,lasextanoticias,2024-12-04T15:36:40+00:00
719,lasextacom,Spotify Wrapped 2024 ya está disponible en España: así puedes ver tu música más escuchada del año,"Además de las tradicionales estadísticas de tus artistas y canciones más escuchadas, Spotify Wrapped 2024 introduce novedades como la exploración de fases musicales, playlists personalizadas con tus temas favoritos y videos musicales, para ofrecerte un resumen más interactivo y completo de tu año musical.",https://www.lasexta.com/noticias/cultura/spotify-wrapped-2024-esta-disponible-espana-asi-puedes-ver-musica-mas-escuchada-ano_20241204675076c085d24c0001cfa210.html,lasextanoticias,2024-12-04T15:35:28+00:00
720,Julia Zapata,Digna pierde el control al descubrir que Jesús utilizó a Julia para hacer daño a Begoña,La pequeña de la familia sigue muy afectada tras descubrir a Begoña y a Andrés besándose.,https://www.antena3.com/series/suenos-de-libertad/digna-pierde-control-descubrir-que-jesus-utilizo-julia-hacer-dano-begona_202412046750758885d24c0001cfa0b4.html,antena3,2024-12-04T15:30:16+00:00
721,Julia Zapata,Patricia Lambert rompe su contrato con los De la Reina tras no llegar a un acuerdo con Jesús,La empresaria ha vuelto a Toledo y tiene claro que no va a ceder al chantaje de Jesús. Ahora es ella la que pone las reglas.,https://www.antena3.com/series/suenos-de-libertad/patricia-lambert-rompe-contrato-reina-llegar-acuerdo-jesus_202412046750732e1258380001f414b5.html,antena3,2024-12-04T15:20:14+00:00
722,"Paula, Valdés","Jazmín acusó a su padre de abuso sexual y ahora quiere que salga de la cárcel ""Fue una denuncia falsa""","Jazmín puso una denuncia a su padre hace cinco años por abusos sexuales. Julio fue condenado a quince años de prisión, pero un mes después su hija admitió que la denuncia era falsa y lleva desde entonces luchando por sacarle de la cárcel.",https://www.antena3.com/programas/espejo-publico/noticias/jazmin-acuso-padre-abuso-sexual-ahora-quiere-que-salga-carcel-fue-denuncia-falsa_202412046750731c85d24c0001cf9ea4.html,antena3,2024-12-04T15:19:56+00:00
723,lasextacom,"Guerra Ucrania - Rusia | La OTAN acusa a Putin de utilizar Ucrania como ""campo de pruebas de misiles experimentales""","El secretario general de la OTAN, Mark Rutte, considera que los aliados que tienen ""el deber"" de seguir ayudando a Kyiv a defenderse. ""Putin está utilizando Ucrania como campo de pruebas para misiles experimentales y está desplegando soldados norcoreanos en esta frontera ilegal"", ha añadido. ",https://www.lasexta.com/noticias/internacional/guerra-ucrania-rusia-ucrania-dispara-misiles-britanicos-largo-alcance-storm-shadow-territorio-ruso_20241120673df6ef488d690001037576.html,lasextanoticias,2024-12-04T15:05:43+00:00
724,"María, Sanz",Cadena perpetua para Filippo Turetta por el femicidio de Giulia Cecchettin: un caso que marcó a Italia,"[[IntroductionHighlight:¿Qué sucedió?]] Filippo Turetta asesinó brutalmente a su exnovia Giulia Cecchettin en noviembre de 2023, apuñalándola más de 70 veces antes de abandonar su cuerpo en un barranco y huir del país. El caso conmocionó a Italia y se convirtió en un símbolo de la lucha contra la violencia de género. ",https://www.lasexta.com/noticias/internacional/cadena-perpetua-filippo-turetta-femicidio-giulia-cecchettin-caso-que-marco-italia_2024120467506a767337f20001b4b00e.html,lasextanoticias,2024-12-04T14:43:02+00:00
725,lasexta-deportes,Carlos Sainz explica por qué Ferrari no 'sacrificó' a Leclerc para fichar a Hamilton,"El piloto madrileño ha reconocido que el monegasco es el ""centro del proyecto desde hace muchos años"".",https://www.lasexta.com/noticias/deportes/motor/formula1/carlos-sainz-explica-que-ferrari-sacrifico-leclerc-fichar-hamilton_20241204675067021258380001f40962.html,lasextanoticias,2024-12-04T14:28:18+00:00
726,alfonso-perez-medina,"Aldama presenta al Supremo documentos sobre el ofrecimiento de un piso a Ábalos valorado en 1,5 millones de euros","El Supremo abrió una causa contra Ábalos tras los ""indicios fundados y serios"" que apuntó el juez de la Audiencia Nacional Ismael Moreno, quien atribuyó al exministro una ""imputación clara y concreta"" por su ""papel principal"" en el caso Koldo.",https://www.lasexta.com/noticias/nacional/aldama-presenta-supremo-documentos-ofrecimiento-piso-abalos-valorado-15-millones-euros_20241204675063ce1258380001f4061f.html,lasextanoticias,2024-12-04T14:14:38+00:00
727,agencias | lasextacom,Miles de personas exigen en Seúl la dimisión del presidente Yoon Suk-yeol tras el autogolpe,"[[IntroductionHighlight:El contexto]] La manifestación se produce un día después de que Yoon declarara la ley marcial, una medida que fue revertida horas después provocando la confusión entre la población.",https://www.lasexta.com/noticias/internacional/miles-personas-exigen-seul-dimision-presidente-yoon-sukyeol-autogolpe_20241204675061821258380001f4034f.html,lasextanoticias,2024-12-04T14:04:50+00:00
728,alfonso-perez-medina,El juez Moreno pide a la UCO que verifique las acusaciones que hizo Aldama en su declaración,"[[IntroductionHighlight:¿Qué se comprueba?]] Cuando declaró ante la Audiencia Nacional, el empresario abrió el ventilador contra miembros del Ejecutivo y el PSOE, entre ellos Santos Cerdán. También aseguró que su foto con Sánchez no fue fortuita. Ahora, el juez ordena comprobar lo que dijo.",https://www.lasexta.com/noticias/nacional/juez-moreno-pide-uco-que-verifique-acusaciones-aldama-declaracion_2024120467505eea7337f20001b4a4cd.html,lasextanoticias,2024-12-04T13:53:46+00:00
729,"Oliver, Jaén","¿Está Corea del Norte detrás del autogolpe de Corea del Sur? ""Es totalmente falso, eso no se lo cree ni el presidente""","La declaración de la ley marcial y su posterior revocación mantiene a Corea del Sur en un escenario de incertidumbre y tensión política. ¿Está Corea del Norte detrás del autogolpe del presidente Yoon Suk-yeol? Hablamos con el español que defiende al régimen liderado por Kim Jon Un, Alejandro Cao de Benós. ",https://www.antena3.com/programas/espejo-publico/noticias/esta-corea-norte-detras-autogolpe-corea-sur-totalmente-falso-eso-cree-presidente_2024120467505dd21258380001f3fe9c.html,antena3,2024-12-04T13:49:06+00:00
730,"Andrés, Pantoja","La impotencia de los padres de un menor agredido y amenazado de muerte: ""Empezaron a sacar tásers , navajas, gas pimienta...""","Un chico de apenas 14 años vive aterrorizado tras haber sufrido agresiones, robos con fuerza y amenazas. Los agresores han grabado y publicado en redes sociales alguna de esas palizas. Los padres también tienen miedo a que pueda ocurrir algo aún peor.",https://www.antena3.com/programas/espejo-publico/noticias/impotencia-padres-menor-agredido-amenazado-muerte-empezaron-sacar-tasers-navajas-gas-pimienta_202412046750584b1258380001f3f622.html,antena3,2024-12-04T13:25:31+00:00
731,lasexta-deportes,"Mensaje directo de Carlos Sainz para Red Bull: ""Me han tenido disponible seis meses y...""","El futuro piloto de Williams dice que Red Bull no le ha elegido porque ""no encaja"" en el tipo de piloto que están buscando en estos momentos. ",https://www.lasexta.com/noticias/deportes/motor/formula1/mensaje-directo-carlos-sainz-red-bull-han-tenido-disponible-seis-meses_202412046750568085d24c0001cf7b4d.html,lasextanoticias,2024-12-04T13:17:52+00:00
732,"Carla, Martínez","Nuevo episodio violento en el ""hotel del terror"" de San Blas: un joven de 27 años resulta herido por arma blanca",El cuarto incidente en menos de un mes pone la voz de alerta sobre la situación conflictiva que viven día a día los vecinos de este distrito madrileño.,https://www.antena3.com/programas/espejo-publico/noticias/nuevo-episodio-violento-hotel-terror-san-blas-joven-27-anos-resulta-herido-arma-blanca_20241204675054ef85d24c0001cf7894.html,antena3,2024-12-04T13:11:11+00:00
733,Patri Bea,Una plato que llena de energía: alubias pintas con acelgas y morcilla,Karlos Arguiñano nos ha enseñado a preparar un plato de cuchara de los que te reviven cuando más débil te encuentras en invierno y que disfrutas como un niño.,https://www.antena3.com/programas/karlos-arguinano/plato-que-llena-energia-alubias-pintas-acelgas-morcilla_202412046750413a1258380001f3d259.html,antena3,2024-12-04T13:04:52+00:00
734,alfonso-perez-medina,El Supremo rechaza citar aún a Sánchez Acera en el caso del fiscal general a la espera del análisis del móvil de Lobato,[[IntroductionHighlight:¿Cuál es su papel?]] Sánchez Acera era jefa de gabinete de Óscar López cuando el hoy ministro dirigía a su vez el del presidente Sánchez. Fue ella quien hizo llegar a Juan Lobato la confesión del novio de Isabel Díaz Ayuso.,https://www.lasexta.com/noticias/nacional/supremo-rechaza-citar-aun-sanchez-acera-caso-fiscal-general-espera-analisis-movil-lobato_20241204675052fc7337f20001b490f1.html,lasextanoticias,2024-12-04T13:02:52+00:00
735,lasexta-deportes,"La nueva estrategia de Marc Márquez en Ducati: ""Si no gano yo...""","El ocho veces campeón del mundo llega a Ducati con el objetivo de hacer equipo... y de ganar: ""Si no gano yo, gana Bagnaia"".",https://www.lasexta.com/noticias/deportes/motor/nueva-estrategia-marc-marquez-ducati-gano_2024120467504b481258380001f3e0d6.html,lasextanoticias,2024-12-04T12:30:00+00:00
736,efe | servimedia,"El PP carga contra la empresa pública de vivienda anunciada por Sánchez y la tacha de ""solución franquista""","Pedro Sánchez anunció durante el Congreso Federal del PSOE la creación de una empresa pública de vivienda, una iniciativa que Elías Bendodo tacha ahora de ""solución franquista"".",https://www.lasexta.com/noticias/nacional/carga-empresa-publica-vivienda-anunciada-sanchez-tacha-solucion-franquista_2024120467504a8d85d24c0001cf6912.html,lasextanoticias,2024-12-04T12:26:53+00:00
737,lasextacom,El nuevo renuncio de Mazón: los datos oficiales desmienten que llegara tarde por el tráfico el día de la DANA,[[IntroductionHighlight:¿Qué implica?]] Lo que hizo el president Mazón entre las 18.00 horas (cuando acabó su comida con la periodista Maribel Vilaplana) y las 19.10 horas de ese fatídico 29 de octubre en plena emergencia de la DANA aún es un misterio.,https://www.lasexta.com/noticias/nacional/nuevo-renuncio-mazon-datos-oficiales-desmienten-que-llegara-tarde-trafico-dia-dana_2024120467504a1085d24c0001cf681b.html,lasextanoticias,2024-12-04T12:24:48+00:00
738,"Laura, Simón","El hijo mayor de Juana Rivas acusa a su padre de maltratador: ""El hermano menor no está en libertad de contar estos episodios""","La abogada de Juana Rivas analiza las declaraciones del hijo mayor de la mujer en las que asegura que su su padre es un maltratador. ""Exigimos medidas para proteger al hermano de 10 años que sigue viviendo con él"".",https://www.antena3.com/programas/espejo-publico/noticias/hijo-mayor-juana-rivas-acusa-padre-maltratador-hermano-menor-esta-libertad-contar-estos-episodios_20241204675049457337f20001b482ee.html,antena3,2024-12-04T12:21:25+00:00
739,angela-vera,Vox suspende las negociaciones presupuestarias con el PP tras retomar el diálogo con el PSOE sobre migración,Las consecuencias La decisión afecta a las negociaciones presupuestarias con el Partido Popular en todas las comunidades donde dependan del apoyo de la extrema derecha.,https://www.lasexta.com/noticias/nacional/vox-suspende-negociaciones-presupuestarias-retomar-dialogo-psoe-migracion_20241204675046f67337f20001b47f7a.html,lasextanoticias,2024-12-04T12:11:34+00:00
740,lasexta-deportes,"El jefe de Aston Martin justifica el caos con los suelos: ""Hay uno que funciona mejor, pero...""","Mike Krack, jefe de Aston Martin, asume que los dos suelos que están usando en las últimas carreras no tienen nada que ver entre ellos. ",https://www.lasexta.com/noticias/deportes/motor/formula1/jefe-aston-martin-justifica-caos-suelos-hay-uno-que-funciona-mejor-pero_20241204675043b585d24c0001cf5e9c.html,lasextanoticias,2024-12-04T11:57:41+00:00
741,lasextacom | beatriz-zamorano,Preocupación por la contaminación del aire en las zonas afectadas por la DANA en Valencia,"[[IntroductionHighlight:Las consecuencias]] La ausencia de viento más unas altas temperaturas provocan que el polvo en suspensión se dispare. Los vecinos ya están notando algunos síntomas como tos, mocos, picor de ojos y dolor de garganta.",https://www.lasexta.com/noticias/sociedad/preocupacion-contaminacion-aire-zonas-afectadas-dana-valencia_2024120467503fb885d24c0001cf58ac.html,lasextanoticias,2024-12-04T11:40:40+00:00
742,"Andrés, Pantoja","Carmen Calvo defiende al PSOE de los ataques por no incluir 'Q+' al término 'LGTBI': ""El Partido Socialista no puede ser 'queer'""","La actual presidenta del Consejo de Estado, Carmen Calvo, abordaba los temas más polémicos de la actualidad política, la situación del feminismo, que ve incompatible con la existencia de la prostitución. También defendía al Partido Socialista de una de las críticas que más se están extendiendo, tras su Congreso Federal por la omisión de una parte de las siglas LGTBIQ+.",https://www.antena3.com/programas/espejo-publico/noticias/carmen-calvo-defiende-psoe-ataques-incluir-termino-lgtbi-partido-socialista-puede-ser-queer_20241204675037251258380001f3c506.html,antena3,2024-12-04T11:04:05+00:00
743,Sara Sanz,"Los falsos héroes de guerra, ¿de moda?: ""Mucha gente se hace pasar por legionario a raíz de lo de Ucrania""","Esther vino a contarnos que estaba locamente enamorada de Pedro, un supuesto militar voluntario en Ucrania e Israel. En Y ahora Sonsoles descubrió que todo era falso, pero nunca imaginó que la mentira es mucho más grande de lo que le contamos y que hay mucha gente que, como él, se hace pasar por legionario.",https://www.antena3.com/programas/y-ahora-sonsoles/falsos-heroes-guerra-moda-mucha-gente-hace-pasar-legionario-raiz-ucrania_20241204675035487337f20001b46873.html,antena3,2024-12-04T10:56:08+00:00
744,"Francisco, Cacho","El puente de diciembre empieza con tiempo primaveral: el domingo, bajan las temperaturas","El viernes las temperaturas vuelven a subir, provocando que hasta 20 capitales de provincia puedan superar los 18 grados. Una situación que cambiará de manera radical a partir del domingo.",https://www.lasexta.com/noticias/el-tiempo/puente-diciembre-empieza-tiempo-primaveral-domingo-bajan-temperaturas_20241204675032cb85d24c0001cf47a4.html,lasextanoticias,2024-12-04T10:52:09+00:00
745,Desirée Castillo,Un turno inolvidable: así ha sido el primer día de Bahar como médica residente en el hospital,"Bahar nos muestra que el camino hacia el éxito nunca es fácil, pero siempre vale la pena. Su primera experiencia ha sido única e inigualable, llena de aprendizajes, desafíos y sorpresas.",https://www.antena3.com/series/renacer/turno-inolvidable-asi-sido-primer-dia-bahar-como-medica-residente-hospital_2024120467502e3285d24c0001cf41b0.html,antena3,2024-12-04T10:25:54+00:00
746,lasexta-deportes,¿Hay preocupación en Ferrari por la situación de Lewis Hamilton? La contundente respuesta de su futuro jefe,"Fred Vasseur, jefe de Ferrari, dice que a pesar de que Lewis está sufriendo con el Mercedes ellos no están preocupados ""en absoluto"".",https://www.lasexta.com/noticias/deportes/motor/formula1/hay-preocupacion-ferrari-situacion-lewis-hamilton-contundente-respuesta-futuro-jefe_2024120467502d9985d24c0001cf40ce.html,lasextanoticias,2024-12-04T10:23:21+00:00
747,reuters,El ministro de Defensa de Corea del Sur ofrece su dimisión tras la ley marcial del presidente Yoon,"[[IntroductionHighlight:Qué está pasando]] La decisión del ministro Kim Yong-hyun llega entre crecientes presiones para que el presidente Yoon renuncie, después de que declarase la ley marcial y el parlamento la revocase. ",https://www.lasexta.com/noticias/internacional/ministro-defensa-corea-sur-ofrece-dimision-ley-marcial-presidente-yoon_20241204675028011258380001f3b0b2.html,lasextanoticias,2024-12-04T09:59:29+00:00
748,efe,España se sitúa a la cola de los países de la UE y de la OCDE en matemáticas y ciencias al inicio de la Educación Secundaria,"Según los resultados del Estudio Internacional de Tendencias en Matemáticas y Ciencias TIMMS 2023, en el que participan 59 países con alumnos de 4º Primaria y 44 países con alumnos de 2º ESO.",https://www.lasexta.com/noticias/sociedad/espana-situa-cola-paises-ocde-matematicas-ciencias-inicio-educacion-secundaria_20241204675024251258380001f3ac97.html,lasextanoticias,2024-12-04T09:47:29+00:00
749,lasexta-deportes,"Red Bull también descarta a Yuki Tsunoda: ""Le falta estabilidad""","Helmut Marko, asesor de Red Bull, tampoco piensa en el piloto japonés para ser compañero de Max Verstappen el año que viene.",https://www.lasexta.com/noticias/deportes/motor/formula1/red-bull-tambien-descarta-yuki-tsunoda-falta-estabilidad_20241204675023651258380001f3abb2.html,lasextanoticias,2024-12-04T09:39:48+00:00
750,lasextacom,"Quién es Yoon Suk-yeol, el líder de Corea del Sur detrás del terremoto político del país","La figura del presidente ha sufrido un enorme desgaste por varios escándalos desde que llegó al poder en 2022. Ahora, podría estar viviendo sus últimas horas al frente del país tras generar el caos con la ley marcial.",https://www.lasexta.com/noticias/internacional/quien-yoon-sukyeol-lider-corea-sur-detras-terremoto-politico-pais_2024120467501f8c7337f20001b44f4e.html,lasextanoticias,2024-12-04T09:33:54+00:00
751,efe,"La OCDE mejora sus previsiones de crecimiento para España al 3% este año y al 2,3% en 2025","En su informe semestral, la OCDE señala que la demanda interna será el factor que tire del carro de la economía española y eleva también sus predicciones de ese crecimiento para 2026 al 2 %. ",https://www.lasexta.com/noticias/economia/ocde-mejora-sus-previsiones-crecimiento-espana-3-este-ano-23-2025_2024120467501fc285d24c0001cf3021.html,lasextanoticias,2024-12-04T09:24:18+00:00
752,lasextacom,¿Y después de Barnier? Los posibles escenarios en Francia si prosperan las mociones de la izquierda y Le Pen,[[IntroductionHighlight:El detonante]] El primer ministro francés se ha disparado en el pie al activar un mecanismo constitucional (el artículo 49.3) para aprobar los Presupuestos de la Seguridad Social de 2025 saltándose el voto del Parlamento.,https://www.lasexta.com/noticias/internacional/despues-barnier-posibles-escenarios-francia-prosperan-mociones-izquierda-pen_2024120467501ed785d24c0001cf2ef4.html,lasextanoticias,2024-12-04T09:20:23+00:00
753,lasextacom | efe,La mitad de los inquilinos en España quedan en situación de pobreza severa tras pagar el alquiler,"Dos tercios de los inquilinos están destinando más ingresos de los recomendados: el 69,7% en Madrid y el 64,8% en Barcelona destinan más del 30% de su nómina al pago del alquiler y suministros",https://www.lasexta.com/noticias/economia/mitad-inquilinos-espana-quedan-situacion-pobreza-severa-pagar-alquiler_202412046750171f7337f20001b446e4.html,lasextanoticias,2024-12-04T08:47:27+00:00
754,efe,"El aviso de Barnier ante la inminente caída de su Gobierno: ""Nos jugamos el interés superior de Francia""","[[IntroductionHighlight:Un último intento]] El primer ministro francés aún cree posible ""un reflejo de responsabilidad"" que evite la caída de su Ejecutivo, pero todo apunta a que la censura prosperará.",https://www.lasexta.com/noticias/internacional/aviso-barnier-inminente-caida-gobierno-nos-jugamos-interes-superior-francia_20241204675015d41258380001f39d32.html,lasextanoticias,2024-12-04T08:41:56+00:00
755,lasexta-deportes,"La reflexión de Jorge Martín sobre el momento en el que Ducati eligió a Márquez: ""Me di cuenta...""","El campeón de MotoGP dice que en cuanto se dio cuenta que no salía lo de Ducati, se fue ""donde quería"", a Aprilia.",https://www.lasexta.com/noticias/deportes/motor/reflexion-jorge-martin-momento-que-ducati-eligio-marquez-cuenta_20241204675013c21258380001f39b34.html,lasextanoticias,2024-12-04T08:33:06+00:00
756,lasexta-deportes,"Carlos Sainz se lo deja claro a Ferrari: ""Yo me voy a preocupar por ganar en Abu Dabi""","Para ganar el mundial de constructores, Carlos dice que lo primero que tiene que hacer es ganar este fin de semana en Abu Dabi. ",https://www.lasexta.com/noticias/deportes/motor/formula1/carlos-sainz-deja-claro-ferrari-voy-preocupar-ganar-abu-dabi_20241204675009e11258380001f392db.html,lasextanoticias,2024-12-04T07:50:57+00:00
757,efe,"Muere una anciana de 82 años en el incendio de una vivienda en Adra, Almería","[[IntroductionHighlight:El origen del fuego]] Las llamas se iniciaron en el garaje y el humo se extendió por la vivienda. Cuando la Policía y los Bomberos llegaron, encontraron su cuerpo ya sin vida.",https://www.lasexta.com/noticias/sociedad/muere-anciana-82-anos-incendio-vivienda-adra-almeria_20241204675009721258380001f39281.html,lasextanoticias,2024-12-04T07:49:06+00:00
758,efe,Investigan el hallazgo del cuerpo sin vida de un bebé recién nacido en el río Arlanzón en Burgos,"[[IntroductionHighlight:Qué sabemos]] Unas chicas que paseaban a un perro encontraron el cadáver del niño en el cauce del río, en la zona del puente Gasset. La Policía ha abierto una investigación.",https://www.lasexta.com/noticias/sociedad/investigan-hallazgo-cuerpo-vida-bebe-recien-nacido-rio-arlanzon-burgos_20241204675003b87337f20001b4364a.html,lasextanoticias,2024-12-04T07:24:40+00:00
759,lasexta-deportes,"La reacción del jefazo de Ducati el día que Márquez pilotó por primera vez la moto: ""Una emoción...""","Gigi Dall'Igna, el gran ingeniero de Ducati, dice que sintió una ""fuerte emoción"" cuando Marc se subió a su nueva moto en los test de Montmeló.",https://www.lasexta.com/noticias/deportes/motor/reaccion-jefazo-ducati-dia-que-marquez-piloto-primera-vez-moto-emocion_202412046750016f1258380001f38b7a.html,lasextanoticias,2024-12-04T07:14:55+00:00
760,efe,La oposición de Corea del Sur presenta una moción para destituir al presidente Yoon tras su fugaz ley marcial,"[[IntroductionHighlight:¿Qué puede pasar?]] Este proceso parlamentario podría desembocar en la suspensión del ejercicio del poder del mandatario surcoreano, que gobierna en minoría.",https://www.lasexta.com/noticias/internacional/oposicion-corea-sur-presenta-mocion-destituir-presidente-yoon-fugaz-ley-marcial_20241204674ff6fa7337f20001b42e9f.html,lasextanoticias,2024-12-04T06:30:18+00:00
761,Desirée Castillo,El momento más feliz de Bahar se empaña con una tragedia inesperada: la vida de Umay corre peligro,"Por primera vez en años, Bahar ha sentido lo que significa ser libre. Montada en la moto de Evren, ha disfrutado de un momento que simboliza su renacer. Sin embargo, la vida de su hija está en peligro.",https://www.antena3.com/series/renacer/momento-mas-feliz-bahar-empana-tragedia-inesperada-vida-umay-corre-peligro_20241204674f99ac85d24c0001cedfc3.html,antena3,2024-12-03T23:52:12+00:00
762,Patri Bea,Las falsas disculpas de Nevra a Gülçiçek para contentar a Bahar: “Tenemos que hacer las paces”,La madre de Timur teme que su nuera se entere de que su difunto marido le dejó en herencia la casa y pueda dejarla sin nada.,https://www.antena3.com/series/renacer/falsas-disculpas-nevra-gulcicek-contentar-bahar-tenemos-que-hacer-paces_20241204674f97c385d24c0001cedec2.html,antena3,2024-12-03T23:44:03+00:00
763,Desirée Castillo,“¿Cuándo dejarás de cargar con todo?”: Evren anima a Bahar a divorciarse de Timur,"Tras ver todo lo que Timur le ha hecho pasar, Evren no ha podido evitar preguntarle a Bahar por qué sigue soportando tanto sufrimiento.",https://www.antena3.com/series/renacer/cuando-dejaras-cargar-todo-evren-anima-bahar-divorciarse-timur_20241204674f96171258380001f35534.html,antena3,2024-12-03T23:36:55+00:00
764,Desirée Castillo,"El despiadado ultimátum de Rengin a Bahar en el hospital: “Si vas a llorar, vuelve a casa”","Rengin no ha dudado en mostrar su descontento hacia Bahar, cuestionando su actitud y su capacidad para ser médica.",https://www.antena3.com/series/renacer/despiadado-ultimatum-rengin-bahar-hospital-vas-llorar-vuelve-casa_20241204674f8e3b7337f20001b3fdd9.html,antena3,2024-12-03T23:03:23+00:00
765,lasextacom,La Policía disuelve una pelea entre clanes enfrentados por el asesinato de uno de sus miembros,Las familias que han mantenido la disputa son la del pastor evangélico Joaquín Jiménez y la de sus verdugos. Se han encontrado a las puertas del juzgado donde se celebra una sesión del litigio.,https://www.lasexta.com/noticias/sociedad/policia-disuelve-pelea-clanes-enfrentados-asesinato-uno-sus-miembros-puertas-audiencia-provincial-madrid_20241203674f898a1258380001f34ea0.html,lasextanoticias,2024-12-03T22:43:22+00:00
766,Patri Bea,“¿Sabes lo que es la lealtad?”: Rengin protagoniza un tenso encuentro tras discutir con Timur,La doctora se ha encontrado con un hombre en una cafetería después de pedirle a su amante que despida a Bahar.,https://www.antena3.com/series/renacer/sabes-que-lealtad-rengin-protagoniza-tenso-encuentro-discutir-timur_20241203674f88f785d24c0001ced662.html,antena3,2024-12-03T22:40:55+00:00
767,lasextacom | agencias,Detenido en Iznalloz (Granada) el conductor fugado del accidente donde murió una mujer que había sido su pareja,[[IntroductionHighlight:El contexto]] El detenido cumplía condena por violencia machista contra su mujer y tenía una orden de alejamiento. El día de los hechos disfrutaba de un permiso penitenciario.,https://www.lasexta.com/noticias/sociedad/detenido-iznalloz-granada-conductor-fugado-accidente-donde-murio-mujer-que-habia-sido-pareja_20241203674f882e1258380001f34dd1.html,lasextanoticias,2024-12-03T22:37:33+00:00
768,Desirée Castillo,Timur arruina el cumpleaños de Umay con su última jugada contra Bahar,"En su primer día como médica residente, Bahar ha tenido que enfrentarse no solo a los retos de su nuevo trabajo, sino también a una jugarreta de Timur.",https://www.antena3.com/series/renacer/timur-arruina-cumpleanos-umay-ultima-jugada-bahar_20241203674f865e1258380001f34caa.html,antena3,2024-12-03T22:29:50+00:00
769,lasextacom,Marga Prohens revela que padece esclerosis múltiple desde los 19 años,"""Ha marcado una forma de entender la vida y esto sí que lo agradezco. Yo vivo la vida así, con pasión, todo lo que hago"", ha comentado la presidenta del Gobierno de Baleares, quien ha revelado que con 19 años le diagnosticaron esclerosis múltiple.",https://www.lasexta.com/noticias/nacional/marga-prohens-revela-que-padece-esclerosis-multiple-19-anos_20241203674f84677337f20001b3f7a4.html,lasextanoticias,2024-12-03T22:21:27+00:00
770,lasextacom | europa-press,La Policía belga registra dos viviendas del excomisario de Justicia Didier Reynders por blanqueo de dinero,"[[IntroductionHighlight:¿Por qué es importante?]] El liberal, quien fuera ministro de Exteriores entre 2011 y 2019, está siendo investigado tras una denuncia de la Unidad de Procesamiento de Información Financiera (Ctif) y la Lotería Nacional por detectar transacciones sospechosas.",https://www.lasexta.com/noticias/internacional/policia-belga-registra-dos-viviendas-excomisario-justicia-didier-reynders-blanqueo-dinero_20241203674f824d7337f20001b3f5e4.html,lasextanoticias,2024-12-03T22:12:29+00:00
771,lasexta-deportes,Un exnúmero 1 acusa a Djokovic de eclipsar la retirada de Rafa Nadal,"Andy Roddick considera que el serbio creó ""una tormenta en el mundo del tenis"" y buscó ""dominar los titulares"" la misma semana que Rafa Nadal se despidió del tenis. ",https://www.lasexta.com/noticias/deportes/tenis/exnumero-1-acusa-djokovic-eclipsar-retirada-rafa-nadal_20241203674f7aa61258380001f344a6.html,lasextanoticias,2024-12-03T21:39:50+00:00
772,Roberto Fernández Ferreira,"""Tengo mucho morro"": el secreto de Úrsula Corberó con los idiomas",La actriz ha desvelado que se siente más cómoda cuando le dan un papel en inglés porque se puede alejar más de su propia personalidad.,https://www.antena3.com/programas/el-hormiguero/entrevista/tengo-mucho-morro-secreto-ursula-corbero-idiomas_20241203674f781c1258380001f342c2.html,antena3,2024-12-03T21:29:00+00:00
773,Alberto Mendo,"Las lecciones de acento gaditano de Úrsula Corberó para su nuevo papel: ""Pedí un coach""",La actriz ha visitado El Hormiguero con Eddie Redmayne y ambos han charlado con Pablo Motos sobre su nuevo proyecto.,https://www.antena3.com/programas/el-hormiguero/invitados/eddie-redmayne-ursula-corbero_20241203674eac7f85d24c0001cde93c.html,antena3,2024-12-03T21:13:05+00:00
774,lasextacom,"El hijo mayor de Juana Rivas pide ayuda para su hermano pequeño: ""Convive con un maltratador. Se siente en riesgo de muerte""","El hijo mayor de Juana Rivas ha denunciado que cuando él tenía 11 años ""me arrancaron de mi casa, que es mi madre"". Además, ha pedido ayuda para su hermano que, dice, convive con un ""maltratador"" y ""se siente en riesgo de muerte"".",https://www.lasexta.com/noticias/sociedad/hijo-mayor-juana-rivas-pide-ayuda-hermano-pequeno-convive-maltratador-siente-riesgo-muerte_20241203674f730e85d24c0001cec58a.html,lasextanoticias,2024-12-03T21:07:26+00:00
775,lasextacom,La madre del niño de dos años asesinado en Linares (Jaén) relata que llevaba años maltratada y amenazada por su pareja,"[[IntroductionHighlight:Los detalles]] Beatriz, la madre del niño asesinado, relata que su pareja le dijo: ""Tu hijo está en el sofá esperándote, le he reventado la cabeza y la cara"".",https://www.lasexta.com/noticias/sociedad/madre-nino-dos-anos-asesinado-linares-jaen-relata-que-llevaba-anos-maltratada-amenazada-pareja_20241203674f71487337f20001b3e92d.html,lasextanoticias,2024-12-03T20:59:52+00:00
776,lasexta-deportes,La reflexión de Marc Márquez sobre su relación con los aficionados italianos,"El piloto de Ducati tiene claro que tendrá el apoyo de los tifosi a pesar de haber vivido ""momentos difíciles"" con ellos. ",https://www.lasexta.com/noticias/deportes/motor/reflexion-marc-marquez-relacion-aficionados-italianos_20241203674f6e291258380001f33a42.html,lasextanoticias,2024-12-03T20:46:33+00:00
777,pedro-gomez | alfonso-perez-medina,"El Punto Neutro Judicial informa al juez Peinado que Begoña Gómez tiene en sus cuentas 40,25 euros","[[IntroductionHighlight:Nuevos datos de la causa]] La red de servicios del Poder Judicial ha recalcado que la información que ha recabado es ""incompleta"". En los propios documentos, también se recoge los importes que recibió Begoña Gómez por codirigir el máster de transformación social Competitiva.",https://www.lasexta.com/noticias/nacional/punto-neutro-judicial-informa-juez-peinado-que-begona-gomez-tiene-sus-cuentas-4025-euros_20241203674f6d057337f20001b3e587.html,lasextanoticias,2024-12-03T20:41:41+00:00
778,lasextacom,"La princesa Leonor, el nuevo gancho para estafas a través de redes sociales en Latinoamérica",[[IntroductionHighlight:Los detalles]] Los estafadores utilizaban vídeos creados con inteligencia artificial en los que Leonor pedía dinero para posteriormente reembolsar el doble.,https://www.lasexta.com/noticias/sociedad/princesa-leonor-nuevo-gancho-estafas-traves-redes-sociales-latinoamerica_20241203674f66011258380001f332c5.html,lasextanoticias,2024-12-03T20:11:45+00:00
779,lasextacom,"30 años de la PlayStation, la consola que revolucionó el mundo de los videojuegos con más de 100 millones de unidades vendidas","[[IntroductionHighlight:Una consola que cambió el mercado]] La PlayStation fue la primera gran consola comercial en dar el salto a las tres dimensiones. En cuanto a ventas, solo fue superada por su predecesora, la PlayStation 2, que fue la consola más vendida de la historia.",https://www.lasexta.com/noticias/cultura/30-anos-playstation-consola-que-revoluciono-mundo-videojuegos-mas-100-millones-unidades-vendidas_20241203674f659a85d24c0001ceb8f2.html,lasextanoticias,2024-12-03T20:10:01+00:00
780,Alberto Mendo,“Perdón por el spoiler”: La decisión de Rosa condiciona el final de El Rosco contra Manu,"Los dos concursantes han sufrido sendos tropiezos durante la prueba, lo que les ha dejado sin opciones de bote, pero ha deparado un desenlace sorprendente.",https://www.antena3.com/programas/pasapalabra/rosco/perdon-spoiler-decision-rosa-condiciona-final-manu_20241203674f64a41258380001f33108.html,antena3,2024-12-03T20:05:56+00:00
781,lasextacom,Preguntas y respuestas sobre el conflicto en Corea del Sur: ¿por qué se declaró la ley marcial? ¿Era un autogolpe de Estado?,"[[IntroductionHighlight:El contexto]] Apenas seis horas y media después de que impusiera la ley marcial, el presidente de Corea del Sur ha dado marcha atrás y, según ha anunciado, obedecerá al Parlamento que ha votado en contra de la medida.",https://www.lasexta.com/noticias/internacional/preguntas-respuestas-conflicto-corea-sur-que-declaro-ley-marcial-era-autogolpe-estado_20241203674f63e31258380001f3303d.html,lasextanoticias,2024-12-03T20:02:43+00:00
782,guillermo-alvarez,El incomprensible error del Mallorca en el primer gol del Barça en Son Moix,"Mojica, con todo a favor y sin presión rival, cometió un error de principiante que dejó en bandeja el primer gol a Ferran Torres.",https://www.lasexta.com/noticias/deportes/futbol/incomprensible-error-mallorca-primer-gol-barca-son-moix_20241203674f615d85d24c0001ceb470.html,lasextanoticias,2024-12-03T19:51:57+00:00
783,Alberto Mendo,¡Espectacular! La razón por la que Miguel Lago calla bocas en Pasapalabra,"El cómico ha emulado e, incluso, superado la lección de geografía de Manu en la prueba Palabras Cruzadas: ¡ha hecho un pleno histórico!",https://www.antena3.com/programas/pasapalabra/mejores-momentos/razon-miguel-lago-calla-bocas_20241203674f5c471258380001f328b0.html,antena3,2024-12-03T19:30:15+00:00
784,lasextacom,Los seis principios básicos del 'Ayusismo': de la confrontación institucional a ser la madrina de los críticos de Sánchez,[[IntroductionHighlight:El contexto]] Una celebración del día de la constitución que nos sirve para definir los seis principios básicos. Eso es lo que se ha vivido este martes en la Real Casa de Correos de Madrid. La presidenta Isabel Díaz Ayuso se ha apropiado del Día de la Constitución.,https://www.lasexta.com/noticias/nacional/seis-principios-basicos-ayusismo-confrontacion-institucional-ser-madrina-criticos-sanchez_20241203674f5b497337f20001b3d5e4.html,lasextanoticias,2024-12-03T19:26:01+00:00
785,Alberto Mendo,El troleo de Miguel Lago a Roberto Leal con uno de sus gestos más característicos,El cómico se ha fijado en cuándo lo hace y ha bromeado con la duda que crea en el espectador: “¿Muerta o canción buena?”. ,https://www.antena3.com/programas/pasapalabra/mejores-momentos/troleo-miguel-lago-roberto-leal-gestos-mas-caracteristicos_20241203674f5a651258380001f32732.html,antena3,2024-12-03T19:22:13+00:00
786,alfonso-perez-medina,La Fiscalía italiana acusa al exmarido de Juana Rivas de maltratar a los hijos que tienen en común,[[IntroductionHighlight:¿Por qué es importante?]] El menor de los dos hijos está bajo custodia de su padre pese a que el Tribunal Supremo de Italia se la retiró debido a que no se ha ejecutado esta sentencia.,https://www.lasexta.com/noticias/sociedad/fiscalia-italiana-acusa-exmarido-juana-rivas-maltratar-hijos-que-tienen-comun_20241203674f58fd1258380001f32588.html,lasextanoticias,2024-12-03T19:16:13+00:00
787,Alberto Mendo,El ‘reproche’ de Roberto Leal a Manu y a Rosa en Pasapalabra: “Me estáis liando”,El presentador ha bromeado con lo desconcertado que le dejan los concursantes con tanto toma y daca en El Rosco.,https://www.antena3.com/programas/pasapalabra/mejores-momentos/reproche-roberto-leal-manu-rosa-estais-liando_20241203674f581f7337f20001b3d354.html,antena3,2024-12-03T19:12:31+00:00
788,Sara Sanz,"Ana Obregón recuerda la muerte del gran amor de su vida, Fernando Martín: ""Sentí que se me paraba el corazón""","Se cumplen 35 años del trágico accidente que se llevó a Fernando Martín, jugador de baloncesto y expareja de Ana Obregón. Una historia de amor con mayúsculas que, a día de hoy, sigue clavada en su mente.",https://www.antena3.com/programas/y-ahora-sonsoles/ana-obregon-recuerda-muerte-gran-amor-vida-fernando-martin-senti-que-paraba-corazon_20241203674f56dd7337f20001b3d208.html,antena3,2024-12-03T19:07:26+00:00
789,Sara Sanz,"María José Suárez e Iker Casillas, juntos en portada mañana: ¿la nueva pareja de moda?",La modelo aparecerá mañana en la portada de la revista Semana junto a Iker Casillas. Los rumores han estallado y en Y ahora Sonsoles hemos podido hablar con ella.,https://www.antena3.com/programas/y-ahora-sonsoles/maria-jose-suarez-iker-casillas-juntos-portada-manana-nueva-pareja-moda_20241203674f4eb41258380001f31b20.html,antena3,2024-12-03T18:32:38+00:00
790,Sara Sanz,Del síndrome del hombre lobo al de la piel azul: Boticaria García desvela qué fármacos alteran nuestro aspecto físico,"El síndrome del hombre lobo, de la piel azul o de la cara de luna llena son solo algunos de los que podemos desarrollar si tomamos ciertos fármacos que alteran nuestro cuerpo. ¿Lo sabías?",https://www.antena3.com/programas/y-ahora-sonsoles/sindrome-hombre-lobo-piel-azul-boticaria-garcia-desvela-que-farmacos-alteran-nuestro-aspecto-fisico_20241203674f4a5a85d24c0001ce9d2e.html,antena3,2024-12-03T18:13:46+00:00
791,lasexta-deportes,"Esteban Ocon carga contra Alpine en su despedida: ""No quería que las cosas terminaran así""","El piloto francés, que se mudará a Haas en 2025, ha criticado a los de Enstone ya que, según él, ""el plan siempre fue correr una última vez este fin de semana"".",https://www.lasexta.com/noticias/deportes/motor/formula1/esteban-ocon-carga-alpine-despedida-queria-que-cosas-terminaran-asi_20241203674f47ac7337f20001b3c2cf.html,lasextanoticias,2024-12-03T18:02:20+00:00
792,Sara Sanz,"""Mis hijas sienten odio por mí"": Petri trata de recuperar a la familia que le dio la espalda","Las hijas de Petri creen que su madre solo trae desgracias. Cuando sobrevivió a un cáncer y no heredaron nada, decidieron vender su casa falsificando su firma y a día de hoy no se hablan, pero ella viene dispuesta a reencontrarse con ellas.",https://www.antena3.com/programas/y-ahora-sonsoles/mis-hijas-sienten-odio-petri-trata-recuperar-familia-que-dio-espalda_20241203674f46327337f20001b3c12b.html,antena3,2024-12-03T17:56:02+00:00
793,Sara Sanz,"La madre del bebé de tres meses maltratado en Ahigal (Cáceres): ""Lo grabé para tener pruebas""","El padre del bebé cometía todo tipo de atrocidades, desde meterle un cuchillo en la boca, hasta bañarle con agua helada. En Y ahora Sonsoles hemos hablado con la vecina que dio la voz de alarma y la madre del bebé.",https://www.antena3.com/programas/y-ahora-sonsoles/madre-bebe-tres-meses-maltratado-ahigal-caceres-grabe-tener-pruebas_20241203674f426985d24c0001ce947f.html,antena3,2024-12-03T17:39:53+00:00
794,lasextacom,Ayuso ofrece 42 millones de euros para las universidades públicas madrileñas en 2025,"[[IntroductionHighlight:¿Por qué es importante?]] Esta es una de las principales conclusiones de la reunión que ha mantenido este martes la presidenta del Ejecutivo autonómico, Isabel Díaz Ayuso, con los rectores de las universidades Complutense, Autónoma, Politécnica, Alcalá, Carlos III y Rey Juan Carlos.",https://www.lasexta.com/noticias/nacional/ayuso-ofrece-42-millones-euros-universidades-publicas-madrilenas-2025_20241203674f418985d24c0001ce9372.html,lasextanoticias,2024-12-03T17:36:09+00:00
795,lasexta-deportes,Primera toma de contacto de Marc Márquez con la fábrica de Ducati,El octocampeón el mundo ha viajado hasta Borgo Paniale para conocer por primera vez la fábrica y el museo de Ducati en Bolonia.,https://www.lasexta.com/noticias/deportes/motor/primera-toma-contacto-marc-marquez-fabrica-ducati_20241203674f3ac585d24c0001ce8d0f.html,lasextanoticias,2024-12-03T17:07:17+00:00
796,Sara Sanz,"Las mujeres de una cuadrilla de costaleros de Ciudad Real, apartadas por su género","La nueva junta de la directiva del paso del Cristo de la Caridad ha lanzado un comunicado que pone fin a la cuadrilla mixta. A partir de ahora, les exigen ser mínimo 35 de cada género si quieren continuar por separado, algo prácticamente imposible para ellas.",https://www.antena3.com/programas/y-ahora-sonsoles/mujeres-cuadrilla-costaleros-ciudad-real-apartadas-genero_20241203674f39e47337f20001b3b63a.html,antena3,2024-12-03T17:03:32+00:00
797,Cristina García Chacón,"Karlos Arguiñano: salsa cazadora casera, para combinar con carnes de todo tipo","""La salsa cazadora es una de las salsas marrones de la cocina francesa"", y Karlos Arguiñano la ha preparado paso a paso para que puedas darle un toque especial a tus recetas de carne.",https://www.antena3.com/programas/karlos-arguinano/recetas/salsas/salsa-cazadora-casera_20241203674ed73785d24c0001ce108c.html,antena3,2024-12-03T17:00:22+00:00
798,Sara Sanz,"Hablamos con la madre de los gemelos de Linares: ""A Cristian le cogió mucho odio porque lloraba y quería comer""","Existen nuevos datos del crimen de Linares: 'El Pakillo', el presunto asesino de uno de los gemelos de Linares, odiaba al niño porque ""lloraba mucho cuando tenía hambre"". Son palabras de la madre, que también sufrió la violencia de ese hombre y con quien hemos podido hablar en este programa.",https://www.antena3.com/programas/y-ahora-sonsoles/hablamos-madre-gemelos-linares-cristian-cogio-mucho-odio-porque-lloraba-queria-comer_20241203674f383a7337f20001b3b4a6.html,antena3,2024-12-03T16:56:26+00:00
799,lasextacom,"""Victimismo"", ""falta de autocrítica"" y ""preocupación"" por la corrupción: Page sigue cargando contra Sánchez 48 horas después del Congreso del PSOE","[[IntroductionHighlight:Las críticas de Page]] El presidente manchego asegura que Sánchez no hizo ""rendición de cuentas"" en el Congreso Federal y afirma que él representa, junto con Lambán y Felipe González, ""lo que era el PSOE"".",https://www.lasexta.com/noticias/nacional/victimismo-falta-autocritica-preocupacion-corrupcion-page-sigue-cargando-sanchez-48-horas-despues-congreso-psoe_20241203674f376985d24c0001ce8936.html,lasextanoticias,2024-12-03T16:52:57+00:00
800,lasextacom,El deshielo del Polo Norte podría llegar antes de lo previsto: el Ártico se podía quedar sin hielo marino en 2027,[[IntroductionHighlight:¿Qué implica?]] La desaparición del hielo marino del Ártico en tan solo tres años podría tener consecuencias globales: desde el incremento de eventos climáticos extremos en diversas partes del mundo hasta un aumento significativo del nivel del mar.,https://www.lasexta.com/noticias/ciencia-tecnologia/deshielo-polo-norte-podria-llegar-antes-previsto-artico-podia-quedar-hielo-marino-2027_20241203674f35dc7337f20001b3b289.html,lasextanoticias,2024-12-03T16:46:20+00:00
801,lasextacom | efe,El consumo de tabaco cae a su mínimo histórico pero el de vapeadores se duplica,"[[IntroductionHighlight:Los datos de consumo ]] Un 36,8 % de la población de 15 a 64 años ha fumado en los últimos 12 meses y un 25,8 % que lo hace a diario, pero el de cigarrillos electrónicos y otros derivados se ha duplicado desde 2018, pasando del 3 % al 7,1 %.",https://www.lasexta.com/noticias/sociedad/consumo-tabaco-cae-minimo-historico-pero-vapeadores-duplica_20241203674f340485d24c0001ce858c.html,lasextanoticias,2024-12-03T16:38:28+00:00
802,Sara Sanz,"Ana Obregón responde a Millán Salcedo: ""¿Tú te crees que yo tenía tiempo de ir por despachos con un niño pequeño?""","El humorista ha asegurado que Ana fue la responsable de la cancelación de una de sus series, pese a que eran ""amigos íntimos"". ¿Qué opina la actriz sobre dichas acusaciones?",https://www.antena3.com/programas/y-ahora-sonsoles/ana-obregon-responde-millan-salcedo-crees-que-tenia-tiempo-despachos-nino-pequeno_20241203674f333885d24c0001ce84a0.html,antena3,2024-12-03T16:35:19+00:00
803,lasextacom,"Los científicos muestran su indignación tras las declaraciones de Mayor Oreja sobre el creacionismo: ""Está muy lejos de la evidencia científica""","Los científicos advierten sobre el peligro de que se realicen declaraciones como las exministro del PP durante la cumbre ultra que se celebró en el Senado. ""Esto hace una sociedad más ignorante y menos informada"", señalan.",https://www.lasexta.com/noticias/sociedad/cientificos-muestran-indignacion-declaraciones-mayor-oreja-creacionismo-esta-muy-lejos-evidencia-cientifica_20241203674f324c1258380001f2fd2b.html,lasextanoticias,2024-12-03T16:33:51+00:00
804,Sara Sanz,"Josema Yuste, incrédulo ante las declaraciones de Millán Salcedo: ""Yo lo que hago es no mentir""","Millán Salcedo ha asegurado que no había química entre ellos y que por eso decidió poner fin a Martes y Trece, pero hemos hablado con Josema, que tiene una versión bien distinta de los hechos. ",https://www.antena3.com/programas/y-ahora-sonsoles/josema-yuste-incredulo-declaraciones-millan-salcedo-que-hago-mentir_20241203674f31697337f20001b3aebb.html,antena3,2024-12-03T16:27:21+00:00
805,"Pablo, Muñoz","Quién es Bidzina Ivanishvili, el satélite de Putin que estaría detrás del acercamiento de Georgia a Rusia","Es el fundador de Sueño Georgiano y ex primer ministro. Pasó parte de la década de los 90 en Rusia, donde amasó buena parte de su fortuna. Esta aproximación se considera una manera de devolver favores.",https://www.lasexta.com/noticias/internacional/quien-bidzina-ivanishvili-satelite-putin-que-estaria-detras-acercamiento-georgia-rusia_20241203674f30d385d24c0001ce8221.html,lasextanoticias,2024-12-03T16:24:51+00:00
806,lasextacom,Así asfixia Ayuso a las universidades públicas: el poco presupuesto lastra las condiciones de los trabajadores,"[[IntroductionHighlight:¿Por qué es importante?]] Las transferencias de la Comunidad a estas universidades se han incrementado solo un 5% desde 2009 mientras que el coste de la vida ha aumentado un 35%, lo que inevitablemente lastra las condiciones de los trabajadores.",https://www.lasexta.com/noticias/nacional/asi-asfixia-ayuso-universidades-publicas-poco-presupuesto-lastra-condiciones-trabajadores_20241203674f2f971258380001f2fa57.html,lasextanoticias,2024-12-03T16:19:35+00:00
807,Ana Bermejo Lillo,Avance del próximo capítulo de Sueños de libertad: Digna se entera de que Jesús ha hecho sufrir a Julia,Begoña le ha contado a la matriarca Merino que fue Jesús quien la llevó al piso de Madrid para que les pillara. ¡Todo fue premeditado!,https://www.antena3.com/series/suenos-de-libertad/avances/proximo-capitulo-digna-entera-que-jesus-hecho-sufrir-julia_20241203674f2f221258380001f2f9df.html,antena3,2024-12-03T16:17:38+00:00
808,lasextacom,"El discurso hipócrita de la cumbre ultra en el Senado: la universidad ""adoctrina"" mientras ellos imponen sus ideas en las casas","[[IntroductionHighlight:¿Qué dijeron?]] ""La universidad es rehén de la progresía, es un centro de adoctrinamiento ideológico"". ""Educar no es manipular, no es adoctrinar"". ""No podemos permitirnos la educación pública. El plan de estudios es adoctrinamiento"". Algunos de los mantras que repitieron una y otra vez. ",https://www.lasexta.com/noticias/nacional/discurso-hipocratica-cumbre-ultra-senado-universidad-adoctrina-mientras-ellos-imponen-sus-ideas-casas_20241203674f2ee985d24c0001ce7fc5.html,lasextanoticias,2024-12-03T16:16:40+00:00
809,Sara Sanz,"Estafados tras pensar que hablaban con la princesa Leonor: ""Me ilusioné y acabé endeudada""","Son varias las personas que han sido estafadas por redes sociales por una falsa princesa Leonor. La mayoría de víctimas son de Latinoamérica, así como los estafadores descubiertos hasta el momento.",https://www.antena3.com/programas/y-ahora-sonsoles/estafados-pensar-que-hablaban-princesa-leonor-ilusione-acabe-endeudada_20241203674f2eb97337f20001b3abad.html,antena3,2024-12-03T16:15:53+00:00
810,lasexta-deportes,"Fernando Alonso ejerció de 'comisario' en Qatar: ""Límites de pista de Gasly en la curva 7""",El bicampeón del mundo de Fórmula 1 alertó a Aston Martin de distintas infracciones de sus rivales. ,https://www.lasexta.com/noticias/deportes/motor/formula1/fernando-alonso-ejercio-comisario-qatar-limites-pista-gasly-curva-7_20241203674f2e7b7337f20001b3ab4a.html,lasextanoticias,2024-12-03T16:14:51+00:00
811,Julia Zapata,Capítulo 197 de Sueños de libertad; 3 de diciembre: la fábrica se hace eco del secreto de Fina,Todos en la fábrica ya saben que Fina ha sido detenida por su orientación sexual mientras la joven le jura a Marta que jamás la delatará.,https://www.antena3.com/series/suenos-de-libertad/capitulo-197-suenos-libertad-3-diciembre-fabrica-hace-eco-secreto-fina_20241203674f2b0e7337f20001b3a6a4.html,antena3,2024-12-03T16:00:14+00:00
812,Julia Zapata,"Luz y Alberto encuentran a un bebé en la puerta de la casa cuna, ¿quién lo habrá dejado allí abandonado?",Alberto vuelve a la fábrica para estar más cerca de Luz y padre e hija descubren a un recién nacido en una cesta que ha sido abandonado.,https://www.antena3.com/series/suenos-de-libertad/luz-alberto-encuentran-bebe-puerta-casa-cuna-quien-habra-dejado-alli-abandonado_20241203674f28b685d24c0001ce791e.html,antena3,2024-12-03T15:50:14+00:00
813,lasextacom | europa-press,El CEO de Glovo declara ante el juez como imputado por un presunto delito contra los derechos de los trabajadores,"[[IntroductionHighlight:¿Por qué es importante?]] Este juicio podría cambiar el modelo laboral en las empresas de reparto a domicilio, obligándolas a tener en nómina a sus trabajadores en lugar de contratarles como falsos autónomos.",https://www.lasexta.com/noticias/economia/ceo-glovo-declara-juez-como-imputado-presunto-delito-derechos-trabajadores_20241203674f27a885d24c0001ce77e9.html,lasextanoticias,2024-12-03T15:45:44+00:00
814,Ana Bermejo Lillo,¡Vuelve Patricia Lambert! Pero comunica que quiere romper su acuerdo con Perfumerías de la Reina,"La empresaria se ha quedado viuda y ha decidido romper su acuerdo con la empresa de perfumes; además, se va a la competencia, Floral. ¿Qué van a hacer Damián y Jesús?",https://www.antena3.com/series/suenos-de-libertad/vuelve-patricia-lambert-pero-comunica-que-quiere-romper-acuerdo-perfumerias-reina_20241203674f265f85d24c0001ce76c0.html,antena3,2024-12-03T15:40:15+00:00
815,lasextacom,El juez Moreno admite que el PSOE se persone como acusación popular en la investigación del 'caso Koldo',"[[IntroductionHighlight:El objetivo]] El juez pretende unificar las acusaciones populares para evitar duplicidades y garantizar un proceso judicial más ágil y equitativo, citando a las partes para discutir el procedimiento el 10 de diciembre.",https://www.lasexta.com/noticias/nacional/juez-moreno-admite-que-psoe-persone-como-acusacion-popular-investigacion-caso-koldo_20241203674f26007337f20001b3a1b0.html,lasextanoticias,2024-12-03T15:38:40+00:00
816,Julia Zapata,"Marta pide a Santiago que retire la denuncia en contra de Fina, pero él se niega: ""Quiero que se pudra en la cárcel""",Doña Marta quiere sacar a Fina de prisión y le ofrece dinero a Santiago a cambio de que retire la denuncia.,https://www.antena3.com/series/suenos-de-libertad/marta-pide-santiago-que-retire-denuncia-fina-pero-niega-quiero-que-pudra-carcel_20241203674ef2d81258380001f2aa1e.html,antena3,2024-12-03T15:30:14+00:00
817,jugones,"Carlos Sainz padre desvela cómo está su hijo antes de salir de Ferrari: ""No es fácil...""",El vigente campeón del Dakar ha analizado la evolución del '55' en la escudería italiana antes de que afronte su última carrera con el mono rojo. ,https://www.lasexta.com/noticias/deportes/motor/formula1/carlos-sainz-padre-desvela-como-esta-hijo-antes-salir-ferrari-facil_20241203674f238685d24c0001ce73ed.html,lasextanoticias,2024-12-03T15:28:06+00:00
818,Ana Bermejo Lillo,Digna le muestra su apoyo a Marta y le consuela: “Cuenta conmigo para todo”,"Tía y sobrina se han unido ante esta fatalidad, y aunque las separan muchas cosas en la empresa, por Fina, son un equipo.",https://www.antena3.com/series/suenos-de-libertad/digna-muestra-apoyo-marta-consuela-cuenta-conmigo-todo_20241203674f21ae1258380001f2eb90.html,antena3,2024-12-03T15:20:14+00:00
819,lasextacom,La Fiscalía recurre ante la Audiencia de Badajoz el auto de la jueza que investiga al hermano de Sánchez,"[[IntroductionHighlight:¿Por qué es importante?]] La fiscal argumenta que ""no hay en la causa, ni por remisión a otras actuaciones previas, una singularización de comportamientos con trascendencia penal para cada uno de los investigados"".",https://www.lasexta.com/noticias/nacional/fiscalia-recurre-audiencia-badajoz-auto-jueza-que-investiga-hermano-sanchez_20241203674f1fc41258380001f2e9ac.html,lasextanoticias,2024-12-03T15:12:04+00:00
820,"María, Sanz","Derecho a vacaciones, bajas por enfermedad y pensiones: Bélgica regula la prostitución como una actividad profesional","[[IntroductionHighlight:La letra pequeña]] La ley garantiza derechos laborales a las mujeres que trabajan en prostíbulos, pero no para las que lo hacen en la calle o están en situación irregular, los sectores más vulnerables a la trata.",https://www.lasexta.com/noticias/internacional/derecho-vacaciones-bajas-enfermedad-pensiones-belgica-regula-prostitucion-como-actividad-profesional_20241203674f1d3e1258380001f2e708.html,lasextanoticias,2024-12-03T15:01:18+00:00
821,espejo-publico,"Largas colas en la primera administración de lotería reabierta en Paiporta: “Ya que nos ha tocado la DANA, nos tiene que tocar el Gordo”","La administración nº 1 de loterías de, Paiporta, la localidad más afectada y considerada 'zona cero' de la DANA, volvía a abrir por fin sus puertas este lunes y frente a ellas se formaban enormes colas de vecinos emocionados e ilusionados.",https://www.antena3.com/programas/espejo-publico/largas-colas-primera-administracion-loteria-reabierta-paiporta-que-nos-tocado-dana-nos-tiene-que-tocar-gordo_20241203674f168f1258380001f2df00.html,antena3,2024-12-03T14:32:47+00:00
822,europa-press,"Corea del Sur declara la ley marcial para ""erradicar a las fuerzas afines a Corea del Norte""","El presidente de Corea del Sur, Yoon Suk Yeol, ha señalado que la ley marcial es necesaria para ""proteger el orden constitucional"" en el país asiático.",https://www.lasexta.com/noticias/internacional/corea-sur-declara-ley-marcial-erradicar-fuerzas-afines-corea-norte_20241203674f15ea85d24c0001ce656c.html,lasextanoticias,2024-12-03T14:30:02+00:00
823,lasexta-deportes,"Jorge Martín responde a las palabras de Marc Márquez en 'El Cafelito' de Pedrerol: ""Nuestra relación es...""","El campeón del mundo de MotoGP ha asegurado que, al contrario que Marc, sí se iría con él a tomar algo. ",https://www.lasexta.com/noticias/deportes/motor/jorge-martin-responde-palabras-marc-marquez-cafelito-pedrerol-nuestra-relacion_20241203674f153b7337f20001b391b9.html,lasextanoticias,2024-12-03T14:27:07+00:00
824,sergio-illescas,"'El Tuvi', culpable por unanimidad de violar y asesinar a Wafaa Sebbah en Valencia en 2019","David Soler, alias ""el Tuvi"", ha sido declarado culpable de la violación y asesinato de Wafaa Sebbah, la joven de 19 años a la que además torturó y arrojó a un pozo en Carcaixent (Valencia) en noviembre de 2019.",https://www.lasexta.com/noticias/sociedad/tuvi-culpable-unanimidad-violar-asesinar-wafaa-sebbah-valencia-2019_20241203674f13ad85d24c0001ce62de.html,lasextanoticias,2024-12-03T14:21:11+00:00
825,"esther-redondo | Sergi, Requeni","Ayuso maniobra para recibir los 169 millones para la universidad pública y el Gobierno responde: ""Que no maree""","A horas de la reunión con los rectores de las universidades, la Comunidad de Madrid intenta aplacar las críticas por rechazar los 169 millones del Gobierno central para contratar profesores para la universidad pública. Los de Ayuso dicen que están ""trabajando en una propuesta alternativa (...) adaptada a la realidad de Madrid"".",https://www.lasexta.com/noticias/nacional/ayuso-maniobra-recibir-169-millones-universidad-publica-gobierno-responde-que-maree_20241203674f10a385d24c0001ce5ed1.html,lasextanoticias,2024-12-03T14:07:31+00:00
826,"Leire, Pérez","¿Qué opina Susana Díaz de la ovación a Chaves y Griñán, condenados por los ERES, en el Congreso del PSOE?: ""Son dos personas decentes que no están al nivel de los golfos que sí han robado""",Los expresidentes de la Junta de Andalucía recibieron este fin de semana una larga ovación. Ha sido meses después de que el Tribunal Constitucional revisara sus condenas por los ERE falsos y las anulara. ,https://www.antena3.com/programas/espejo-publico/noticias/que-opina-susana-diaz-ovacion-chaves-grinan-condenados-eres-congreso-psoe-son-dos-personas-decentes-que-estan-nivel-golfos-que-han-robado_20241203674f0b5e1258380001f2d0e9.html,antena3,2024-12-03T13:45:02+00:00
827,"Raúl, García García","Alquiler sin techo: de los 2.600 euros que paga una estudiante, a los 25.000 por un ático",Estudiantes internacionales pagan en Madrid más de 2.000 euros por un piso de una habitación. Los áticos en el barrio de Salamanca disparan su precio hasta rozar los 30.000 al mes,https://www.antena3.com/programas/espejo-publico/noticias/alquiler-techo-2600-euros-que-paga-estudiante-25000-atico_20241203674f09941258380001f2ce60.html,antena3,2024-12-03T13:37:24+00:00
828,"María, Mateo","La opinión del influencer ruso Mark Rakhilkin sobre España: ""No entiendo cómo pueden vivir con 1.600 euros al mes""","El joven empresario ruso Mark Rakhilkin, conocido por ser un polémico influencer, ha desatado numerosas controversias al hablar duramente sobre España. Con declaraciones como: ""No entiendo cómo pueden vivir con 1.600 euros al mes"" y críticas al sistema fiscal español, Rakhilkin ha mostrado una visión del coste de vida y la economía que muchos consideran desconectada de la realidad.",https://www.antena3.com/programas/espejo-publico/noticias/opinion-influencer-ruso-mark-rakhilkin-espana-entiendo-como-pueden-vivir-1600-euros-mes_20241203674f073c7337f20001b38066.html,antena3,2024-12-03T13:27:24+00:00
829,"Iván, Álvarez","Tres afectados por la DANA que aún no han recibido ninguna ayuda: ""Paciencia, cuando duermes en el suelo, no existe""","Miguel Ángel, David y Alexis aún no han podido empezar a reconstruir su vida, un mes después de que la catástrofe se lo quitara todo.",https://www.antena3.com/programas/espejo-publico/noticias/tres-afectados-dana-que-aun-han-recibido-ninguna-ayuda-paciencia-cuando-duermes-suelo-existe_20241203674f04921258380001f2c67a.html,antena3,2024-12-03T13:16:02+00:00
830,lasexta-deportes,"Alpine descarta a Franco Colapinto, que se queda definitivamente sin asiento en la F1","Según ha informado 'Auto Motor und Sport', Alpine ha decidido que se quedará con Pierre Gasly y Jack Doohan para el curso que viene. ",https://www.lasexta.com/noticias/deportes/motor/formula1/alpine-descarta-franco-colapinto-que-queda-definitivamente-asiento_20241203674f01fd7337f20001b37721.html,lasextanoticias,2024-12-03T13:05:01+00:00
831,Cristina García Chacón,"Chuletillas de cordero con salsa cazadora, de Karlos Arguiñano: ""Mirad qué aspecto, es brutal""","Karlos Arguiñano ha preparado unas chuletillas de cordero de escándalo, acompañadas de una salsa cazadora casera que también puede acompañar otros tipos de carne.",https://www.antena3.com/programas/karlos-arguinano/recetas/carnes/chuletillas-cordero-salsa-cazadora_20241203674ed99c85d24c0001ce138b.html,antena3,2024-12-03T13:00:16+00:00
832,alfonso-perez-medina,La Audiencia Nacional pide investigar a Aldama y a Pujalte por tenencia ilícita de armas,[[IntroductionHighlight:El contexto]] Anticorrupción había solicitado que se investigara a ambos implicados en la trama Koldo por el hallazgo de armas sin licencia en sus respectivas viviendas durante los registros. ,https://www.lasexta.com/noticias/nacional/audiencia-nacional-pide-investigar-aldama-pujalte-tenencia-ilicita-armas_20241203674f007585d24c0001ce4570.html,lasextanoticias,2024-12-03T12:58:29+00:00
833,lasextacom,Ayuso se apropia del acto del Día de la Constitución en Madrid y ningunea al delegado del Gobierno silenciándole,"[[H2:Los antecedentes]] El año pasado, el Gobierno autonómico ya recortó el tiempo de intervención del delegado de Gobierno, pero esta es la primera vez que no interviene en todo el acto. ",https://www.lasexta.com/noticias/nacional/ayuso-apropia-acto-dia-constitucion-madrid-ningunea-delegado-gobierno-silenciandole_20241203674effd11258380001f2bdc8.html,lasextanoticias,2024-12-03T12:55:45+00:00
834,lasextacom,"Mazón insiste en desviar la atención de su alerta tardía por la DANA: ""Se podían haber limpiado barrancos...""","[[IntroductionHighlight:Más balones fuera]] El president valenciano evita responder a si se podrían haber salvado vidas enviando la alerta a tiempo. Más de un mes después, insiste en apuntar a la medición de la Confederación Hidrográfica y a las previsiones de AEMET. ",https://www.lasexta.com/noticias/nacional/mazon-insiste-desviar-atencion-alerta-tardia-dana-podian-haber-limpiado-barrancos_20241203674efe441258380001f2bb5b.html,lasextanoticias,2024-12-03T12:49:08+00:00
835,Cristina García Chacón,"Receta de sopa de cebolla tradicional, de Karlos Arguiñano: ""¡Una comida de 10 por 2 euros!""",La sopa de cebolla comenzó siendo una comida de pobres. Ahora es una de las sopas que se sirven en los restaurantes de lujo. Descubre cómo la elabora Karlos Arguiñano y tendrás un éxito asegurado.,https://www.antena3.com/programas/karlos-arguinano/recetas/sopas/sopa-cebolla-tradicional_20241203674ec5141258380001f2799d.html,antena3,2024-12-03T12:45:16+00:00
836,"Laura, Simón","La escalofriante llamada del padre detenido por maltratar a su bebé de 3 meses: ""Se me ha ido la cabeza, el bebé, sangre...""",Un varón de 30 años ha sido detenido por maltratar a su bebé de 3 meses. La madre del niño había grabado algunas de las prácticas y se las mostró a una vecina.,https://www.antena3.com/programas/espejo-publico/noticias/escalofriante-llamada-padre-detenido-maltratar-bebe-3-meses-ido-cabeza-bebe-sangre_20241203674ef65d7337f20001b36557.html,antena3,2024-12-03T12:15:25+00:00
837,lasexta-deportes,"El 'arrepentimiento' de KTM con Marc Márquez: ""Nos hubiera gustado...""","El jefe de Tech3, equipo satélite de KTM, Hervé Poncharal, lamenta no haber tenido a Marc cuando llegó a la categoría reina. ",https://www.lasexta.com/noticias/deportes/motor/arrepentimiento-ktm-marc-marquez-nos-hubiera-gustado_20241203674ef65c7337f20001b3654e.html,lasextanoticias,2024-12-03T12:15:24+00:00
838,"Irene, Rupérez | veronica-ramirez",El comité de 50 expertos del Gobierno desaconseja el uso de pantallas hasta los 6 años y pide regular a la industria,[[IntroductionHighlight:El objetivo]] El Ministerio de Juventud e Infancia solicitó un informe con el que establecer una hoja de ruta que proteja a los menores.,https://www.lasexta.com/noticias/nacional/comite-50-expertos-gobierno-desaconseja-uso-pantallas-6-anos-pide-regular-industria_20241203674ef5411258380001f2ad71.html,lasextanoticias,2024-12-03T12:10:41+00:00
839,lasextacom,"Miguel Ángel Rodríguez afirma estar tranquilo y no tener ""ningún problema"" en declarar en el caso del fiscal general","[[IntroductionHighlight:El contexto]] El Supremo ha citado a la mano derecha de Ayuso para que declare en la causa contra el fiscal general por presunta revelación de secretos. Su entorno cercano asegura que M.Á.R. no tiene ""ningún problema"" en hacerlo.",https://www.lasexta.com/noticias/nacional/miguel-angel-rodriguez-afirma-estar-tranquilo-tener-ningun-problema-declarar-caso-fiscal-general_20241203674ef0a185d24c0001ce2e25.html,lasextanoticias,2024-12-03T11:50:57+00:00
840,lasexta-deportes,La curiosa estrategia de Tsunoda para convencer a Red Bull: no tiene nada que ver con lo deportivo,El piloto japonés sabe que este invierno se quedará un asiento libre en Red Bull ante la previsible salida de Checo Pérez. ,https://www.lasexta.com/noticias/deportes/motor/formula1/curiosa-estrategia-tsunoda-convencer-red-bull-tiene-nada-que-ver-deportivo_20241203674eefef1258380001f2a63b.html,lasextanoticias,2024-12-03T11:47:59+00:00
841,"Andrés, Pantoja","Carlos Alsina, sobre el Congreso Federal del PSOE: ""Fue más bien una gala del Partido Socialista""","Susanna Griso, presentadora de 'Espejo Público', y Carlos Alsina, presentador del programa de 'Onda Cero', ' Más de Uno' abordaban todo lo sucedido en el Congreso",https://www.antena3.com/programas/espejo-publico/noticias/carlos-alsina-congreso-federal-psoe-fue-mas-bien-gala-partido-socialista_20241203674eeee01258380001f2a4b9.html,antena3,2024-12-03T11:43:28+00:00
842,lasextacom,"Carla Antonelli estalla en el Senado: ""Si por ustedes fuera, volveríamos a estar en el psiquiátrico o en los campos de concentración del franquismo""","[[IntroductionHighlight:El contexto]] Carla Antonelli ha mostrado su indignación tras la vergonzosa cumbre ultra antiaborto y anti-LGTBI que se ha celebrado en el Senado. ""Son tan ignorantes que no han aprendido nada"".",https://www.lasexta.com/noticias/nacional/carla-antonelli-estalla-senado-ustedes-fuera-volveriamos-estar-psiquiatrico-campos-concentracion-franquismo_20241203674eea8e85d24c0001ce2679.html,lasextanoticias,2024-12-03T11:26:30+00:00
843,Azahar Flores,El regalo más especial: Gülçiçek emociona a Bahar con una bata bordada que simboliza su renacer,La madre de Bahar le recuerda su pasado antes de dejar la medicina con un precioso detalle.,https://www.antena3.com/series/renacer/regalo-mas-especial-gulcicek-emociona-bahar-bata-bordada-que-simboliza_20241203674ee4bf1258380001f299b0.html,antena3,2024-12-03T11:00:15+00:00
844,lasexta-deportes,"El jefe de Aston Martin responde al cabreo por radio de Fernando Alonso en Qatar: ""No debemos juzgarlo""","Mike Krack, jefe de Aston Martin, entiende la frustración de Fernando porque el Aston Martin pierde muchísima potencia en las resalidas.",https://www.lasexta.com/noticias/deportes/motor/formula1/jefe-aston-martin-responde-cabreo-radio-fernando-alonso-qatar-debemos-juzgarlo_20241203674ee1a11258380001f2968b.html,lasextanoticias,2024-12-03T10:46:57+00:00
845,Sara Sanz,Un año sin Concha Velasco: así fue el homenaje a la actriz en su tierra natal,"Se cumple un año del fallecimiento de Concha Velasco y la ciudad que la vio nacer, Valladolid, ha querido homenajear a la actriz con la última tecnología y por todo lo alto. En Y ahora Sonsoles hablamos con su hijo Manuel, que nos da todos los detalles.",https://www.antena3.com/programas/y-ahora-sonsoles/ano-concha-velasco-asi-fue-homenaje-actriz-tierra-natal_20241203674ee0a485d24c0001ce1bf1.html,antena3,2024-12-03T10:42:44+00:00
846,efe | lasextacom,Ayuso renuncia a 169 millones de euros del Gobierno para incorporar profesores a las universidades madrileñas,"[[IntroductionHighlight:El reproche]] La ministra Morant recrimina a Ayuso que rechace el acuerdo suscrito con el resto de comunidades, ""impidiendo que el Gobierno de España invierta más de 169 millones de euros en la Comunidad de Madrid"".",https://www.lasexta.com/noticias/nacional/ayuso-renuncia-169-millones-euros-gobierno-incorporar-profesores-universidades-madrilenas_20241203674eddba85d24c0001ce1875.html,lasextanoticias,2024-12-03T10:30:18+00:00
847,lasextacom,El Supremo llama a declarar a Miguel Angel Rodríguez el próximo 8 de enero por la filtración sobre el novio de Ayuso,"El jefe de Gabinete de la presidenta de Madrid, Isabel Díaz Ayuso, deberá declarar como testigo a las 10 de la mañana el próximo 8 de enero en relación con las acusaciones de revelación de secretos sobre el novio de la presidenta.",https://www.lasexta.com/noticias/nacional/supremo-llama-declarar-miguel-angel-rodriguez-proximo-8-enero_20241203674edc491258380001f29137.html,lasextanoticias,2024-12-03T10:24:09+00:00
848,Patri Bea,"""Lucía solo puede ser mi esposa"": Rodrigo amenaza a Telmo en el próximo capítulo de Beguinas",El noble visitará al tahonero en prisión y lo convencerá de que abandone Segovia de inmediato para evitar que a su amada le pase algo malo.,https://www.antena3.com/series/beguinas/lucia-solo-puede-ser-esposa-rodrigo-amenaza-telmo-proximo-capitulo_20241203674edb321258380001f28fd2.html,antena3,2024-12-03T10:19:30+00:00
849,lasexta-deportes,"El presidente de la FIA se harta de las quejas de los pilotos: ""No es asunto suyo""","Mohammed Ben Sulayem, presidente de la FIA, dice que ellos no tienen la obligación de informar a los pilotos de las decisiones que toman. ",https://www.lasexta.com/noticias/deportes/motor/formula1/presidente-fia-harta-quejas-pilotos-asunto-suyo_20241203674ed8da1258380001f28ce9.html,lasextanoticias,2024-12-03T10:09:30+00:00
850,lasextacom | efe,"Feijóo acusa a Sánchez de enterrar al PSOE de González y Rubalcaba: ""Cuantos más delitos, más te aplauden en el Congreso Federal""","Para el líder del PP, el supuesto para una moción de censura es ""tan grande como una catedral"", aunque reconoce que no le dan los números. Acusa a los sociaios de Gobierno de convertirse en ""cómplices"" al mantener a Sánchez en el poder.",https://www.lasexta.com/noticias/nacional/feijoo-acusa-sanchez-enterrar-psoe-gonzalez-rubalcaba-cuantos-mas-delitos-mas-aplauden-congreso-federal_20241203674ed79d85d24c0001ce1127.html,lasextanoticias,2024-12-03T10:04:13+00:00
851,lasextacom,Cae una banda que reventaba cajeros con camiones 'pluma' por toda la costa mediterránea,"[[IntroductionHighlight:¿Por qué es importante?]] Se trataría de la organización criminal más activa en este tipo de hechos de los últimos años, según apunta la Guardia Civil. Se estima que el total de dinero robado alcanza el millón de euros.",https://www.lasexta.com/noticias/sociedad/cae-banda-que-reventaba-cajeros-camiones-pluma-toda-costa-mediterranea_20241203674ed56a7337f20001b3405e.html,lasextanoticias,2024-12-03T09:54:50+00:00
852,lasexta-deportes,"El jefe de Mercedes niega 'sabotajes' a Lewis Hamilton: ""Es todo inventado""","Toto Wolff, jefe de Mercedes, dice que los coches de George Russell y de Hamilton son exactamente iguales: ""No leo esas tonterías"".",https://www.lasexta.com/noticias/deportes/motor/formula1/jefe-mercedes-niega-sabotajes-lewis-hamilton-todo-inventado_20241203674ed02b85d24c0001ce08c1.html,lasextanoticias,2024-12-03T09:32:27+00:00
853,lasextacom,"Sánchez nombra secretario de Estado de Comunicación a Ion Antolín, responsable de prensa del PSOE","En septiembre de 2021, Ion Antolín se incorporó al Gobierno de España como asesor de la Secretaría de Estado de Comunicación y posteriormente fue nombrado Director General de Coordinación Informativa de Moncloa, para después dirigir la comunicación que realiza el Partido Socialista.",https://www.lasexta.com/noticias/nacional/pedro-sanchez-nombra-secretario-estado-comunicacion-ion-antolin-responsable-prensa-psoe_20241203674ecf6d85d24c0001ce07f6.html,lasextanoticias,2024-12-03T09:29:17+00:00
854,lasextacom | efe,"El Gobierno de Barnier, al borde del abismo mientras Francia se sume en la incertidumbre","[[IntroductionHighlight:¿Qué puede pasar?]] La suma de la izquierda y la ultraderecha está a punto de hacer caer al Ejecutivo galo. Conservadores y macronistas advierten de que, de prosperar la censura al Gobierno, Francia se sumirá en el caos. ",https://www.lasexta.com/noticias/internacional/gobierno-barnier-borde-abismo-mientras-francia-sume-incertidumbre_20241203674ecf437337f20001b33a8f.html,lasextanoticias,2024-12-03T09:28:35+00:00
855,lasextacom,Israel vulnera el alto al fuego y mata a 10 personas en una oleada de bombardeos en Líbano,Una tregua frágil El acuerdo de alto el fuego entre Israel y el grupo chií Hizbulá en Líbano se ha incumplido menos de una semana: ya este lunes intercambiaron ataques.,https://www.lasexta.com/noticias/internacional/israel-vulnera-alto-fuego-mata-10-personas-oleada-bombardeos-libano_20241203674ec94385d24c0001ce01d6.html,lasextanoticias,2024-12-03T09:02:59+00:00
856,Desirée Castillo,"Esta noche, en Renacer: Bahar se enfrenta a Timur como su nuevo profesor: ¿podrá soportar la presión?","Entre las exigencias profesionales, los ataques de Rengin y la manipulación de Timur, Bahar tendrá que demostrar una vez más su fortaleza. A las 22.45 horas, nuevo capítulo en Antena 3.",https://www.antena3.com/series/renacer/esta-noche-bahar-enfrenta-timur-como-nuevo-profesor-podra-soportar-presion_20241203674ec8a47337f20001b33506.html,antena3,2024-12-03T09:00:20+00:00
857,lasexta-deportes,¿Problemas para Pedro Acosta? KTM congela el desarrollo del equipo de MotoGP,Las deudas económicas de la marca podrían afectar al proyecto de MotoGP y a un joven piloto llamado a grandes cosas en la categoría.,https://www.lasexta.com/noticias/deportes/motor/problemas-pedro-acosta-ktm-congela-desarrollo-equipo-motogp_20241203674ec07485d24c0001cdf98d.html,lasextanoticias,2024-12-03T08:25:24+00:00
858,europa-press,"Yolanda Díaz fija el plazo para la reducción de la jornada a 37,5 horas semanales: ""Va a entrar en vigor el año que viene""","[[IntroductionHighlight:Los plazos]] La ministra de Trabajo asegura que tramitarán de forma preferente y urgente la reducción, un proceso legislativo que se demorará ""en torno a cinco o seis meses"".",https://www.lasexta.com/noticias/economia/yolanda-diaz-fija-plazo-reduccion-jornada-375-horas-semanales-entrar-vigor-ano-que-viene_20241203674ebf7285d24c0001cdf8ac.html,lasextanoticias,2024-12-03T08:21:06+00:00
859,agencias,Detienen a un hombre tras matar a su hermana en una vivienda en Benalmádena (Málaga),"El presunto autor de los hechos, de 38 años, ha sido detenido en relación con la muerte violenta de su hermana, de 42 años, por varias puñalada con arma blanca. La Policía trata de esclarecer lo ocurrido.",https://www.lasexta.com/noticias/sociedad/detienen-hombre-matar-hermana-vivienda-benalmadena-malaga_20241203674ebd351258380001f272b3.html,lasextanoticias,2024-12-03T08:15:15+00:00
860,efe,El coste de criar a un hijo sube a 758 euros al mes lastrado por la vivienda y la comida,"¿Cómo te afecta? Una de cada dos familias con hijos debe destinar más de la mitad de su renta a gastos relacionados con la vivienda, la educación, los alimentos, la salud o el ocio, entre otros.",https://www.lasexta.com/noticias/economia/coste-criar-hijo-sube-758-euros-mes-lastrado-vivienda-comida_20241203674ebba77337f20001b32967.html,lasextanoticias,2024-12-03T08:04:55+00:00
861,lasextacom,España pierde más de 30.000 empleos en noviembre al concluir la temporada alta,"[[IntroductionHighlight:Sí, pero...]] Pese al retroceso del empleo en noviembre, que afecta especialmente a la hostelería por coincidir con el fin de la temporada, el número de ocupados supera los 21,3 millones, casi medio millón más que un año antes.",https://www.lasexta.com/noticias/economia/espana-pierde-mas-30000-empleos-noviembre-concluir-temporada-alta_20241203674eba8085d24c0001cdf402.html,lasextanoticias,2024-12-03T08:00:00+00:00
862,lasexta-deportes,"Ducati ya prepara la rivalidad entre Márquez y Bagnaia: ""Una buena colaboración...""","Davide Tardozzi, jefe del equipo Ducati, celebra que el año que viene tendrán ""dos pilotos increíbles"" en su box para luchar por todo.",https://www.lasexta.com/noticias/deportes/motor/ducati-prepara-rivalidad-marquez-bagnaia-buena-colaboracion_20241203674eb68985d24c0001cdf0fa.html,lasextanoticias,2024-12-03T07:43:05+00:00
863,lasexta-deportes,"Red Bull llama ""histérico"" a George Russell y la tensión es total de cara a Abu Dabi","Christian Horner, jefe de Red Bull, se une a las durísimas palabras de Max Verstappen y carga contra el piloto de Mercedes.",https://www.lasexta.com/noticias/deportes/motor/formula1/red-bull-llama-histerico-george-russell-tension-total-cara-abu-dabi_20241203674eafdd7337f20001b3203c.html,lasextanoticias,2024-12-03T07:14:37+00:00
864,lasextacom | efe,"Recado de Yolanda Díaz a Sánchez tras el Congreso del PSOE: ""Gobernar no es resistir""","[[IntroductionHighlight:Lee entre líneas]] Mientras el PSOE se ve gobernando hasta 2027 a pesar de lo que considera una ofensiva de la ultraderecha, la líder del socio junior de la coalición advierte de que gobernar no es solo ""resistir"", sino también transformar.",https://www.lasexta.com/noticias/nacional/recado-yolanda-diaz-sanchez-congreso-psoe-gobernar-resistir_20241203674eaf8985d24c0001cdeb50.html,lasextanoticias,2024-12-03T07:13:13+00:00
865,Azahar Flores | Desirée Castillo,La burla de Seren pone a prueba la fortaleza de Bahar en su primer día como médica residente,El primer día de Bahar en el hospital ha estado lejos de ser sencillo. Lo que debía ser una experiencia emocionante se ha convertido en un gran desafío.,https://www.antena3.com/series/renacer/burla-seren-pone-prueba-fortaleza-bahar-primer-dia-como-medica-residente_20241203674e493685d24c0001cdbb27.html,antena3,2024-12-02T23:56:38+00:00
866,Patri Bea | Desirée Castillo,"Bahar y Rengin, cara a cara: la tensa conversación entre las dos mujeres de Timur","El destino ha puesto frente a frente a Bahar y Rengin, en una conversación que, aunque breve, ha estado cargada de tensión y emociones contenidas.",https://www.antena3.com/series/renacer/bahar-rengin-cara-cara-tensa-conversacion-dos-mujeres-timur_20241203674e484285d24c0001cdbaac.html,antena3,2024-12-02T23:52:34+00:00
867,Azahar Flores,"La amenaza de Gülçiçek sacude a Timur: “Si vuelvo a ver a Bahar llorando, prendo fuego a la mansión”","La paciencia de Gülçiçek, la madre de Bahar, ha llegado a su fin y no permitirá que su hija vuelva a derramar una sola lágrima por Timur.",https://www.antena3.com/series/renacer/amenaza-gulcicek-sacude-timur-vuelvo-ver-bahar-llorando-prendo-fuego-mansion_20241203674e444a7337f20001b2f053.html,antena3,2024-12-02T23:35:38+00:00
868,Desirée Castillo,La doble cara de Timur: se reconcilia con Bahar mientras oculta la verdad sobre Rengin,"El cirujano se ha presentado por sorpresa en casa de Gülçiçek, la madre de Bahar, con la intención de reconciliarse con su esposa.",https://www.antena3.com/series/renacer/doble-cara-timur-reconcilia-bahar-mientras-oculta-verdad-rengin_20241203674e43247337f20001b2efc7.html,antena3,2024-12-02T23:30:44+00:00
869,borja-g-collado,Putin eleva su represión contra el colectivo LGTBIQ+: brutales redadas en locales de Moscú,La policía ha detenido a decenas de personas cuyo único 'delito' era ser homosexual o bisexual. Desde este año el colectivo está considerado como una organización terrorista-extremista.,https://www.lasexta.com/noticias/internacional/putin-eleva-represion-colectivo-lgtbiq-brutales-redadas-locales-moscu_20241203674e3d171258380001f22f1f.html,lasextanoticias,2024-12-02T23:04:55+00:00
870,Desirée Castillo,Nevra saca a relucir el pasado de Bahar y carga duramente contra ella: “Eres una desagradecida”,"Con cada palabra, Nevra ha dejado claro que considera a Bahar en deuda eterna con la familia.",https://www.antena3.com/series/renacer/nevra-saca-relucir-pasado-bahar-carga-duramente-ella-eres-desagradecida_20241202674e375785d24c0001cdaf37.html,antena3,2024-12-02T22:40:23+00:00
871,lasextacom,"Negocios turbios en China y Ucrania y una vida marcada por la droga: así es Hunter Biden, el hijo indultado del presidente de EEUU","[[IntroductionHighlight:¿Por qué es importante?]] Joe Biden ha firmado este lunes el indulto ""total e incondicional"" a su hijo Hunter, condenado por tres delitos relacionados con la posesión de armas.",https://www.lasexta.com/noticias/internacional/negocios-turbios-china-ucrania-vida-marcada-droga-asi-hunter-biden-hijo-indultado-presidente-eeuu_20241202674e37477337f20001b2e897.html,lasextanoticias,2024-12-02T22:40:07+00:00
872,lasextacom,Continúa la búsqueda del hombre que dejó abandonados en la carretera a su mujer y a sus hijos tras un accidente en Granada,"Cumplía condena por violencia machista contra su mujer y tenía una orden de alejamiento. Ese día disfrutaba de un permiso penitenciario y debido a sus amenazas, pudo reunirse con su familia. Ella murió en el acto.",https://www.lasexta.com/noticias/sociedad/continua-busqueda-hombre-que-dejo-abandonados-carretera-mujer-sus-hijos-accidente-granada_20241202674e36221258380001f229c1.html,lasextanoticias,2024-12-02T22:35:14+00:00
873,lasextacom,La otra gestión de la DANA en la que Mazón también falló: recortó a casi la mitad el dinero para el encauzamiento de los ríos,"[[IntroductionHighlight:¿Por qué es importante?]]  La partida para el encauzamiento de los ríos o la reparación de ramblas y barrancos en los presupuestos de este año se redujó a la mitad, de 37.907 a 19.021 euros. El enfado entre los vecinos, al conocerlo, se ha multiplicado. ",https://www.lasexta.com/noticias/nacional/otra-gestion-dana-que-mazon-tambien-fallo-recorto-casi-mitad-dinero-encauzamiento-rios_20241202674e2e287337f20001b2e24c.html,lasextanoticias,2024-12-02T22:01:12+00:00
874,lasexta-deportes,El dato de Lance Stroll que encumbra a Fernando Alonso en Aston Martin,"El canadiense, junto a Valtteri Bottas, ha sido el peor piloto de la parrilla de Fórmula 1 en la segunda mitad de la temporada. ",https://www.lasexta.com/noticias/deportes/motor/formula1/dato-lance-stroll-que-encumbra-fernando-alonso-aston-martin_20241202674e29071258380001f21ff9.html,lasextanoticias,2024-12-02T21:39:19+00:00
875,Roberto Fernández Ferreira,"La etapa más complicada de Robbie Williams: ""Era alcohólico, drogadicto, y debía 300.000 libras""",El artista se ha abierto por completo contando cómo sus inicios en la fama le llevaron a caer en un pozo muy profundo.,https://www.antena3.com/programas/el-hormiguero/entrevista/etapa-mas-complicada-robbie-williams-era-alcoholico-drogadicto_20241202674e267a7337f20001b2dd13.html,antena3,2024-12-02T21:28:26+00:00
876,lasextacom,El milagro de Abraham: sobrevivir pese a haber nacido pesando 393 gramos,"El neonato medía 19 centímetros. Gracias a su esfuerzo y al personal del Hospital Clínico de Santiago de Compostela, tras pasar cuatro meses en una incubadora, ya está con sus padres.",https://www.lasexta.com/noticias/sociedad/milagro-abraham-sobrevivir-pese-haber-nacido-pesando-393-gramos_20241202674e26417337f20001b2dcd1.html,lasextanoticias,2024-12-02T21:27:29+00:00
877,lasextacom,"El diciembre judicial del entorno del Gobierno: Ábalos, Koldo, Aldama o Begoña Gómez afrontan un mes repleto de tribunales","[[IntroductionHighlight:¿Por qué es importante?]] José Luis Ábalos, Koldo García, Víctor de Aldama, Begoña Gómez y Cristina Álvarez comparecerán ante el juez en las próximas tres semanas.",https://www.lasexta.com/noticias/nacional/diciembre-judicial-entorno-gobierno-abalos-koldo-aldama-begona-gomez-afrontan-mes-repleto-tribunales_20241202674e1f2385d24c0001cd9c54.html,lasextanoticias,2024-12-02T20:57:07+00:00
878,lasexta-deportes,La inédita situación que vivirá Marc Márquez con Bagnaia en Ducati,"El octocampeón el mundo ha explicado cómo será su aterrizaje en Borgo Paniale, donde deberá arrancar con ""perfil bajo"".",https://www.lasexta.com/noticias/deportes/motor/inedita-situacion-que-vivira-marc-marquez-bagnaia-ducati_20241202674e1ab51258380001f212df.html,lasextanoticias,2024-12-02T20:38:13+00:00
879,lasextacom,Los tres mantras tramposos de Ayuso para defender a su pareja: dos mentiras y una media verdad,"[[IntroductionHighlight:¿Cuáles son? ]] Diseccionamos los tres mantras de Isabel Díaz Ayuso. El primero habla de ""inspección fiscal"" contra su pareja. El segundo lo que Ayuso llama ""la multa de Hacienda"", que no es una multa. Y el tercero que su novio ""intentó pagar la multa"" pero ""que no le dejaron"".",https://www.lasexta.com/noticias/nacional/tres-mantras-tramposos-ayuso-defender-pareja-dos-mentiras-media-verdad_20241202674e1a1885d24c0001cd9819.html,lasextanoticias,2024-12-02T20:35:36+00:00
880,lasexta-deportes,"Carlos Alcaraz, en estado puro: ojo a sus diez mejores puntos en 2024","'Tennis TV', una vez que ha terminado la temporada de la ATP, ha realizado un 'top 10' de los mejores puntos del número 3 del mundo.",https://www.lasexta.com/noticias/deportes/tenis/carlos-alcaraz-estado-puro-ojo-sus-diez-mejores-puntos-2024_20241202674e0dc285d24c0001cd8dc4.html,lasextanoticias,2024-12-02T19:42:58+00:00
881,lasextacom,El PP permite un aquelarre ultraderechista mundial en el Senado lleno de barbaridades y citas a Hitler,"[[IntroductionHighlight:Una cumbre con el aval popular]] En medio de la vergonzosa cumbre donde los ultras ocultaban sus mensajes de odio escudándose en ""defender el derecho a la vida"", el Partido Popular ha hecho la vista gorda y ha restado importancia al asunto. ",https://www.lasexta.com/noticias/nacional/permite-aquelarre-ultraderechista-mundial-senado-lleno-barbaridades-citas-hitler_20241202674e09c61258380001f204c9.html,lasextanoticias,2024-12-02T19:25:58+00:00
882,Sara Sanz,"La carta inédita que Coll le escribió a Tip tras su fallecimiento: ""Ha muerto un genio, mi amigo""","Alberto, el sobrino de Tip y Marta, la hija de Coll, visitan el plató de Y ahora Sonsoles para recordar a una de las parejas artísticas más icónicas de nuestro país. El dúo le puso humor a los últimos años de la Transición Española, pero se separó debido a las diferencias que nacieron entra ambos.",https://www.antena3.com/programas/y-ahora-sonsoles/carta-inedita-que-coll-escribio-tip-fallecimiento-muerto-genio-amigo_20241202674e03c01258380001f20037.html,antena3,2024-12-02T19:00:16+00:00
883,lasexta-deportes,El 'inspector' Fernando Alonso vuelve a las andadas: examinó el Ferrari de Carlos Sainz tras la carrera,"El bicampeón del mundo de Fórmula 1, tras bajarse de su Aston Martin, se detuvo a examinar el alerón delantero y los pontones del Ferrari de su compatriota.",https://www.lasexta.com/noticias/deportes/motor/formula1/inspector-fernando-alonso-vuelve-andadas-examino-ferrari-carlos-sainz-carrera_20241202674e00791258380001f1fdc1.html,lasextanoticias,2024-12-02T18:46:17+00:00
884,Sara Sanz,"Antonio Canales denuncia a su casera por coacciones: ""El que la hace, la paga""","El bailaor acusa a su casera por dejarle el suministro eléctrico al mínimo y el juicio se ha celebrado hoy mismo. Un pleito al que no ha acudido Pilar, la propietaria de vivienda.",https://www.antena3.com/programas/y-ahora-sonsoles/antonio-canales-denuncia-casera-coacciones-que-hace-paga_20241202674dfdbb7337f20001b2be2a.html,antena3,2024-12-02T18:34:50+00:00
885,Sara Sanz,"Encontramos al nieto que Alicia lleva más de 20 años buscando: ""Espero poderle abrazar""","La última vez que Alicia vio a su nieto él tenía 8 años. Su madre desapareció con el pequeño Aitor y nunca volvió a saber de él. Sin embargo, en Y ahora Sonsoles damos con Aitor y le contamos que su abuela lleva buscándole más de dos décadas. ",https://www.antena3.com/programas/y-ahora-sonsoles/encontramos-nieto-que-alicia-llevaba-mas-20-anos-buscando-espero-poderle-abrazar_20241202674dfbfc7337f20001b2bceb.html,antena3,2024-12-02T18:27:33+00:00
886,lasextacom,Anticorrupción pide ante el Supremo imputar a Alvise Pérez por financiación ilegal,"[[IntroductionHighlight:¿Por qué es importante?]]  La Fiscalía Anticorrupción ha pedido este lunes al titular encargado del juzgado 4 de la Audiencia Nacional, José Luis Calama, que eleve la acusación al Tribunal Supremo para imputar al líder de Se Acabó La Fiesta por delito de financiación ilegal de partidos políticos.",https://www.lasexta.com/noticias/nacional/anticorrupcion-pide-supremo-imputar-alvise-perez-financiacion-ilegal_20241202674dfb4d85d24c0001cd7f1c.html,lasextanoticias,2024-12-02T18:24:13+00:00
887,Sara Sanz,"Queman al hijo de Mari Carmen en su centro especializado: ""En una semana ha sufrido tres nuevas agresiones""","Mari Carmen tiene a su hijo en un centro público supuestamente especializado, pero cada vez que va a verlo, se lo encuentra con una lesión más grave que la anterior. La última: le han abrasado la cara.",https://www.antena3.com/programas/y-ahora-sonsoles/queman-hijo-mari-carmen-centro-especializado-semana-sufrido-tres-nuevas-agresiones_20241202674df7f385d24c0001cd7c15.html,antena3,2024-12-02T18:09:55+00:00
888,lasextacom,"El Gobierno carga contra la vergonzosa cumbre ultra antiabortista: ""Se va a cumplir la ley y se va a garantizar el derecho a abortar""","[[IntroductionHighlight:El contexto]] La organización que se ha dado cita en el Senado está liderada por el ultraderechista chileno Kast. Entre sus ponentes figura, por ejemplo, una diputada ugandesa que apoyó la pena de muerte para homosexuales.",https://www.lasexta.com/noticias/nacional/gobierno-carga-vergonzosa-cumbre-ultra-antiabortista-cumplir-ley-garantizar-derecho-abortar_20241202674df7b885d24c0001cd7be0.html,lasextanoticias,2024-12-02T18:08:56+00:00
889,Sara Sanz,"Esther, en shock al descubrir que está enamorada de un impostor: ""Me decía que estaba en la guerra""","Aunque viene al programa para confesarle a Pedro su amor, descubrimos que este hombre es, en realidad, un perfil falso que ha estado engañándola todo este tiempo, igual que a muchas otras personas.",https://www.antena3.com/programas/y-ahora-sonsoles/esther-shock-descubrir-que-esta-enamorada-impostor-decia-que-estaba-guerra_20241202674df4167337f20001b2b6e3.html,antena3,2024-12-02T17:53:26+00:00
890,lasexta-deportes,Red Bull podría despedir a 'Checo' Pérez tras el GP de Abu Dabi,"Según informan medios como 'ESPN' o 'The Race', la escudería austriaca rescindirá el contrato del mexicano tras la última carrera de la temporada. ",https://www.lasexta.com/noticias/deportes/motor/formula1/red-bull-podria-despedir-checo-perez-abu-dabi_20241202674df1581258380001f1f04c.html,lasextanoticias,2024-12-02T17:41:44+00:00
891,lasextacom,¿Qué pasa en Georgia? El pueblo levanta la voz contra un presidente que rompe lazos con la UE y que quiere ilegalizar a la oposición,"Georgia señala al Gobierno El primer ministro de Georgia, Irakli Kobajidze, ha anunciado que el país congela hasta 2028 el comienzo de las negociaciones para su ingreso en la Unión Europea. ""Hemos tomado la decisión de no poner en la agenda la apertura de las negociaciones hasta 2028"", ha expresado Kobajidze.",https://www.lasexta.com/noticias/internacional/que-pasa-georgia-pueblo-levanta-voz-presidente-que-rompe-lazos-que-quiere-ilegalizar-oposicion_20241202674ded031258380001f1eca5.html,lasextanoticias,2024-12-02T17:23:15+00:00
892,Sara Sanz,Las dueñas de dos locales colindantes de Palma de Mallorca terminan a golpes,"La dueña de una tienda multiservicios ha llegado a las manos con la pizzera del local de al lado. El asunto se ha llevado a los juzgados, aunque ninguna de las dos cede.",https://www.antena3.com/programas/y-ahora-sonsoles/duenas-dos-locales-colindantes-palma-mallorca-terminan-golpes_20241202674de8931258380001f1e866.html,antena3,2024-12-02T17:04:19+00:00
893,Cristina García Chacón,"La salsa americana de Karlos Arguiñano: ""Es una salsa muy socorrida que vale para un montón de platos""","Karlos Arguiñano ha elaborado paso a paso una salsa americana riquísima para acompañar a cualquier pescado o marisco, pero también para otros tantos platos diferentes.",https://www.antena3.com/programas/karlos-arguinano/recetas/salsas/salsa-americana-muy-socorrida_20241202674da33a7337f20001b26262.html,antena3,2024-12-02T17:00:16+00:00
894,lasexta-deportes,"¿Debería ser entrenador Nadal? La sorprendente reflexión de una leyenda del tenis español ""Al 99,9%...""",Álex Corretja ha valorado la posibilidad de que Rafa Nadal termine entrenando en un futuro no muy lejano. El catalán se moja sobre si ve al balear en los banquillos o no. ,https://www.lasexta.com/noticias/deportes/tenis/deberia-ser-entrenador-nadal-sorprendente-reflexion-leyenda-tenis-espanol-999_20241202674de71a85d24c0001cd6cb3.html,lasextanoticias,2024-12-02T16:58:02+00:00
895,Sara Sanz,"La obsesión de un compañero de trabajo arruina la vida de María Luisa: ""Usó mi foto ofreciendo servicios inimaginables""","A María Luisa la acusaron de todo: desde ser una robamaridos a ejercer la prostitución. Desde hace varios años, ha sido señalada por ser algo que no era.",https://www.antena3.com/programas/y-ahora-sonsoles/obsesion-companero-trabajo-arruina-vida-maria-luisa-uso-foto-ofreciendo-servicios-inimaginables_20241202674de46a85d24c0001cd6a80.html,antena3,2024-12-02T16:46:34+00:00
896,guillermo-alvarez,Antiviolencia multa a los autores de los insultos racistas a Lamine Yamal en el Bernabéu,"La Comisión Estatal contra la Violencia, el Racismo, la Xenofobia y la Intolerancia en el Deporte ha realizado dos propuestas de sanción a cuatro aficionados que insultaron al jugador del FC Barcelona en el Clásico. ",https://www.lasexta.com/noticias/deportes/futbol/antiviolencia-multa-autores-insultos-racistas-lamine-yamal-bernabeu_20241202674de1ae85d24c0001cd67e7.html,lasextanoticias,2024-12-02T16:34:54+00:00
897,Sara Sanz,Estafa insólita: Azahara pide un móvil de alta gama y recibe una lata de comida para perros,"Azahara aprovechó una oferta que ha terminado saliéndole muy cara: se ha gastado el doble de dinero en un móvil ya que, la primera vez que lo pidió, le enviaron una lata de comida de perro.",https://www.antena3.com/programas/y-ahora-sonsoles/estafa-insolita-azahara-pide-movil-alta-gama-recibe-lata-comida-perros_20241202674de11c7337f20001b2a71d.html,antena3,2024-12-02T16:32:28+00:00
898,alfonso-perez-medina | efe,Libertad para el menor de 14 años detenido por una presunta violación en Valencia,[[IntroductionHighlight:Los detalles]] El menor habría agredido a una mujer en el distrito Marítimo de Valencia este domingo tras atacarla con un arma eléctrica.,https://www.lasexta.com/noticias/sociedad/libertad-menor-14-anos-detenido-presunta-violacion-valencia_20241202674de0f57337f20001b2a6bc.html,lasextanoticias,2024-12-02T16:31:49+00:00
899,Sara Sanz,"Fabiola Martínez confiesa que fue víctima de abuso sexual: ""Un trauma como este te aleja de ti""","La exmujer de Bertín Osborne relata en sus memorias uno de sus recuerdos más difíciles: desde los 5 años, sufrió abusos sexuales. Con su nuevo libro, trata de reconciliarse con su infancia y arrojar luz sobre una realidad que, desgraciadamente, muchos niños han vivido. ",https://www.antena3.com/programas/y-ahora-sonsoles/fabiola-martinez-confiesa-que-fue-victima-abuso-sexual-trauma-como-este-aleja_20241202674ddff27337f20001b2a599.html,antena3,2024-12-02T16:27:30+00:00
900,lasextacom,La policía francesa investiga si la empresa que organizó el viaje a Andorra en el que murieron dos personas tenía licencia,"[[IntroductionHighlight:¿Qué se sabe?]] La compañía propietaria del vehículo ha asegurado a laSexta que cuenta con seguro, aunque desconoce si la empresa que organizó la excursión tenía el permiso y si había realizado las revisiones al vehículo. ",https://www.lasexta.com/noticias/sociedad/policia-francesa-investiga-empresa-que-organizo-viaje-andorra-que-murieron-dos-personas-tenia-licencia_20241202674ddbc31258380001f1daac.html,lasextanoticias,2024-12-02T16:09:39+00:00
901,lasexta-deportes,Momentazo para la historia: Djokovic imita a Rafa Nadal a petición de Del Potro,"Durante la despedida del ganador del US Open 2009, el argentino le pidió al serbio que imitase al balear. ",https://www.lasexta.com/noticias/deportes/tenis/momentazo-historia-djokovic-imita-rafa-nadal-peticion-potro_20241202674ddbc285d24c0001cd6160.html,lasextanoticias,2024-12-02T16:09:38+00:00
902,agencias | lasextacom,"Carla Antonelli estalla contra el PSOE por eliminar la 'Q+' de las siglas LGTBI: ""Me parece lamentable""","El contexto La senadora ha mostrado su enfado tras conocer que el PSOE, en su Congreso Federal, ha aprobado la eliminación de la 'Q+', que hacen referencia a las personas queer y el resto de identidades y orientaciones.",https://www.lasexta.com/noticias/nacional/carla-antonelli-critica-psoe-eliminar-siglas-lgtbi-parece-lamentable_20241202674dda9e85d24c0001cd600f.html,lasextanoticias,2024-12-02T16:06:28+00:00
903,lasextacom,"Un oso se cuela en un supermercado, ataca a un trabajador y destroza el local","[[IntroductionHighlight:Los detalles]] El animal se coló en un establecimiento de la ciudad de Akita, donde hirió levemente a un empleado y saqueó la sección de carne.",https://www.lasexta.com/noticias/sociedad/oso-cuela-supermercado-ataca-trabajador-destroza-local_20241202674dd92c85d24c0001cd5ec1.html,lasextanoticias,2024-12-02T15:58:35+00:00
904,"Alicia, Hegar",¿Qué está pasando en Siria? Alepo cae ante los rebeldes y pone al régimen de Al-Assad en una difícil situación,"[[IntroductionHighlight:¿Qué implica?]] La pérdida de Alepo podría marcar un punto de inflexión en la guerra, debilitando al régimen de Al-Assad, tras 13 años de lucha, y abriendo el camino a un posible cambio en el equilibrio de poder en Siria.",https://www.lasexta.com/noticias/internacional/que-esta-pasando-siria-alepo-cae-rebeldes-pone-regimen-alassad-dificil-situacion_20241202674dd86485d24c0001cd5e14.html,lasextanoticias,2024-12-02T15:55:16+00:00
905,lasextacom | efe,Le Pen anuncia que votará a favor de una moción de censura para tumbar el Gobierno de Barnier,"[[IntroductionHighlight:¿Por qué es importante?]] La líder ultraderechista se ha justificado alegnado que el primer ministro no ha tenido en cuenta sus líneas rojas y que ""no ha querido aceptarlas"". ",https://www.lasexta.com/noticias/internacional/pen-anuncia-que-votara-favor-mocion-censura-tumbar-gobierno-barnier_20241202674dd7191258380001f1d5a3.html,lasextanoticias,2024-12-02T15:49:45+00:00
906,jaime-rull,El PSOE de Madrid elegirá entre el 11 y el 18 de enero a su nuevo líder tras la marcha de Lobato,"El contexto Tras la dimisión de Juan Lobato, quien lideró el partido durante tres años, el proceso comenzará el 7 de diciembre. La votación será el 11 de enero, con Óscar López como favorito, respaldado por Ferraz.",https://www.lasexta.com/noticias/nacional/psoe-madrid-elegira-11-18-enero-nuevo-lider-marcha-lobato_20241202674dcdcd7337f20001b294e9.html,lasextanoticias,2024-12-02T15:10:05+00:00
907,"Ana, Regalado",Alerta por los 11 bebés españoles afectados por el síndrome de hombre lobo: los padres usaban lociones para la calvicie,"Lo ha descubierto el Centro de Farmacovigilancia de Navarra. El síndrome del hombre lobo está afectando a lactantes cuyos padres utilizan lociones contra la calvicie con minoxidil. La farmacéutica Sonia Sáenz de Buruaga, ha explicado en Espejo Público que a los bebés les crece vello tras entrar en contacto con partes del cuerpo de sus padres que se han impregnado del fármaco.",https://www.antena3.com/programas/espejo-publico/alerta-11-bebes-espanoles-afectados-sindrome-hombre-lobo-padres-usaban-lociones-calvicie_20241202674dcd8c1258380001f1cc8e.html,antena3,2024-12-02T15:09:00+00:00
908,jugones,"Pedrerol, sobre el discurso ""pesimista"" de Flick: ""Nos recuerda a Xavi""","En su editorial en 'Jugones', Josep Pedrerol ha analizado las palabras del entrenador del FC Barcelona tras caer ante Las Palmas. ",https://www.lasexta.com/noticias/deportes/futbol/pedrerol-discurso-pesimista-flick-nos-recuerda-xavi_20241202674dc58e7337f20001b28d98.html,lasextanoticias,2024-12-02T14:34:54+00:00
909,lasexta-deportes,"El fallo de Lando Norris que revivió la lucha por el mundial de constructores: ""La cagué...""","El piloto de McLaren cometió un error en carrera por el que le terminaron sancionando y quedó relegado a la última posición de la carrera. Pese a que remontó, le dio a Ferrari opciones para seguir luchando por el título de constructores. ",https://www.lasexta.com/noticias/deportes/motor/formula1/fallo-lando-norris-que-revivio-lucha-mundial-constructores-cague_20241202674dc2931258380001f1c24d.html,lasextanoticias,2024-12-02T14:22:11+00:00
910,espejo-publico,"Las reacciones de Sergio Ramos, Pilar Rubio y su entrono, por la nueva acompañante del futbolista: ""Los pactos de pareja: hay tantos y tan variados""","Las informaciones desveladas en Espejo Público el pasado mes de Noviembre sobre una mujer que acompañaría a Sergio Ramos a muchos de los eventos a los que acude, ha desencadenado una serie de acontecimientos.",https://www.antena3.com/programas/espejo-publico/noticias/reacciones-sergio-ramos-pilar-rubio-entrono-nueva-acompanante-futbolista-pactos-pareja-hay-tantos-tan-variados_20241202674dc2321258380001f1c1e4.html,antena3,2024-12-02T14:20:34+00:00
911,sergio-illescas,La Policía cree que el exjefe de la UDEF en Madrid podría tener ocultos otros 27 millones en dinero negro y más de 15 en criptomonedas,La Policía cree también que los socios narcotraficantes de Sánchez Gil podrían haber desviado más de 150 millones a Dubai.,https://www.lasexta.com/noticias/nacional/policia-cree-que-exjefe-udef-madrid-podria-tener-ocultos-otros-27-millones-dinero-negro-mas-15-criptomonedas_20241202674dc0017337f20001b28877.html,lasextanoticias,2024-12-02T14:11:13+00:00
912,lasextacom,Los grandes escollos de una empresa pública de vivienda: las dudas que ni el Gobierno sabe despejar (aún),"[[IntroductionHighlight:La otra cara]] Los expertos creen que la empresa pública de vivienda anunciada por Sánchez es un buen primer paso, aunque queda mucho todavía para que se materialice. ",https://www.lasexta.com/noticias/economia/grandes-escollos-empresa-publica-vivienda-dudas-que-gobierno-sabe-despejar-aun_20241202674dbb7d85d24c0001cd401f.html,lasextanoticias,2024-12-02T13:51:57+00:00
913,lasexta-deportes,"La reflexión de un campeón del mundo sobre luchar contra Márquez: ""Era como un pitbull...""","Jorge Lorenzo, pentacampeón del mundo, ha recordado cómo era competir con Marc Márquez en los años dorados del motociclismo en el que el mallorquín fue capaz de ganar tres mundiales en la categoría reina.",https://www.lasexta.com/noticias/deportes/motor/reflexion-campeon-mundo-luchar-marquez-era-como-pitbull_20241202674db76a1258380001f1b2f1.html,lasextanoticias,2024-12-02T13:34:34+00:00
914,lasextacom | agencias,"El general Gan Pampols asegura no conocer su sueldo de vicepresidente: ""No he pedido jamás lo que no me corresponde""",La polémica sobre su sueldo surgió tras conocerse que Carlos Mazón había camuflado en un decreto de ayudas de la DANA una medida para eliminar el tope salarial para los altos cargos de su Gobierno.,https://www.lasexta.com/noticias/nacional/general-gan-pampols-asegura-conocer-sueldo-vicepresidente-pedido-jamas-que-corresponde_20241202674db08585d24c0001cd3061.html,lasextanoticias,2024-12-02T13:19:54+00:00
915,lasexta-deportes,"Red Bull ya no está interesado en Colapinto: ""Nosotros tenemos una gran cantera...""","Christian Horner, jefe de Red Bull, dice que prefieren pensar en sus pilotos de casa antes que traer a Franco Colapinto de Williams. ",https://www.lasexta.com/noticias/deportes/motor/formula1/red-bull-esta-interesado-colapinto-nosotros-tenemos-gran-cantera_20241202674db14a7337f20001b27577.html,lasextanoticias,2024-12-02T13:08:26+00:00
916,Celia Gil | Guillermo Espeso,"Los talents de La Voz se enfrentan por primera vez a los comentarios de los fans: ""Es un poco difícil creérmelos""",Los talents de la primera Semifinal de La Voz han reaccionado a todo lo que les han dicho en redes sociales... ¡No te lo pierdas!,https://www.antena3.com/programas/la-voz/talents-enfrentan-primera-vez-comentarios-fans-poco-dificil-creermelos_20241202674dacd97337f20001b26e71.html,antena3,2024-12-02T12:49:29+00:00
917,"Andrés, Pantoja","Joaquín Leguina, otro exsocialista crítico con el PSOE por su Congreso: ""He sentido vergüenza ajena. ¿Quién puede creerse eso?""","El exdirigente socialista Joaquín Leguina ha sido otro de los antiguos miembros del partido que se pronunciaban de manera muy crítica ante el Congreso Federal del PSOE, celebrado el pasado fin de semana en Sevilla.",https://www.antena3.com/programas/espejo-publico/noticias/joaquin-leguina-otro-exsocialista-critico-psoe-congreso-sentido-verguenza-ajena-quien-puede-creerse-eso_20241202674dabf31258380001f1a257.html,antena3,2024-12-02T12:45:39+00:00
918,lasexta-deportes,"El llamativo análisis de Jorge Lorenzo sobre Rossi: ""Aunque no tuviera una gran calidad...""","El expiloto de MotoGP dice que Valentino era ""muy completo"" a pesar de que no tenía una ""súper calidad"" en su pilotaje. ",https://www.lasexta.com/noticias/deportes/motor/llamativo-analisis-jorge-lorenzo-rossi-aunque-tuviera-gran-calidad_20241202674dab731258380001f1a1b4.html,lasextanoticias,2024-12-02T12:43:31+00:00
919,"Francisco, Cacho",Vuelve el frío y la lluvia al norte con la llegada de un nuevo frente,"El tiempo cambia debido a un frente que dejará lluvias en prácticamente toda la mitad norte, sobre todo en el Cantábrico. En cuanto a las temperaturas, en el norte podrán llegar a perder hasta siete grados.",https://www.lasexta.com/noticias/el-tiempo/vuelve-frio-lluvia-norte-llegada-nuevo-frente_20241202674da98c85d24c0001cd25b4.html,lasextanoticias,2024-12-02T12:41:09+00:00
920,ana-cuesta,Quién es quién en la cumbre antiaborto que reúne a la 'crème de la crème' de la ultraderecha mundial en el Senado,"[[IntroductionHighlight:Festival ultra en la Cámara Alta]] Una organización ultra ha convertido el Senado, con la complicidad del PP, en escenario de un cónclave antiabortista que reúne a lo más granado de la extrema derecha internacional.",https://www.lasexta.com/noticias/nacional/quien-quien-cumbre-antiaborto-que-reune-creme-creme-ultraderecha-mundial-senado_20241202674daaaa85d24c0001cd2707.html,lasextanoticias,2024-12-02T12:40:10+00:00
921,"Laura, Simón","Isabel Díaz Ayuso, en Espejo Público, llama cobarde a Pedro Sánchez: ""Ha decidido destruirme y ha puesto en funcionamiento a todos los poderes del Estado""",La presidenta de la Comunidad de Madrid Isabel Díaz Ayuso visita el plató de Espejo Público para analizar la actualidad política tras la dimisión de Juan Lobato como líder del PSOE en Madrid.,https://www.antena3.com/programas/espejo-publico/noticias/isabel-diaz-ayuso-llama-cobarde-pedro-sanchez-decidido-destruirme-puesto-funcionamiento-todos-poderes-estado_20241202674d7c167337f20001b23859.html,antena3,2024-12-02T12:24:40+00:00
922,lasexta-deportes,"La firme defensa de Alonso a Verstappen por su 'lío' con Russell: ""Pediré que sea castigado...""",El asturiano ha opinado con cierta ironía sobre la acción que terminó provocando el enfado del campeón del mundo con el piloto de Mercedes. ,https://www.lasexta.com/noticias/deportes/motor/formula1/firme-defensa-alonso-verstappen-lio-russell-pedire-que-sea-castigado_20241202674da66b7337f20001b2666c.html,lasextanoticias,2024-12-02T12:22:03+00:00
923,europa-press,Acciona ficha a la startup española Halotech para aumentar la seguridad en sus proyectos,"La compañía introducirá el dispositivo 'Halo III' en sus equipos de proyecto para monitorizar datos relevantes sobre las condiciones ambientales del entorno de trabajo y sobre el propio operario, alertando de situaciones de emergencia en tiempo real. ",https://www.lasexta.com/noticias/economia/acciona-ficha-startup-espanola-halotech-aumentar-seguridad-sus-proyectos_20241202674da61885d24c0001cd20d0.html,lasextanoticias,2024-12-02T12:20:40+00:00
924,"Ana, Alcaide","Toni Bolaño revela su conversación privada con Pedro Sánchez en el Congreso Federal del PSOE: ""Me trasmitió que estaba con ganas y mucha fuerza""",El periodista ha revelado en exclusiva en Espejo Público su conversación con el presidente del Gobierno.,https://www.antena3.com/programas/espejo-publico/toni-bolano-revela-conversacion-privada-pedro-sanchez-congreso-federal-psoe-trasmitio-que-estaba-ganas-mucha-fuerza_20241202674da40e85d24c0001cd1e27.html,antena3,2024-12-02T12:11:58+00:00
925,lasexta-deportes,"Fernando Alonso pide un descanso y no estará en los test de Abu Dabi: ""Tengo que cuidarme un poco""","El piloto de Aston Martin dice que ""ha sufrido físicamente en las últimas cuatro carreras"" y necesitará un descanso cuando termine el mundial de la Fórmula 1. ",https://www.lasexta.com/noticias/deportes/motor/formula1/fernando-alonso-pide-descanso-estara-test-abu-dabi-tengo-que-cuidarme-poco_20241202674da02685d24c0001cd1883.html,lasextanoticias,2024-12-02T11:55:18+00:00
926,alfonso-perez-medina,El Supremo asume el caso Koldo y fija la declaración voluntaria de Ábalos para el 12 de diciembre,"El juez también cita a declarar como investigados a Aldama, el próximo 16 de diciembre, y a Koldo García el día 17.",https://www.lasexta.com/noticias/nacional/supremo-asume-caso-koldo-fija-declaracion-voluntaria-abalos-12-diciembre_20241202674d9fd77337f20001b25dda.html,lasextanoticias,2024-12-02T11:53:59+00:00
927,"Ana, Estévez Sánchez",¿Por qué no estuvo Cándido Méndez en el Congreso del PSOE en Sevilla?,Cándido Méndez confiesa en 'Espejo público' la verdad sobre su ausencia en el Congreso Federal del PSOE en Sevilla.,https://www.antena3.com/programas/espejo-publico/noticias/que-estuvo-candido-mendez-congreso-psoe-sevilla_20241202674d9c151258380001f18d1f.html,antena3,2024-12-02T11:37:57+00:00
928,alfonso-perez-medina,"El coronel que condecoró a Aldama declara que él y Koldo ""colaboraban"" con la Guardia Civil","Francisco José Vázquez Aznárez, el coronel al frente de la unidad contra el terrorismo yihadista y la persona que condecoró a Víctor de Aldama, ha indicado que él y Koldo colaboraban con la Guardia Civil a través del comandante Rubén Villalba.",https://www.lasexta.com/noticias/nacional/coronel-que-condecoro-aldama-declara-que-koldo-colaboraban-guardia-civil_20241202674d9ae57337f20001b2582e.html,lasextanoticias,2024-12-02T11:32:52+00:00
929,Eire García Arbaizar | Desirée Castillo,La lección de Ifakat a Suna que promete cambiar su destino: “Debes valorarte a ti misma”,"Para Ifakat, el verdadero desafío no es solo la apariencia de Suna, sino fortalecer su autoestima y convertirla en una mujer que inspire respeto.",https://www.antena3.com/series/una-nueva-vida/leccion-ifakat-suna-que-promete-cambiar-destino-debes-valorarte-misma_20241202674d93431258380001f18362.html,antena3,2024-12-02T11:00:19+00:00
930,alfonso-perez-medina,El Supremo avala que se cuelgue la bandera LGTBI en los edificios públicos en el Orgullo,"El tribunal entiende que estas bandera no es un símbolo partidista ni ""propugna ningún tipo de enfrentamiento"" y avala que ondeara en la fachada del Ayuntamiento de Zaragoza",https://www.lasexta.com/noticias/nacional/supremo-avala-que-cuelgue-bandera-lgtbi-edificios-publicos-orgullo_20241202674d927e85d24c0001cd0868.html,lasextanoticias,2024-12-02T10:58:46+00:00
931,Sara Sanz,Ordenatriz pone a Pilar Vidal y Nacho Gay a prueba: ¿saben hacer la cama como en los hoteles?,Begoña nos da los trucos para hacer la cama perfecta y somete a los colaboradores a un divertido concurso. ¿Quién hará mejor la cama en menos tiempo?,https://www.antena3.com/programas/y-ahora-sonsoles/ordenatriz-pone-pilar-vidal-nacho-gay-prueba-saben-hacer-cama-como-hoteles_20241202674d91db7337f20001b24ec0.html,antena3,2024-12-02T10:54:19+00:00
932,lasexta-deportes,La prensa inglesa destapa el chantaje a la familia Schumacher: 15 millones de euros por miles de archivos,'Daily Mail' publica este lunes que el guardaespaldas de la familia robó más de 1.500 archivos de imágenes y vídeos a la familia Schumacher.,https://www.lasexta.com/noticias/deportes/motor/formula1/prensa-inglesa-destapa-chantaje-familia-schumacher-15-millones-euros-miles-archivos_20241202674d8fc97337f20001b24cc6.html,lasextanoticias,2024-12-02T10:45:29+00:00
933,lasextacom,"Ayuso carga contra Sánchez y le acusa de fulminar ""la separación de poderes"": ""Es un cobarde""",[[IntroductionHighlight:El motivo]] La presidenta de la Comunidad de Madrid culpa al presidente del Gobierno de orquestar el caso por el que se investiga a su pareja para destruirla.,https://www.lasexta.com/noticias/nacional/ayuso-carga-sanchez-acusa-fulminar-separacion-poderes-cobarde_20241202674d8eae85d24c0001cd047b.html,lasextanoticias,2024-12-02T10:40:46+00:00
934,agencias,Detienen a un hombre en El Puerto de Santa María (Cádiz) por maltratar a su bebé de tres meses,"Varios vecinos alertaron sobre la existencia de un vídeo en el que el padre del bebé aparecía actuando de forma violenta. Según las descripciones, el hombre levantaba bruscamente al menor mientras dormía e introducía un cuchillo en su boca.",https://www.lasexta.com/noticias/sociedad/detienen-hombre-puerto-santa-maria-cadiz-maltratar-bebe-tres-meses_20241202674d88397337f20001b244d7.html,lasextanoticias,2024-12-02T10:15:14+00:00
935,lasexta-deportes,El momentazo de Fernando Alonso al llegar al 'motorhome' de Aston Martin: hasta Mike Krack se calló,"Mientras Mike Krack atendía a los medios, Alonso llegó al 'motorhome' de Aston Martin y recibió el aplauso de los empleados del equipo. ",https://www.lasexta.com/noticias/deportes/motor/formula1/momentazo-fernando-alonso-llegar-motorhome-aston-martin-mike-krack-callo_20241202674d880085d24c0001ccfd40.html,lasextanoticias,2024-12-02T10:12:16+00:00
936,"Andrés, Pantoja","El exsocialista Nicolás Redondo, crítico con el Congreso Federal del PSOE: ""Se inicia una batalla""","El exdiputado del Partido Socialista, Nicolás Redondo Terreros, expulsado de partido en septiembre de 2023 por ser una de las voces más críticas con el liderazgo de Pedro Sánchez, analiza todo lo ocurrido en el Congreso Federal del Partido Socialista, celebrado este fin de semana en Sevilla.",https://www.antena3.com/programas/espejo-publico/noticias/exsocialista-nicolas-redondo-critico-congreso-federal-psoe-inicia-batalla_20241202674d85a67337f20001b241dc.html,antena3,2024-12-02T10:02:14+00:00
937,lasextacom | agencias,"Yolanda Díaz celebra que Glovo contrate a sus repartidores: ""Ha ganado la democracia""","[[IntroductionHighlight:El contexto]] La plataforma de reparto incorporará por primera vez a los trabajadores en su plantilla en España, abandonando así su modelo de falsos autónomos por el que se regía hasta ahora.",https://www.lasexta.com/noticias/economia/yolanda-diaz-celebra-que-glovo-contrate-sus-repartidores-ganado-democracia_20241202674d7f3885d24c0001ccf3fc.html,lasextanoticias,2024-12-02T09:40:04+00:00
938,lasexta-deportes,"La reacción de Max Verstappen a la increíble maniobra de Fernando Alonso en el pit lane: ""Wow""",El ganador en Qatar alucinó al ver en imagen a Fernando Alonso adelantando a Kevin Magnussenn en el pit lane.,https://www.lasexta.com/noticias/deportes/motor/formula1/reaccion-max-verstappen-increible-maniobra-fernando-alonso-pit-lane-wow_20241202674d76607337f20001b23328.html,lasextanoticias,2024-12-02T08:57:04+00:00
939,agencias,"Mueren dos mujeres, madre e hija, en un incendio en un piso del centro de Jaén","El esposo y padre de las víctimas, que se encontraba en la vivienda, ha tenido que ser trasladado al hospital por quemaduras. También han sido evacuados al hospital por inhalación de humo otras cuatro personas.",https://www.lasexta.com/noticias/sociedad/mueren-dos-mujeres-madre-hija-incendio-piso-centro-jaen_20241202674d73f585d24c0001cce780.html,lasextanoticias,2024-12-02T08:51:41+00:00
940,reuters | lasextacom,Elton John confirma que ha perdido la vista por completo,"John explicó en la alfombra roja de la presentación de ""El diablo viste de Prada"" que le había costado verlo. ""No he podido ver la representación, pero la he disfrutado"", señaló.",https://www.lasexta.com/noticias/cultura/elton-john-confirma-que-perdido-vista-completo_20241202674d74c77337f20001b2318a.html,lasextanoticias,2024-12-02T08:50:15+00:00
941,efe,Los socialdemócratas ganan las elecciones legislativas en Rumanía y los ultranacionalistas doblan sus apoyos,[[IntroductionHighlight:El resultado]] El escrutinio de las legislativas celebradas este domingo ha superado el 96 por ciento. El gobernante Partido Socialdemócrata (PSD) se mantiene como primera fuerza en la Cámara de Diputados. ,https://www.lasexta.com/noticias/internacional/socialdemocratas-ganan-elecciones-legislativas-rumania-ultranacionalistas-doblan-sus-apoyos_20241202674d70fc1258380001f15c28.html,lasextanoticias,2024-12-02T08:34:04+00:00
942,lasexta-deportes,"El brutal cabreo de Fernando Alonso por la radio en Qatar: ""No me lo puedo creer""","El piloto de Aston Martin se enfadó con su equipo por la bajísima velocidad en recta: ""Dos años con los mismos problemas"".",https://www.lasexta.com/noticias/deportes/motor/formula1/brutal-cabreo-fernando-alonso-radio-qatar-puedo-creer_20241202674d70021258380001f15aee.html,lasextanoticias,2024-12-02T08:29:54+00:00
943,lasextacom,Glovo cambia de modelo y contratará por primera vez a sus repartidores en España,"[[IntroductionHighlight:El detonante]] La plataforma de España ha decidido cambiar de modelo tras las numerosas multas por tener a falsos autónomos. Pero, además, toma la decisión un día antes de que su CEO declare como investigado.",https://www.lasexta.com/noticias/economia/glovo-cambia-modelo-contratara-primera-vez-sus-repartidores-espana_20241202674d6ea17337f20001b22b80.html,lasextanoticias,2024-12-02T08:24:01+00:00
944,efe,"La ultraderecha francesa censurará al Gobierno de Barnier ""salvo milagro de último minuto""","[[IntroductionHighlight:¿Qué puede pasar?]] El Gobierno galo debe presentar hoy las cuentas de la Seguridad Social. Si lo hace sin voto parlamentario, la izquierda presentará una moción de censura. Con el voto de la ultraderecha, el Ejecutivo caerá.",https://www.lasexta.com/noticias/internacional/ultraderecha-francesa-censurara-gobierno-barnier-salvo-milagro-ultimo-minuto_20241202674d6e5a7337f20001b22b26.html,lasextanoticias,2024-12-02T08:22:50+00:00
945,lasexta-deportes,"Guerra total entre Russell y Verstappen: ""Esperaba un choque...""",El piloto británico reconoce que esperaba un accidente con Max en la primera curva del Gran Premio de Qatar.,https://www.lasexta.com/noticias/deportes/motor/formula1/guerra-total-russell-verstappen-esperaba-choque_20241202674d66f31258380001f1531e.html,lasextanoticias,2024-12-02T07:51:15+00:00
946,"Sohaib, Nadi",Una internacional ultra desembarca en el Senado para clamar contra el aborto,"[[IntroductionHighlight:¿Quiénes son?]] La organización que celebra su cumbre antiabortista en el Senado está liderada por el ultraderechista chileno Kast. Entre sus integrantes figura, por ejemplo, una diputada ugandesa que apoyó la pena de muerte para homosexuales. ",https://www.lasexta.com/noticias/nacional/internacional-ultra-desembarca-senado-clamar-aborto_20241202674d644d85d24c0001ccda4d.html,lasextanoticias,2024-12-02T07:39:57+00:00
947,lasexta-deportes,La astuta estrategia de Aston Martin que aprovechó Fernando Alonso en Qatar,El neumático duro sólo le duró una vuelta a Fernando para volver al medio y poder ser más competitivo en el tramo final de la carrera.,https://www.lasexta.com/noticias/deportes/motor/formula1/astuta-estrategia-aston-martin-que-aprovecho-fernando-alonso-qatar_20241202674d601d1258380001f14d5d.html,lasextanoticias,2024-12-02T07:22:05+00:00
948,efe,Biden incumple su promesa e indulta finalmente a su hijo Hunter a semanas de dejar la Casa Blanca,[[IntroductionHighlight:La contradicción]] El presidente de Estados Unidos había asegurado en varias ocasiones que no utilizaría el perdón presidencial para resolver los problemas legales de su hijo.,https://www.lasexta.com/noticias/internacional/biden-incumple-promesa-indulta-finalmente-hijo-hunter-semanas-dejar-casa-blanca_20241202674d58177337f20001b21ba2.html,lasextanoticias,2024-12-02T06:47:51+00:00
949,Desirée Castillo,Seyran traiciona a Ferit y Halis lo castiga con un bofetón que sacude la mansión,"En una comida familiar marcada por la tensión, Halis, fiel a su promesa de descubrir la verdad, ha puesto a Seyran en el centro de las miradas.",https://www.antena3.com/series/una-nueva-vida/seyran-traiciona-ferit-halis-castiga-bofeton-sacude-mansion_20241202674cf7ec1258380001f11860.html,antena3,2024-12-01T23:57:32+00:00
950,Azahar Flores | Desirée Castillo,Ferit pierde los papeles al hablar con el periodista y le da una brutal paliza,El joven no ha podido aguantar su ira y ha entrado en el juego del fotógrafo que publicó las fotos.,https://www.antena3.com/series/una-nueva-vida/ferit-pierde-papeles-hablar-periodista-brutal-paliza_20241201674ce30d85d24c0001cc9935.html,antena3,2024-12-01T22:28:29+00:00
951,Desirée Castillo,Kazim impone sus reglas: Suna se muda a la mansión bajo sus estrictas condiciones,"Suna comienza su nueva vida, bajo la supervisión de los Korhan y las duras amenazas de su padre.",https://www.antena3.com/series/una-nueva-vida/kazim-impone-sus-reglas-suna-muda-mansion-sus-estrictas-condiciones_20241201674cdda41258380001f10ba1.html,antena3,2024-12-01T22:05:24+00:00
952,lasexta-deportes,Así está el mundial de constructores: McLaren y Ferrari se lo jugarán todo en Abu Dhabi,"Con lo sucedido en el Gran Premio de Qatar, ambas escuderías se disputarán el título de constructores en el último Gran Premio de la temporada.",https://www.lasexta.com/noticias/deportes/motor/formula1/asi-esta-mundial-constructores-mclaren-ferrari-jugaran-todo-abu-dhabi_20241201674cdc9e85d24c0001cc94fb.html,lasextanoticias,2024-12-01T22:01:02+00:00
953,Desirée Castillo | Azahar Flores,Ferit miente a Halis en su cara: la conversación que desafía todos los límites,Halis pone a Ferit entre la espada y la pared y él le miente para salvarse.,https://www.antena3.com/series/una-nueva-vida/ferit-miente-halis-cara-conversacion-desafia-todos-limites_20241201674cd64d1258380001f1063b.html,antena3,2024-12-01T21:34:05+00:00
954,Desirée Castillo | Azahar Flores,"La pregunta de Seyran pone a Ferit contra las cuerdas ""¿De quién es la culpa de que tengas novia, aunque estés casado?""",Los jóvenes han tenido una intensa discusión tras la reacción de Kazim a la publicación de las fotos de Ferit en el periódico. ,https://www.antena3.com/series/una-nueva-vida/pregunta-seyran-pone-ferit-cuerdas-quien-culpa-que-tengas-novia-aunque-estes-casado_20241201674cd44385d24c0001cc8efc.html,antena3,2024-12-01T21:25:23+00:00
955,Azahar Flores | Desirée Castillo,Los Korhan engañan a Kazim para proteger a Ferit: “La foto es de antes de la boda”,"Ferit ha intentado salvarse de la bronca de Halis y Kazim asegurando que la foto publicada en el periódico es antigua. Para su sorpresa, su familia lo ha apoyado.",https://www.antena3.com/series/una-nueva-vida/korhan-enganan-kazim-proteger-ferit-foto-antes-boda_20241201674cd2a47337f20001b1dc20.html,antena3,2024-12-01T21:18:28+00:00
956,lasexta-deportes,"Red Bull patina y...¿anuncia el adiós de 'Checo' Pérez?: ""A nadie le gusta...""","Christian Horner, jefe de la escudería autríaca, ha dejado una declaraciones que sonaban a un posible despedido al mexicano. ",https://www.lasexta.com/noticias/deportes/motor/formula1/red-bull-patina-yanuncia-adios-checo-perez-nadie-gusta_20241201674cc8e685d24c0001cc85c7.html,lasextanoticias,2024-12-01T20:36:54+00:00
957,"Carla, García-Tizón",Así es el nuevo registro de viajeros para hoteles que entra en vigor con el sector en contra,"[[IntroductionHighlight:La letra pequeña]] El sector insiste que con esta norma no se respeta la intimidad y les añade un trámite, que podría conllevar cierres y encarecimientos de los viajes. ",https://www.lasexta.com/noticias/sociedad/asi-nuevo-registro-viajeros-hoteles-que-entra-vigor-sector_20241201674cc03c7337f20001b1cf7a.html,lasextanoticias,2024-12-01T19:59:56+00:00
958,lasexta-deportes,"Salvaje ataque de Verstappen a Russell: ""Le he perdido todo el respeto""",El neerlandés no perdona que Russell sugiriera por la radio que le sancionaran y carga contra el británico de manera muy duro ,https://www.lasexta.com/noticias/deportes/motor/formula1/salvaje-ataque-verstappen-russell-perdido-todo-respeto_20241201674cbe817337f20001b1ce2c.html,lasextanoticias,2024-12-01T19:52:33+00:00
959,"Alicia, Hegar",Georgia vive su cuarta noche de protestas para pedir al nuevo gobierno prorruso del país que no abandone la adhesión a la UE,"[[IntroductionHighlight:El contexto]] El nuevo Gobierno georgiano, próximo a Rusia, ha congelado hasta 2028 la adhesión a la Unión Europea que estaba llevando acabo la anterior Ejecutiva.",https://www.lasexta.com/noticias/internacional/georgia-vive-cuarta-noche-protestas-pedir-nuevo-gobierno-prorruso-pais-que-abandone-adhesion_20241201674cbe2385d24c0001cc7ce0.html,lasextanoticias,2024-12-01T19:50:59+00:00
960,lasextacom,"Unos hackers dicen haber robado datos de la Agencia Tributaria, que no ha detectado ""ningún indicio""","[[IntroductionHighlight:¿Por qué es importante?]] Unos hackers habrían robado 560 GB de datos de la Agencia Tributaria Española y amenazan con publicarlos el próximo 31 de diciembre, si no se paga el rescate que han pedido.",https://www.lasexta.com/noticias/nacional/hackers-dicen-haber-robado-datos-agencia-tributaria-que-detectado-ningun-indicio_20241201674cb9e61258380001f0efd1.html,lasextanoticias,2024-12-01T19:32:54+00:00
961,lasextacom,¿Cómo será la nueva empresa de vivienda pública? Preguntas y respuestas tras el anuncio de Sánchez,[[IntroductionHighlight:¿Cómo te afecta?]] El presidente del Gobierno asegura que la nueva empresa de vivienda pública servirá para construir y gestionar viviendas para el ciudadano por parte del Estado.,https://www.lasexta.com/noticias/nacional/como-sera-nueva-empresa-vivienda-publica-preguntas-respuestas-anuncio-sanchez_20241201674cb99d7337f20001b1ca38.html,lasextanoticias,2024-12-01T19:31:41+00:00
962,lasextacom | efe,Al menos dos muertos y siete heridos graves en un accidente de un autobús español en el Pirineo Francés,"El autocar había salido de L'Hospitalet de Llobregat (Barcelona) y ha sufrido el impacto en una carretera de montaña en el departamento de Pirineos Orientales, en el sur del Francia.",https://www.lasexta.com/noticias/sociedad/menos-dos-muertos-siete-heridos-graves-accidente-autobus-espanol-pirineo-frances_20241201674cb7c41258380001f0ee2b.html,lasextanoticias,2024-12-01T19:23:48+00:00
963,Eire García Arbaizar,"Gabriel de Mulder interpreta a Santiago Ojeda, el nuevo comercial de Perfumerías De la Reina",El hombre ha llegado poniendo patas arriba la tienda de la peor manera posible. ,https://www.antena3.com/series/suenos-de-libertad/gabriel-mulder-interpreta-santiago-ojeda-nuevo-comercial-perfumerias-reina_202412016749b1d585d24c0001ca6a4c.html,antena3,2024-12-01T19:00:13+00:00
964,lasextacom,"La lucha de las trabajadoras del hogar para que reconozcan sus enfermedades como laborales: ""Nuestros cuerpos están rotos""","María Luisa, Rafaela o Elena son solo algunas de estas mujeres que han contado su historia a laSexta. Lamentan que el cambio legislativo esté hecho, pero que no se aplique.",https://www.lasexta.com/noticias/nacional/lucha-trabajadoras-hogar-que-reconozcan-sus-enfermedades-como-laborales-nuestros-cuerpos-estan-rotos_20241201674ca9d47337f20001b1bfa8.html,lasextanoticias,2024-12-01T18:24:20+00:00
965,Alberto Mendo,"""Me he arrepentido"": La confesión de Malú al enfrentarse a la ruleta de preguntas incómodas",Malú y Luis Fonsi han revelado un miedo inconfesable y también si han mandado algún mensaje del que después se hayan arrepentido.,https://www.antena3.com/programas/la-voz/arrepentido-confesion-malu-enfrentarse-ruleta-preguntas-incomodas_20241201674ca73c1258380001f0e0d7.html,antena3,2024-12-01T18:13:16+00:00
966,lasexta-deportes,¡Nada puede con él! Enésima hazaña de Alonso para meterse en los puntos en medio del caos de Qatar,El asturiano ha completado otra proeza automovilística y ha metido al Aston Martin en los puntos en una carrera en la que ha pasado de todo. ,https://www.lasexta.com/noticias/deportes/motor/formula1/nada-puede-enesima-hazana-alonso-meterse-puntos-qatar_20241201674ca4eb7337f20001b1bb70.html,lasextanoticias,2024-12-01T18:03:23+00:00
967,lasextacom,Petacas de gasolina y dos focos: los indicios que apuntan a que el incendio en el Auditorio Rocío Jurado fue provocado,"[[IntroductionHighlight:Entre líneas]] Hace tan solo unos días el Ayuntamiento de Sevilla lograba, tras un largo proceso judicial, la posesión total del edificio después de que la empresa privada que lo regentaba entrase en quiebra. ",https://www.lasexta.com/noticias/sociedad/petacas-gasolina-dos-focos-indicios-que-apuntan-que-incendio-auditorio-rocio-jurado-fue-provocado_20241201674ca02085d24c0001cc64cf.html,lasextanoticias,2024-12-01T17:42:56+00:00
968,agencias,El secretario de Emergencias de la Comunitat Valenciana pone su cargo a disposición de Mazón,"Emilio Argüeso era el número dos de la cesada Salomé Pradas. Tras el nombramiento del nuevo conseller de Interior, su cargo ha estado en el punto de mira.",https://www.lasexta.com/noticias/nacional/secretario-emergencias-comunitat-valenciana-pone-cargo-disposicion-mazon_20241201674c9fb17337f20001b1b737.html,lasextanoticias,2024-12-01T17:41:05+00:00
969,Alberto Mendo,El cumpleaños que Jaime jamás olvidará: en pleno directo en La Voz,"Nada más terminar su actuación, Eva González le ha dado la enhorabuena ""por partida doble"": por lo bien que ha cantado y por la fecha. ¡Todo el plató le ha cantado el 'Cumpleaños feliz'!",https://www.antena3.com/programas/la-voz/cumpleanos-jaime-jamas-olvidara-pleno-directo_20241201674c9b627337f20001b1b426.html,antena3,2024-12-01T17:22:42+00:00
970,"Estrella, López","Sánchez defiende su Gobierno ""limpio"" ante los ""odiadores"" y el ""pesimismo de la derecha"" tras ser reelegido líder del PSOE","[[IntroductionHighlight:¿Por qué es importante?]] El cónclave socialista termina con un PSOE demostrando unidad ante la ""máquina del fango"" que acecha a su entorno profesional y familiar más cercano.",https://www.lasexta.com/noticias/nacional/sanchez-defiende-gobierno-limpio-odiadores-pesimismo-derecha-ser-reelegido-lider-psoe_20241201674c953a1258380001f0d103.html,lasextanoticias,2024-12-01T16:56:26+00:00
971,lasextacom,"Dani Martín vuelve a los escenarios más comprometido que nunca: ""Somos un pueblo que lo da todo por nuestra tierra""","[[IntroductionHighlight:¿Por qué es importante?]] El cantante madrileño regresa tras cuatro años alejado de la música y lo hace poniendo el foco en la salud mental, la desinformación y los problemas que rodean a la sociedad.",https://www.lasexta.com/noticias/cultura/dani-martin-vuelve-escenarios-mas-comprometido-que-nunca-somos-pueblo-que-todo-nuestra-tierra_20241201674c91ad85d24c0001cc59e9.html,lasextanoticias,2024-12-01T16:41:17+00:00
972,lasextacom,"De 300.000 euros por un cuadro de la familia real al autorretrato de Pilar del Castillo: los retratos de la autoridades, a debate",El contexto La fotógrafa Annie Leibovitz ha cobrado 137.000 euros por retratar a los reyes Felipe VI y Letizia. El Banco de España se ha hecho cargo del coste de estos cuadros.,https://www.lasexta.com/noticias/nacional/300000-euros-cuadro-familia-real-autorretrato-pilar-castillo-retratos-autoridades-debate_20241201674c84551258380001f0c3cc.html,lasextanoticias,2024-12-01T15:44:21+00:00
973,lasexta-deportes,"Jorge Martín sale en defensa de Aprilia tras el ataque de Ducati: ""Si tengo el número 1...""",El campeón del mundo protege a su escudería mientras sigue siendo una incógnita si el año que viene utilizará el dorsal '1'. ,https://www.lasexta.com/noticias/deportes/motor/jorge-martin-sale-defensa-aprilia-ataque-ducati-tengo-numero-1_20241201674c82f91258380001f0c27c.html,lasextanoticias,2024-12-01T15:38:33+00:00
974,victor-cea,"El ideario del PSOE, al detalle: del encaje de la financiación a las pensiones o el feminismo","[[IntroductionHighlight:¿La letra pequeña?]] Mientras que la multilateralidad en la financiación autonómico convence a los sectores más críticos, el asunto de la igualdad no ha contado con la unidad socialista al imponerse el feminismo clásico de Carmen Calvo.",https://www.lasexta.com/noticias/nacional/ideario-psoe-detalle-encaje-financiacion-pensiones-feminismo_20241201674c7ba47337f20001b19d10.html,lasextanoticias,2024-12-01T15:07:16+00:00
975,"Carla, García-Tizón",El hombre detenido en Pasaia por asesinar a tiros a su expareja ya tenía una denuncia por violencia machista,[[IntroductionHighlight:¿Qué implica?]] Con esta nueva víctima ya son 43 las mujeres asesinadas durante este 2024 por violencia machista. Desde 2003 se acumulan ya 1.287 casos.,https://www.lasexta.com/noticias/sociedad/hombre-detenido-pasaia-asesinar-tiros-expareja-tenia-denuncia-violencia-machista_20241201674c792c7337f20001b19b83.html,lasextanoticias,2024-12-01T14:56:44+00:00
976,lasexta-deportes,"F1 2024 hoy, en directo: Carrera del Gran Premio de Qatar de Fórmula 1",Sigue en directo en laSexta.com la carrera del Gran Premio de Qatar de Fórmula 1 en el Circuito de Losail.,https://www.lasexta.com/noticias/deportes/motor/formula1/2024-hoy-directo-carrera-gran-premio-qatar-formula-1_20241201674c72257337f20001b19683.html,lasextanoticias,2024-12-01T14:27:02+00:00
977,lasextacom,Más de 2.000 personas disputan la maratón de Valencia con un homenaje a los afectados de la DANA,"[[IntroductionHighlight:Homenaje a los afectados]] Pancartas, senyeras y dedicatorias han tomado protagonismo en la 42º edición de una maratón de Valencia que en esta ocasión ha estado eclipsada por los detalles con los afectados por la DANA.",https://www.lasexta.com/noticias/sociedad/mas-2000-personas-disputan-maraton-valencia-homenaje-afectados-dana_20241201674c6f537337f20001b19486.html,lasextanoticias,2024-12-01T14:14:43+00:00
978,lasexta-deportes,"F1 2024 hoy, en directo: Carrera del Gran Premio de Qatar de Fórmula 1",Sigue en directo en laSexta.com la carrera del Gran Premio de Qatar de Fórmula 1 en el Circuito de Losail.,https://www.lasexta.com/noticias/deportes/motor/formula1/2024-hoy-directo-carrera-gran-premio-qatar-formula-1_20241201674c6d3b1258380001f0b1c0.html,lasextanoticias,2024-12-01T14:06:01+00:00
979,lasextacom,¿Por qué los rebeldes avanzan tan deprisa? El papel clave de Rusia y Turquía en la compleja guerra en Siria,"[[IntroductionHighlight:Contexto]] Con las tropas terrestres del ejército sirio sin mostrar resistencia, los opositores de Al-Asad, apoyados por los turcos, mantienen Alepo sin demasiados problemas",https://www.lasexta.com/noticias/internacional/que-rebeldes-avanzan-tan-deprisa-papel-clave-rusia-turquia-compleja-guerra-siria_20241201674c6be285d24c0001cc3d97.html,lasextanoticias,2024-12-01T14:00:02+00:00
980,lasextacom,"Sánchez admite haberse planteado su cargo debido a los ataques que recibe su familia de los ""odiadores profesionales""","El presidente del Ejecutivo afronta este nuevo período con ""más ganas, ilusión y fuerzas que nunca"", aunque sí reconoce que se ha planteado qué hacer con su cargo debido a los múltiples ataques que recibe su familia de los ""odiadores profesionales"".",https://www.lasexta.com/noticias/nacional/sanchez-admite-haberse-planteado-cargo-debido-ataques-que-recibe-familia-odiadores-profesionales_20241201674c695985d24c0001cc3bb3.html,lasextanoticias,2024-12-01T13:49:13+00:00
981,lasextacom | europa-press,Prisión provisional al detenido por matar al hijo de su pareja y herir a su hermano en Linares,"[[IntroductionHighlight:¿Por qué esta decisión?]] El Tribunal Superior de Justicia de Andalucía le atribuye al acusado ""un presunto delito de asesinato, dos delitos de maltrato infantil, un delito de maltrato en el ámbito de la violencia de género, un delito de violencia habitual y delito de amenazas"".",https://www.lasexta.com/noticias/sociedad/prision-provisional-detenido-matar-hijo-pareja-herir-hermano-linares_20241201674c67b17337f20001b18f33.html,lasextanoticias,2024-12-01T13:42:09+00:00
982,lasextacom,"Pablo Bustinduy aboga por ""intervenir el mercado de la vivienda con los Presupuestos""",El ministro de Consumo apuesta también por poner a los pisos turísticos un IVA del 21 por ciento para equipararlos con los impuestos que pagan los hoteles.,https://www.lasexta.com/noticias/nacional/bablo-bustinduy-aboga-intervenir-mercado-vivienda-presupuestos_20241201674c62831258380001f0aa02.html,lasextanoticias,2024-12-01T13:20:03+00:00
983,lasextacom,Sánchez anuncia la creación de una empresa pública para la construcción de viviendas,"[[IntroductionHighlight:¿Cómo te afecta?]] El presidente del Gobierno ha confirmado que gracias a ello serán capaces de ""construir y de gestionar vivienda pública para el ciudadano"".",https://www.lasexta.com/noticias/nacional/sanchez-anuncia-creacion-empresa-publica-construccion-viviendas_20241201674c5ff01258380001f0a81b.html,lasextanoticias,2024-12-01T13:09:04+00:00
984,lasexta-deportes,"El mítico rival de Marc Márquez que avisa con Bagnaia: ""Le pondrá en aprietos...""",La futura lucha entre el de Cervera y el turinés está generando muchos pronósticos de expilotos que ya adelantan que será una lucha increíble. ,https://www.lasexta.com/noticias/deportes/motor/mitico-rival-marc-marquez-que-avisa-bagnaia-pondra-aprietos_20241201674c5f857337f20001b189ff.html,lasextanoticias,2024-12-01T13:07:17+00:00
985,esther-redondo,Sánchez mantiene a Cerdán y a Montero al frente de la Ejecutiva del PSOE y suma a la delegada del Gobierno en Valencia,"[[IntroductionHighlight:¿Por qué es importante?]] El secretario general del PSOE mantiene a su núcleo duro en la nueva Ejecutiva socialista, y reconoce la labor de Bernabé tras la DANA en Valencia.",https://www.lasexta.com/noticias/nacional/sanchez-mantiene-cerdan-montero-frente-ejecutiva-psoe-suma-delegada-gobierno-valenci_20241201674c552885d24c0001cc2dcf.html,lasextanoticias,2024-12-01T12:23:04+00:00
986,Sara Sanz,"Máxima crispación en la familia de Chiquito de la Calzada: su heredera Loli Arjona, el motivo de las tensiones","Loli Arjona, sobrina y heredera universal del cómico, ha abierto una herida en la familia. Tras pedir que se instale una nueva estatua de Chiquito en Málaga, familiares y amigos de este han cargado contra ella. ",https://www.antena3.com/programas/y-ahora-sonsoles/maxima-crispacion-familia-chiquito-calzada-heredera-loli-arjona-motivo-tensiones_20241201674c54b71258380001f0a005.html,antena3,2024-12-01T12:21:11+00:00
987,lasextacom,"Feijóo acusa al PSOE de rendir ""pleitesía al 1"": ""Aguanta Pedro, te echaremos democráticamente""",[[IntroductionHighlight:El contexto]] El líder del Partido Popular denuncia los casos de corrupción que rodean al PSOE mientras los socialistas reeligen a Sánchez como secretario general en Sevilla.,https://www.lasexta.com/noticias/nacional/feijoo-acusa-psoe-rendir-pleitesia-1-aguanta-pedro-echaremos-democraticamente_20241201674c54741258380001f09fb3.html,lasextanoticias,2024-12-01T12:20:04+00:00
988,lasexta-deportes,"El contundente mensaje de Fernando Alonso a...¿Lewis Hamilton?: ""Voy sobrado de confianza""",El asturiano analizó sus resultado en la clasificación y la 'sprint' y volvió a dejar claro que tiene fuelle de sobre para seguir en el automovilismo de élite. ,https://www.lasexta.com/noticias/deportes/motor/formula1/contundente-mensaje-fernando-alonso-alewis-hamilton-voy-sobrado-confianza_20241201674c50d47337f20001b18030.html,lasextanoticias,2024-12-01T12:04:36+00:00
989,Ana Bermejo Lillo,Avance semanal de Sueños de libertad: Begoña romperá con Andrés y le dejará destrozado,"Muy afectada por el rechazo de su hija, a Begoña no le quedará más remedio que romper su relación con Andrés. ",https://www.antena3.com/series/suenos-de-libertad/avances/semanal-begona-rompera-andres-dejara-destrozado_202412016749f47b7337f20001b027de.html,antena3,2024-12-01T12:00:19+00:00
990,lasextacom,Brutales cargas de la Policía con gases lacrimógenos y cañones de agua en la tercera noche de protestas en Georgia,"[[IntroductionHighlight:El detonante ]] La gente se ha echado a las calles tras la decisión del gobierno, prorruso, de abandonar hasta 2028 el plan de adhesión a la Unión Europea.",https://www.lasexta.com/noticias/internacional/brutales-cargas-policia-gases-lacrimogenos-canones-agua-tercera-noche-protestas-georgia_20241201674c4e9385d24c0001cc2923.html,lasextanoticias,2024-12-01T11:54:59+00:00
991,lasextacom,"Ayuso denuncia una ""operación de Estado"" contra ella por el fraude de su pareja: ""Querían mandar gotitas de cianuro""","A ojos de la presidenta madrileña ""todos los poderes del Estado""se han organizado para derribarla mediante la filtración de los correos en los que la defensa de su novio admitía que el empresario había defraudado a Hacienda. ",https://www.lasexta.com/noticias/nacional/ayuso-denuncia-operacion-estado-ella-fraude-pareja-querian-mandar-gotitas-cianuro_20241201674c48bb1258380001f0976a.html,lasextanoticias,2024-12-01T11:30:03+00:00
992,Roberto Fernández Ferreira,¿Por qué se come pavo el Día de Acción de Gracias? Tamara Falcó explica la tradición estadounidense,La colaboradora ha desvelado cómo es la mítica receta americana y ha contado por qué es tan tradicional ese plato.,https://www.antena3.com/programas/el-hormiguero/que-come-pavo-dia-accion-gracias-tamara-falco-explica-tradicion-estadounidense_20241201674c477b85d24c0001cc245f.html,antena3,2024-12-01T11:24:43+00:00
993,Alberto Mendo,Ataque de risa en pleno directo: Pablo López confiesa cómo fue su primer beso... ¡con Laura Pausini!,Pablo López y Antonio Orozco se han enfrentado a una ruleta llena de preguntas incómodas y han dejado respuestas sorprendentes.,https://www.antena3.com/programas/la-voz/ataque-risa-pleno-directo-pablo-lopez-confiesa-primer-beso-laura-pausini_20241201674c46077337f20001b17915.html,antena3,2024-12-01T11:18:31+00:00
994,lasexta-deportes,La polémica sanción que deja a Verstappen sin 'pole' en el Gran Premio de Catar,El neerlandés firmó el mejor tiempo de toda la clasificación pero un lance en la sesión con George Russell terminó con la FIA sancionando a Max con una posición en la parrilla de salida. ,https://www.lasexta.com/noticias/deportes/motor/formula1/sancion-que-deja-verstappen-pole-gran-premio-catar_20241201674c43a67337f20001b17785.html,lasextanoticias,2024-12-01T11:08:22+00:00
995,lasextacom | agencias,Al menos ocho muertos en Alepo por ataques rusos que no frenan a los rebeldes sirios,[[IntroductionHighlight:¿Por qué es importante?]] Las nuevas víctimas mortales se suman a las 350 registradas en los últimos cuatro días de ofensiva insurgente.,https://www.lasexta.com/noticias/internacional/menos-ocho-muertos-alepo-ataques-rusos-que-frenan-rebeldes-sirios_20241201674c324585d24c0001cc15c8.html,lasextanoticias,2024-12-01T09:54:13+00:00
